"Time (s) Brass","Position (m) Brass","Force (N) Brass","Speed (mm/min) Brass","Time (s) Black Coupon #1 {bad}","Position (m) Black Coupon #1 {bad}","Force (N) Black Coupon #1 {bad}","Speed (mm/min) Black Coupon #1 {bad}","Time (s) Clear Coupon","Position (m) Clear Coupon","Force (N) Clear Coupon","Speed (mm/min) Clear Coupon","Time (s) Blue Coupon","Position (m) Blue Coupon","Force (N) Blue Coupon","Speed (mm/min) Blue Coupon","Time (s) Orange Coupon","Position (m) Orange Coupon","Force (N) Orange Coupon","Speed (mm/min) Orange Coupon","Time (s) Short I-beam #1","Position (m) Short I-beam #1","Force (N) Short I-beam #1","Speed (mm/min) Short I-beam #1","Time (s) Short I-beam #2","Position (m) Short I-beam #2","Force (N) Short I-beam #2","Speed (mm/min) Short I-beam #2","Time (s) Long I-beam #1","Position (m) Long I-beam #1","Force (N) Long I-beam #1","Speed (mm/min) Long I-beam #1","Time (s) Long I-beam #2","Position (m) Long I-beam #2","Force (N) Long I-beam #2","Speed (mm/min) Long I-beam #2","Time (s) Polyethylene #1","Position (m) Polyethylene #1","Force (N) Polyethylene #1","Speed (mm/min) Polyethylene #1","Time (s) Polyethylene #2","Position (m) Polyethylene #2","Force (N) Polyethylene #2","Speed (mm/min) Polyethylene #2","Time (s) Polyethylene #3","Position (m) Polyethylene #3","Force (N) Polyethylene #3","Speed (mm/min) Polyethylene #3","Time (s) Black coupon #2","Position (m) Black coupon #2","Force (N) Black coupon #2","Speed (mm/min) Black coupon #2"
0.000,1.22785E-5,0,,0.000,6.13483E-6,0,,0.000,-6.12596E-6,0,,0.000,-6.12596E-6,0,,0.000,-1.83513E-5,1,,0.000,1.84311E-5,-1,,0.000,-6.12596E-6,0,,0.000,-3.66230E-5,1,,0.000,-3.66230E-5,1,,0.000,6.13483E-6,0,,0.000,5.93438E-5,-2,,0.000,2.45926E-5,-1,,,,,
0.200,6.13483E-6,0,-1.84,0.200,2.45926E-5,-1,1.84,0.200,6.13483E-6,0,-0.92,0.200,1.22785E-5,0,0.00,0.200,0.00000,0,0.00,0.200,3.07630E-5,-1,-0.92,0.200,0.00000,0,0.92,0.200,-6.12596E-6,0,10.11,0.200,-4.87599E-5,2,-2.73,0.200,1.22785E-5,0,0.92,0.200,-2.06021E-4,11,-109.05,0.200,3.07630E-5,-1,5.57,,,,
0.400,0.00000,0,0.62,0.400,1.84311E-5,-1,0.42,0.400,-1.22431E-5,0,-1.22,0.400,-6.12596E-6,0,-0.61,0.400,-1.83513E-5,1,-1.22,0.400,1.22785E-5,0,-0.92,0.400,0.00000,0,0.31,0.400,3.07630E-5,-1,1.28,0.400,-5.48152E-5,2,0.91,0.400,1.22785E-5,0,2.47,0.400,-6.67677E-4,35,-104.61,0.400,6.17489E-5,-2,0.03,,,,
0.600,6.13483E-6,0,1.84,0.600,3.69423E-5,-1,-17.27,0.600,-1.83513E-5,1,-1.22,0.600,0.00000,0,-0.92,0.600,-3.66230E-5,1,-0.61,0.600,2.45926E-5,-1,-1.23,0.600,-6.12596E-6,0,0.31,0.600,0.00000,0,-18.72,0.600,-3.05412E-5,1,1.82,0.600,1.22785E-5,0,2.78,0.600,-9.75050E-4,56,-89.47,0.600,1.84311E-5,-1,1.66,,,,
0.800,2.45926E-5,-1,0.65,0.800,2.12904E-6,0,-49.01,0.800,-6.12596E-6,0,0.31,0.800,-6.12596E-6,0,-0.61,0.800,-6.12596E-6,0,0.91,0.800,6.13483E-6,0,-0.92,0.800,6.13483E-6,0,-0.31,0.800,-1.70813E-5,1,-60.04,0.800,-3.66230E-5,1,0.30,0.800,5.55338E-5,-2,0.62,0.800,-0.00126,80,-64.06,0.800,3.75773E-5,-1,5.29,,,,
1.000,1.84311E-5,-1,-0.79,1.000,-3.04545E-4,16,-70.04,1.000,-2.44507E-5,1,1.22,1.000,-6.12596E-6,0,-0.61,1.000,-2.44507E-5,1,0.00,1.000,1.22785E-5,0,-1.54,1.000,0.00000,0,-1.22,1.000,-3.32625E-4,15,-100.85,1.000,-3.05412E-5,1,-1.21,1.000,2.45926E-5,-1,-1.24,1.000,-0.00140,97,-41.37,1.000,8.81758E-5,-3,16.90,,,,
1.200,6.35000E-7,0,-8.33,1.200,-6.20286E-4,33,-41.02,1.200,0.00000,0,1.22,1.200,-1.22431E-5,0,0.31,1.200,-1.22431E-5,0,-1.83,1.200,6.13483E-6,0,-1.53,1.200,-1.22431E-5,0,-0.61,1.200,-8.37500E-4,42,-111.12,1.200,-4.87599E-5,2,-0.91,1.200,1.22785E-5,0,-1.38,1.200,-0.00152,119,-20.47,1.200,9.77288E-5,1,32.24,,,,
1.400,1.43898E-5,0,-85.02,1.400,-7.41356E-4,42,8.57,1.400,0.00000,0,0.00,1.400,-6.12596E-6,0,1.23,1.400,-3.05412E-5,1,-2.13,1.400,-6.12596E-6,0,-1.23,1.400,-1.22431E-5,0,0.31,1.400,-0.00120,64,-85.06,1.400,-4.26959E-5,2,-1.51,1.400,3.07630E-5,-1,3.21,1.400,-0.00154,134,-3.71,1.400,2.96330E-4,0,48.79,,,,
1.600,-1.38047E-4,7,-185.53,1.600,-3.81503E-4,27,32.93,1.600,-6.12596E-6,0,-1.53,1.600,0.00000,0,0.92,1.600,-3.66230E-5,1,-1.83,1.600,-6.12596E-6,0,-0.61,1.600,6.13483E-6,0,0.92,1.600,-0.00138,77,-51.61,1.600,-4.26959E-5,2,-0.60,1.600,2.18035E-5,0,10.44,1.600,-0.00153,149,10.93,1.600,4.74167E-4,0,60.04,,,,
1.800,-0.00154,80,-233.00,1.800,-3.71846E-4,29,25.22,1.800,-1.83513E-5,1,-0.92,1.800,6.13483E-6,0,-0.61,1.800,-4.26959E-5,2,-0.30,1.800,0.00000,0,0.31,1.800,-1.22431E-5,0,0.92,1.800,-0.00150,87,-34.85,1.800,-6.68994E-5,3,0.61,1.800,7.92026E-5,-1,17.93,1.800,-0.00147,160,21.70,1.800,6.87527E-4,0,60.34,,,,
2.000,-0.00215,130,-186.91,2.000,-3.31158E-4,29,9.89,2.000,-1.22431E-5,0,0.31,2.000,-6.12596E-6,0,-0.94,2.000,-3.66230E-5,1,0.61,2.000,-1.22431E-5,0,0.92,2.000,6.13483E-6,0,0.31,2.000,-0.00157,95,-31.00,2.000,-3.66230E-5,1,1.51,2.000,1.72671E-4,-2,23.61,2.000,-0.00138,171,31.75,2.000,9.07415E-4,0,59.98,,,,
2.200,-0.00263,195,-99.60,2.200,-2.87223E-4,28,10.50,2.200,-1.22431E-5,0,1.53,2.200,-1.22431E-5,0,-0.31,2.200,-3.66230E-5,1,1.22,2.200,6.13483E-6,0,-4.96,2.200,6.13483E-6,0,-0.31,2.200,-0.00170,108,-31.99,2.200,-3.66230E-5,1,2.12,2.200,2.38408E-4,-1,27.88,2.200,-0.00126,183,40.09,2.200,0.00107,0,69.14,,,,
2.400,-0.00279,233,-50.17,2.400,-2.68381E-4,29,9.36,2.400,-6.12596E-6,0,1.53,2.400,-4.10957E-7,0,-0.39,2.400,-3.05412E-5,1,1.52,2.400,6.13483E-6,0,-41.67,2.400,-6.12596E-6,0,-1.84,2.400,-0.00179,119,-30.75,2.400,-4.26959E-5,2,0.61,2.400,3.34757E-4,-1,31.04,2.400,-0.00111,192,47.94,2.400,0.00129,0,88.12,,,,
2.600,-0.00290,304,-13.94,2.600,-2.24526E-4,29,7.52,2.600,6.13483E-6,0,1.84,2.600,-5.86586E-6,2,-1.09,2.600,-2.44507E-5,1,1.83,2.600,-1.17496E-4,5,-87.80,2.600,-6.12596E-6,0,-0.92,2.600,-0.00191,136,-25.14,2.600,-1.83513E-5,1,-0.88,2.600,4.74778E-4,-2,33.48,2.600,-9.41010E-4,196,54.28,2.600,0.00169,-1,104.68,,,,
2.800,-0.00289,350,7.73,2.800,-2.06698E-4,29,4.57,2.800,0.00000,0,0.92,2.800,-2.02217E-5,2,-2.31,2.800,-1.83513E-5,1,1.76,2.800,-7.21939E-4,34,-121.15,2.800,-1.83513E-5,1,0.92,2.800,-0.00197,145,-15.51,2.800,-4.26959E-5,2,-7.69,2.800,5.57178E-4,-1,34.31,2.800,-7.38676E-4,203,57.93,2.800,0.00205,-1,110.31,,,,
3.000,-0.00281,412,23.93,3.000,-1.98604E-4,30,1.49,3.000,1.84311E-5,-1,0.00,3.000,-1.41752E-5,2,-1.02,3.000,-1.22431E-5,0,0.47,3.000,-0.00102,53,-134.57,3.000,0.00000,0,1.22,3.000,-0.00202,157,-6.26,3.000,-5.41802E-5,2,-26.65,3.000,6.85598E-4,-2,34.36,3.000,-5.38947E-4,203,57.74,3.000,0.00240,-2,107.34,,,,
3.200,-0.00272,463,31.55,3.200,-2.02945E-4,32,0.21,3.200,0.00000,0,-0.92,3.200,-3.83085E-5,3,1.21,3.200,-7.55629E-6,1,-0.61,3.200,-0.00151,90,-121.66,3.200,6.13483E-6,0,-8.86E-4,3.200,-0.00199,157,-2.32,3.200,-1.60749E-4,7,-48.85,3.200,8.10211E-4,-2,35.15,3.200,-3.48690E-4,206,56.89,3.200,0.00278,-2,105.77,,,,
3.400,-0.00259,541,31.15,3.400,-1.98545E-4,33,0.18,3.400,6.13483E-6,0,-1.84,3.400,-8.11995E-6,2,1.81,3.400,-2.58363E-5,4,0.70,3.400,-0.00202,145,-91.26,3.400,-6.12596E-6,0,-0.92,3.400,-0.00202,164,-1.32,3.400,-4.33259E-4,19,-62.57,3.400,9.08968E-4,-1,35.40,3.400,-1.76242E-4,204,56.35,3.400,0.00310,-2,102.62,,,,
3.600,-0.00248,619,21.48,3.600,-2.02539E-4,35,0.01,3.600,-6.12596E-6,0,-1.23,3.600,-2.05586E-6,2,0.90,3.600,-1.69584E-5,6,5.10,3.600,-0.00216,174,-45.47,3.600,-1.22431E-5,0,-0.31,3.600,-0.00202,168,-1.07,3.600,-6.40573E-4,30,-63.64,3.600,0.00104,-2,36.53,3.600,3.64123E-5,208,56.01,3.600,0.00347,-2,99.26,,,,
3.800,-0.00243,713,3.96,3.800,-1.95461E-4,36,-1.46,3.800,-1.22431E-5,0,1.27E-16,3.800,-1.41752E-5,2,-1.21,3.800,1.11784E-5,7,12.06,3.800,-0.00220,189,-16.07,3.800,0.00000,0,-0.61,3.800,-0.00202,168,0.83,3.800,-8.25672E-4,41,-62.03,3.800,0.00117,-2,37.16,3.800,2.02976E-4,204,56.20,3.800,0.00377,-1,100.92,,,,
4.000,-0.00245,797,-12.93,4.000,-2.05804E-4,39,-3.05,4.000,-6.12596E-6,0,1.23,4.000,-1.41752E-5,2,-0.61,4.000,5.74057E-5,9,20.61,4.000,-0.00224,209,-7.88,4.000,-6.12596E-6,0,-1.53,4.000,-0.00201,167,1.16,4.000,-0.00104,54,-62.31,4.000,0.00128,-1,37.52,4.000,3.92333E-4,204,57.57,4.000,0.00410,-2,104.39,,,,
4.200,-0.00254,896,-24.08,4.200,-2.24560E-4,41,-6.50,4.200,6.13483E-6,0,0.61,4.200,-2.02217E-5,2,1.21,4.200,1.40960E-4,9,24.27,4.200,-0.00226,227,-3.60,4.200,-2.44507E-5,1,-0.61,4.200,-0.00201,167,-0.60,4.200,-0.00127,70,-56.24,4.200,0.00141,-1,41.03,4.200,5.91872E-4,203,61.14,4.200,0.00449,-1,110.94,,,,
4.400,-0.00263,975,-25.76,4.400,-2.34379E-4,44,-9.54,4.400,0.00000,0,0.31,4.400,-8.11995E-6,2,1.21,4.400,2.65393E-4,8,14.22,4.400,-0.00226,242,0.15,4.400,-1.83513E-5,1,0.61,4.400,-0.00201,167,-3.65,4.400,-0.00144,82,-41.76,4.400,0.00155,-1,44.08,4.400,7.98929E-4,206,62.35,4.400,0.00484,-1,113.71,,,,
4.600,-0.00273,1074,-18.39,4.600,-2.96806E-4,48,-10.82,4.600,-6.12596E-6,0,1.23,4.600,4.01704E-6,1,-0.60,4.600,2.88615E-4,11,-5.50,4.600,-0.00225,258,2.66,4.600,0.00000,0,1.22,4.600,-0.00203,174,-5.07,4.600,-0.00155,92,-28.95,4.600,0.00172,-2,44.67,4.600,0.00102,203,63.58,4.600,0.00525,-1,32.08,,,,
4.800,-0.00277,1164,-5.82,4.800,-3.24367E-4,51,-11.13,4.800,1.22785E-5,0,1.22,4.800,-1.41752E-5,2,-2.42,4.800,1.94220E-4,19,-20.55,4.800,-0.00224,272,4.78,4.800,-1.83513E-5,1,0.31,4.800,-0.00206,182,-3.41,4.800,-0.00160,99,-24.24,4.800,0.00185,-2,42.73,4.800,0.00121,201,66.92,4.800,0.00561,-1,-93.92,,,,
5.000,-0.00276,1231,10.98,5.000,-3.50957E-4,54,-11.72,5.000,1.84311E-5,-1,-3.18,5.000,-2.62594E-5,3,-1.82,5.000,1.02104E-4,28,-27.95,5.000,-0.00222,284,6.56,5.000,0.00000,0,-1.22,5.000,-0.00206,185,-0.99,5.000,-0.00169,109,-26.68,5.000,0.00200,-2,41.44,5.000,0.00145,201,70.15,5.000,0.00436,81,-154.89,,,,
5.200,-0.00271,1297,24.66,5.200,-4.02733E-4,59,-12.59,5.200,-1.78051E-7,0,-10.49,5.200,-2.62594E-5,3,-0.90,5.200,4.09751E-5,37,-32.39,5.200,-0.00219,304,8.60,5.200,-1.22431E-5,0,-0.61,5.200,-0.00205,188,-0.48,5.200,-0.00178,120,-29.40,5.200,0.00213,-1,44.78,5.200,0.00171,201,70.16,5.200,0.00386,155,-96.17,,,,
5.400,-0.00257,1409,27.94,5.400,-4.52843E-4,64,-12.60,5.400,-5.73075E-5,4,-12.95,5.400,-2.02217E-5,2,-0.30,5.400,-1.17185E-4,52,-32.96,5.400,-0.00217,312,10.89,5.400,-3.05412E-5,1,-0.31,5.400,-0.00206,194,-0.84,5.400,-0.00190,137,-23.64,5.400,0.00227,-2,49.90,5.400,0.00193,197,66.73,5.400,0.00391,195,16.44,,,,
5.600,-0.00247,1488,16.12,5.600,-4.74267E-4,67,-12.99,5.600,-1.21848E-4,7,-8.77,5.600,-3.83085E-5,3,0.60,5.600,-2.34368E-4,66,-23.24,5.600,-0.00212,331,13.52,5.600,0.00000,0,0.30,5.600,-0.00207,200,-0.34,5.600,-0.00198,151,-12.66,5.600,0.00247,-2,53.05,5.600,0.00214,195,65.86,5.600,0.00413,224,70.26,,,,
5.800,-0.00244,1552,-13.27,5.800,-5.31358E-4,73,-13.27,5.800,-1.18997E-4,7,-4.13,5.800,-2.02217E-5,2,1.81,5.800,-2.81787E-4,76,2.51,5.800,-0.00208,347,16.22,5.800,-1.83513E-5,1,-0.31,5.800,-0.00206,207,0.89,5.800,-0.00197,153,-2.66,5.800,0.00265,-2,52.44,5.800,0.00235,193,65.89,5.800,0.00441,240,90.47,,,,
6.000,-0.00252,1617,-46.44,6.000,-5.84014E-4,79,-11.45,6.000,-1.13917E-4,7,-3.62,6.000,-1.41752E-5,2,2.42,6.000,-2.59128E-4,81,28.69,6.000,-0.00202,365,19.15,6.000,-1.83513E-5,1,-1.22,6.000,-0.00206,215,1.76,6.000,-0.00197,158,0.41,6.000,0.00281,-1,52.60,6.000,0.00260,194,63.31,6.000,0.00476,255,97.76,,,,
6.200,-0.00279,1687,-101.86,6.200,-6.08489E-4,83,-8.12,6.200,-1.47885E-4,9,-6.57,6.200,-8.11995E-6,2,0.61,6.200,-4.21999E-5,75,43.13,6.200,-0.00195,387,23.72,6.200,-1.83513E-5,1,-0.61,6.200,-0.00205,221,2.45,6.200,-0.00197,164,-1.29,6.200,0.00299,-1,56.19,6.200,0.00279,188,60.24,6.200,0.00509,257,100.06,,,,
6.400,-0.00305,1725,-146.26,6.400,-6.26205E-4,86,-5.99,6.400,-1.65381E-4,11,-5.29,6.400,-2.05586E-6,2,0.61,6.400,9.98750E-5,74,39.71,6.400,-0.00186,411,27.11,6.400,-2.44507E-5,1,-0.91,6.400,-0.00204,225,3.37,6.400,-0.00197,170,-2.33,6.400,0.00319,-1,61.09,6.400,0.00297,186,59.22,6.400,0.00541,259,100.42,,,,
6.600,-0.00394,1801,-185.51,6.600,-6.51649E-4,91,-4.94,6.600,-1.98990E-4,13,-1.13,6.600,-2.02217E-5,2,1.21,6.600,2.21909E-4,74,26.65,6.600,-0.00175,441,28.64,6.600,-2.44507E-5,1,-0.91,6.600,-0.00203,235,4.54,6.600,-0.00199,179,-1.99,6.600,0.00339,-1,63.99,6.600,0.00318,184,62.43,6.600,0.00576,260,105.17,,,,
6.800,-0.00429,1822,-210.09,6.800,-6.60653E-4,93,-4.04,6.800,-1.68601E-4,12,1.12,6.800,1.00988E-5,1,0.91,6.800,2.70981E-4,78,16.45,6.800,-0.00167,464,27.74,6.800,-3.05412E-5,1,-0.30,6.800,-0.00201,248,7.00,6.800,-0.00199,186,-0.85,6.800,0.00362,-2,64.82,6.800,0.00338,182,66.76,6.800,0.00610,259,111.03,,,,
7.000,-0.00527,1869,-214.33,7.000,-6.72785E-4,97,-3.45,7.000,-1.67279E-4,13,0.67,7.000,4.01704E-6,1,-0.31,7.000,3.19606E-4,83,9.27,7.000,-0.00157,491,26.04,7.000,-3.05412E-5,1,0.61,7.000,-0.00199,261,10.61,7.000,-0.00199,192,-0.27,7.000,0.00384,-1,65.27,7.000,0.00362,181,71.68,7.000,0.00650,259,116.90,,,,
7.200,-0.00593,1894,-228.62,7.200,-6.85824E-4,100,-2.47,7.200,-1.74692E-4,13,-1.99,7.200,-8.11995E-6,2,-1.52,7.200,3.31201E-4,90,6.89,7.200,-0.00149,512,25.31,7.200,-2.44507E-5,1,0.61,7.200,-0.00194,282,13.44,7.200,-0.00199,203,-0.26,7.200,0.00405,-1,66.75,7.200,0.00387,176,76.57,7.200,0.00689,253,122.42,,,,
7.400,-0.00659,1916,-226.00,7.400,-6.95471E-4,103,-1.06,7.400,-1.79528E-4,14,-4.31,7.400,-8.11995E-6,2,-3.02,7.400,3.46996E-4,92,7.22,7.400,-0.00141,534,24.60,7.400,-1.83513E-5,1,-0.30,7.400,-0.00189,306,15.96,7.400,-0.00200,215,-0.37,7.400,0.00427,-2,68.04,7.400,0.00413,171,80.22,7.400,0.00731,253,126.52,,,,
7.600,-0.00754,1944,-195.52,7.600,-6.87284E-4,104,-0.28,7.600,-1.96100E-4,15,-6.29,7.600,-8.11995E-6,2,-4.22,7.600,3.81382E-4,93,10.85,7.600,-0.00132,560,23.94,7.600,-3.05412E-5,1,-0.91,7.600,-0.00184,322,19.75,7.600,-0.00199,219,0.20,7.600,0.00452,-2,70.43,7.600,0.00440,166,82.24,7.600,0.00774,238,128.69,,,,
7.800,-0.00818,1961,-106.11,7.800,-6.92452E-4,106,-1.34,7.800,-2.32007E-4,18,-6.89,7.800,-5.63163E-5,4,-3.32,7.800,4.13738E-4,101,18.21,7.800,-0.00125,583,23.03,7.800,-3.05412E-5,1,-0.91,7.800,-0.00177,344,25.41,7.800,-0.00200,232,1.20,7.800,0.00473,-1,71.60,7.800,0.00469,161,81.82,7.800,0.00818,227,125.36,,,,
8.000,-0.00825,1963,-26.35,8.000,-6.94401E-4,108,-1.77,8.000,-2.47996E-4,19,-6.49,8.000,-4.43198E-5,3,0.90,8.000,4.81503E-4,105,28.27,8.000,-0.00118,605,22.69,8.000,-3.05412E-5,1,-0.91,8.000,-0.00167,371,30.07,8.000,-0.00198,242,2.33,8.000,0.00500,-2,72.25,8.000,0.00496,158,81.86,8.000,0.00859,210,122.75,,,,
8.200,-0.00800,1957,-34.37,8.200,-7.15212E-4,112,-1.32,8.200,-2.65376E-4,20,-5.88,8.200,-3.83085E-5,3,3.31,8.200,6.11141E-4,104,37.53,8.200,-0.00110,630,23.12,8.200,-3.66230E-5,1,-0.61,8.200,-0.00156,399,30.50,8.200,-0.00198,254,3.42,8.200,0.00522,-2,72.46,8.200,0.00522,152,84.15,8.200,0.00897,204,123.84,,,,
8.400,-0.00825,1963,-112.26,8.400,-6.99875E-4,113,-1.06,8.400,-2.92551E-4,22,-5.26,8.400,-8.11995E-6,2,0.90,8.400,7.49426E-4,103,41.96,8.400,-0.00102,659,20.70,8.400,-4.26959E-5,2,-1.02E-15,8.400,-0.00146,422,28.01,8.400,-0.00196,262,4.15,8.400,0.00547,-1,71.72,8.400,0.00551,151,87.44,8.400,0.00941,197,129.57,,,,
8.600,-0.00887,1978,-129.39,8.600,-7.13426E-4,117,-0.52,8.600,-3.04991E-4,23,-4.70,8.600,-2.62594E-5,3,-1.51,8.600,8.96431E-4,101,41.57,8.600,-9.42970E-4,693,15.39,8.600,-3.05412E-5,1,0.61,8.600,-0.00137,440,25.31,8.600,-0.00195,273,5.06,8.600,0.00571,-1,73.30,8.600,0.00581,145,88.35,8.600,0.00984,189,132.74,,,,
8.800,-0.00963,1994,-59.38,8.800,-7.17292E-4,122,-0.11,8.800,-3.13491E-4,24,-5.21,8.800,-3.83085E-5,3,-0.60,8.800,0.00104,101,38.71,8.800,-9.19194E-4,703,12.03,8.800,-3.66230E-5,1,0.30,8.800,-0.00129,456,22.45,8.800,-0.00193,282,5.89,8.800,0.00595,-1,74.33,8.800,0.00611,139,88.54,8.800,0.01031,180,132.27,,,,
9.000,-0.00921,1985,-8.27,9.000,-7.08163E-4,123,1.44,9.000,-3.38360E-4,26,-5.77,9.000,-3.83085E-5,3,0.91,9.000,0.00116,98,35.06,9.000,-8.91347E-4,711,12.63,9.000,-3.05412E-5,1,0.30,9.000,-0.00121,473,19.56,9.000,-0.00191,289,7.55,9.000,0.00621,-2,76.67,9.000,0.00639,137,89.70,9.000,0.01072,171,129.49,,,,
9.200,-0.00910,1983,-46.98,9.200,-7.07375E-4,127,3.07,9.200,-3.63351E-4,28,-5.48,9.200,-8.11995E-6,2,0.00,9.200,0.00126,98,34.70,9.200,-8.31163E-4,741,14.10,9.200,-3.66230E-5,1,0.61,9.200,-0.00116,482,18.33,9.200,-0.00189,298,9.53,9.200,0.00646,-1,78.61,9.200,0.00671,131,90.05,9.200,0.01117,166,123.67,,,,
9.400,-0.00956,1993,-127.30,9.400,-6.94568E-4,130,4.56,9.400,-3.70528E-4,29,-6.13,9.400,-3.83085E-5,3,-1.51,9.400,0.00137,100,36.60,9.400,-7.78315E-4,743,12.52,9.400,-2.44507E-5,1,-1.02E-15,9.400,-0.00111,493,17.10,9.400,-0.00184,311,10.88,9.400,0.00673,-1,77.52,9.400,0.00701,127,88.92,9.400,0.01157,158,119.64,,,,
9.600,-0.01021,2006,-130.90,9.600,-6.69481E-4,130,5.69,9.600,-3.91012E-4,31,-6.94,9.600,-3.83085E-5,3,-2.11,9.600,0.00152,99,38.83,9.600,-7.50281E-4,756,10.02,9.600,-3.05412E-5,1,-0.61,9.600,-0.00103,508,16.81,9.600,-0.00181,323,11.78,9.600,0.00699,-2,73.76,9.600,0.00729,121,87.50,9.600,0.01194,160,118.55,,,,
9.800,-0.01064,2015,-84.56,9.800,-6.54910E-4,132,6.17,9.800,-4.33387E-4,34,-6.02,9.800,-3.83085E-5,3,-1.20,9.800,0.00164,100,38.52,9.800,-7.21887E-4,770,9.18,9.800,-3.66230E-5,1,-1.52,9.800,-0.00100,513,17.02,9.800,-0.00177,332,14.57,9.800,0.00722,-2,69.85,9.800,0.00759,119,87.02,9.800,0.01235,156,121.83,,,,
10.000,-0.01064,2015,-52.40,10.000,-6.33276E-4,133,6.75,10.000,-4.39364E-4,34,-3.21,10.000,-5.03225E-5,4,0.00,10.000,0.00177,97,35.57,10.000,-6.87282E-4,789,9.09,10.000,-3.66230E-5,1,-0.91,10.000,-9.32066E-4,527,18.55,10.000,-0.00172,345,19.92,10.000,0.00744,-2,66.72,10.000,0.00788,115,85.87,10.000,0.01276,157,123.96,,,,
10.200,-0.01083,2018,-68.62,10.200,-6.07315E-4,134,7.75,10.200,-4.42569E-4,35,-0.71,10.200,-5.03225E-5,4,2.11,10.200,0.00188,97,32.47,10.200,-6.57670E-4,811,8.42,10.200,-4.87599E-5,2,-0.30,10.200,-8.68395E-4,541,20.80,10.200,-0.00164,366,24.82,10.200,0.00768,-2,0.56,10.200,0.00816,113,84.59,10.200,0.01318,153,123.06,,,,
10.400,-0.01107,2023,-124.82,10.400,-5.82151E-4,135,7.89,10.400,-4.46085E-4,37,0.81,10.400,-2.62594E-5,3,3.31,10.400,0.00198,97,28.99,10.400,-6.32638E-4,828,7.34,10.400,-3.66230E-5,1,-0.30,10.400,-7.97784E-4,555,21.36,10.400,-0.00154,386,27.32,10.400,0.00787,1,-101.75,10.400,0.00843,114,82.03,10.400,0.01358,153,121.11,,,,
10.600,-0.01158,2032,-136.53,10.600,-5.51036E-4,135,7.79,10.600,-4.40796E-4,37,1.80,10.600,-2.02217E-5,2,3.02,10.600,0.00208,96,27.79,10.600,-6.08057E-4,846,6.69,10.600,-4.26959E-5,2,-0.30,10.600,-7.23169E-4,572,22.61,10.600,-0.00145,405,27.67,10.600,0.00681,64,-154.08,10.600,0.00872,107,78.25,10.600,0.01399,150,119.87,,,,
10.800,-0.01238,2046,-99.34,10.800,-5.31819E-4,138,8.05,10.800,-4.24921E-4,37,1.66,10.800,-1.41752E-5,2,1.51,10.800,0.00216,97,29.04,10.800,-5.90105E-4,861,6.41,10.800,-4.87599E-5,2,-0.91,10.800,-6.50176E-4,588,22.83,10.800,-0.00136,425,23.60,10.800,0.00628,116,-115.98,10.800,0.00896,106,75.06,10.800,0.01438,149,120.20,,,,
11.000,-0.01225,2043,-99.36,11.000,-5.01851E-4,140,9.16,11.000,-4.27819E-4,38,0.46,11.000,-2.05586E-6,2,1.21,11.000,0.00226,98,32.63,11.000,-5.66338E-4,879,6.28,11.000,-4.26959E-5,2,-0.91,11.000,-5.63848E-4,608,21.58,11.000,-0.00127,443,17.23,11.000,0.00619,140,-34.07,11.000,0.00920,107,75.98,11.000,0.01479,151,120.77,,,,
11.200,-0.01239,2046,-117.05,11.200,-4.70323E-4,142,11.23,11.200,-4.25784E-4,39,-0.09,11.200,-1.41752E-5,2,0.61,11.200,0.00238,100,35.43,11.200,-5.46211E-4,896,6.39,11.200,-5.48152E-5,2,-0.91,11.200,-5.00531E-4,625,20.76,11.200,-0.00126,445,12.65,11.200,0.00617,167,5.23,11.200,0.00946,110,79.72,11.200,0.01519,149,119.35,,,,
11.400,-0.01356,2064,-112.32,11.400,-4.29405E-4,143,13.53,11.400,-4.30709E-4,40,0.20,11.400,4.01704E-6,1,0.91,11.400,0.00251,98,35.30,11.400,-5.26337E-4,912,6.34,11.400,-5.48152E-5,2,-1.81,11.400,-4.41271E-4,637,19.72,11.400,-0.00121,453,13.28,11.400,0.00624,186,21.80,11.400,0.00974,108,80.37,11.400,0.01559,150,117.22,,,,
11.600,-0.01341,2062,-56.84,11.600,-3.79595E-4,144,15.89,11.600,-4.23735E-4,40,-0.62,11.600,-8.11995E-6,2,0.61,11.600,0.00262,98,35.08,11.600,-5.02403E-4,928,6.26,11.600,-5.48152E-5,2,-1.51,11.600,-3.57637E-4,662,18.40,11.600,-0.00116,463,15.81,11.600,0.00634,203,31.80,11.600,0.01001,104,78.75,11.600,0.01596,148,116.01,,,,
11.800,-0.01347,2063,-3.96,11.800,-3.21959E-4,144,16.46,11.800,-4.25919E-4,41,-1.92,11.800,1.00988E-5,1,0.00,11.800,0.00273,100,35.79,11.800,-4.83433E-4,948,6.19,11.800,-7.89485E-5,3,-0.30,11.800,-3.12286E-4,674,16.55,11.800,-0.00110,476,15.84,11.800,0.00646,212,37.53,11.800,0.01026,107,76.83,11.800,0.01636,149,116.67,,,,
12.000,-0.01361,2065,-13.69,12.000,-2.59895E-4,141,15.09,12.000,-4.43027E-4,43,-2.00,12.000,-8.11995E-6,2,-0.30,12.000,0.00286,98,37.38,12.000,-4.63882E-4,960,6.51,12.000,-6.08617E-5,2,1.21,12.000,-2.61428E-4,688,14.98,12.000,-0.00105,484,16.48,12.000,0.00659,219,42.09,12.000,0.01052,105,75.06,12.000,0.01674,147,119.00,,,,
12.200,-0.01344,2063,-39.74,12.200,-2.19911E-4,140,12.66,12.200,-4.49851E-4,44,-0.41,12.200,4.01704E-6,1,-0.91,12.200,0.00298,99,38.35,12.200,-4.41133E-4,977,6.99,12.200,-5.48152E-5,2,2.42,12.200,-2.06560E-4,705,14.53,12.200,-0.00100,494,17.24,12.200,0.00674,228,47.45,12.200,0.01077,102,72.05,12.200,0.01714,149,119.70,,,,
12.400,-0.01372,2067,-109.07,12.400,-1.79824E-4,139,10.86,12.400,-4.39891E-4,44,0.83,12.400,-8.11995E-6,2,0.00,12.400,0.00311,100,39.23,12.400,-4.14503E-4,997,6.95,12.400,-5.48152E-5,2,1.21,12.400,-1.63666E-4,718,12.88,12.400,-9.27064E-4,511,18.19,12.400,0.00690,233,53.73,12.400,0.01100,102,68.10,12.400,0.01755,145,118.73,,,,
12.600,-0.01416,2074,-167.69,12.600,-1.48796E-4,141,10.77,12.600,-4.37270E-4,45,0.17,12.600,-8.11995E-6,2,0.91,12.600,0.00325,100,38.68,12.600,-3.93059E-4,1007,6.91,12.600,-3.66230E-5,1,0.30,12.600,-1.19390E-4,732,10.98,12.600,-8.77901E-4,520,19.10,12.600,0.00709,241,59.96,12.600,0.01122,101,65.19,12.600,0.01794,147,118.57,,,,
12.800,-0.01507,2087,-167.77,12.800,-1.13845E-4,141,11.70,12.800,-4.39028E-4,45,-1.38,12.800,4.01704E-6,1,0.91,12.800,0.00338,98,36.58,12.800,-3.72892E-4,1023,7.17,12.800,-5.48152E-5,2,-8.81E-4,12.800,-9.09949E-5,742,10.19,12.800,-8.13722E-4,533,19.86,12.800,0.00730,244,64.85,12.800,0.01143,99,65.23,12.800,0.01832,147,120.63,,,,
13.000,-0.01544,2092,-125.20,13.000,-7.04725E-5,143,13.04,13.000,-4.47313E-4,47,-1.90,13.000,1.00988E-5,1,0.61,13.000,0.00348,99,35.26,13.000,-3.44461E-4,1040,7.68,13.000,-4.87599E-5,2,-8.81E-4,13.000,-5.95711E-5,752,10.79,13.000,-7.32853E-4,551,18.72,13.000,0.00753,248,66.86,13.000,0.01164,102,68.94,13.000,0.01875,148,123.26,,,,
13.200,-0.01580,2096,-105.51,13.200,-2.41175E-5,143,14.07,13.200,-4.57394E-4,48,-1.12,13.200,-8.11995E-6,2,0.06,13.200,0.00360,99,35.05,13.200,-3.19739E-4,1050,8.05,13.200,-4.26959E-5,2,-0.30,13.200,-1.96435E-5,766,11.19,13.200,-6.74948E-4,565,16.42,13.200,0.00776,249,66.44,13.200,0.01188,105,73.96,13.200,0.01916,147,121.90,,,,
13.400,-0.01594,2098,-113.05,13.400,2.23396E-5,143,14.71,13.400,-4.56938E-4,49,0.49,13.400,1.61893E-5,1,-3.35,13.400,0.00373,97,35.73,13.400,-2.92648E-4,1061,8.35,13.400,-4.87599E-5,2,-0.61,13.400,2.51340E-5,781,9.77,13.400,-6.42194E-4,571,14.12,13.400,0.00798,250,64.70,13.400,0.01215,105,76.94,13.400,0.01957,144,117.53,,,,
13.600,-0.01668,2108,-76.39,13.600,7.47853E-5,143,15.54,13.600,-4.51903E-4,49,1.28,13.600,-8.40228E-7,2,-9.75,13.600,0.00384,99,37.22,13.600,-2.63674E-4,1076,8.60,13.600,-6.08617E-5,2,-0.61,13.600,4.80316E-5,794,8.52,13.600,-5.76030E-4,587,12.73,13.600,0.00819,247,60.36,13.600,0.01240,103,76.64,13.600,0.01994,146,116.08,,,,
13.800,-0.01681,2110,-31.82,13.800,1.24746E-4,142,15.87,13.800,-4.43013E-4,49,0.72,13.800,-6.41489E-5,6,-9.56,13.800,0.00396,100,40.13,13.800,-2.33463E-4,1092,9.13,13.800,-4.26959E-5,2,-0.30,13.800,6.82172E-5,798,9.11,13.800,-5.49370E-4,594,12.81,13.800,0.00840,248,54.78,13.800,0.01266,101,76.61,13.800,0.02032,144,117.85,,,,
14.000,-0.01645,2105,-31.24,14.000,1.84321E-4,139,14.52,14.000,-4.45660E-4,50,0.53,14.000,-1.22799E-4,10,1.15,14.000,0.00411,101,41.72,14.000,-2.06880E-4,1100,10.85,14.000,-6.08617E-5,2,-0.30,14.000,1.07668E-4,813,10.37,14.000,-5.13175E-4,601,13.74,14.000,0.00855,242,53.39,14.000,0.01291,104,77.08,14.000,0.02073,147,121.10,,,,
14.200,-0.01681,2110,-89.90,14.200,2.30181E-4,138,12.52,14.200,-4.48840E-4,51,0.73,14.200,-5.29863E-5,11,12.81,14.200,0.00426,98,41.21,14.200,-1.66820E-4,1114,13.57,14.200,-5.48152E-5,2,-8.80E-4,14.200,1.47617E-4,832,10.86,14.200,-4.48924E-4,617,15.51,14.200,0.00871,244,55.65,14.200,0.01318,103,75.54,14.200,0.02114,146,121.21,,,,
14.400,-0.01731,2116,-160.16,14.400,2.59845E-4,139,11.87,14.400,-4.35511E-4,51,1.62,14.400,1.10880E-5,11,19.75,14.400,0.00438,98,40.89,14.400,-1.13308E-4,1139,15.10,14.400,-5.48152E-5,2,0.30,14.400,1.76107E-4,845,11.09,14.400,-4.01739E-4,630,16.06,14.400,0.00894,246,59.51,14.400,0.01343,100,73.76,14.400,0.02154,146,120.10,,,,
14.600,-0.01775,2121,-185.25,14.600,2.99601E-4,139,12.22,14.600,-4.38647E-4,51,1.60,14.600,5.81855E-5,13,24.71,14.600,0.00452,100,41.43,14.600,-5.57066E-5,1163,16.00,14.600,-4.87599E-5,2,-0.91,14.600,2.17064E-4,863,11.99,14.600,-3.50516E-4,643,16.54,14.600,0.00912,242,61.30,14.600,0.01365,105,72.40,14.600,0.02193,144,120.48,,,,
14.800,-0.01871,2133,-169.96,14.800,3.52215E-4,136,12.33,14.800,-4.23407E-4,51,1.50,14.800,1.60950E-4,12,25.73,14.800,0.00467,99,39.32,14.800,-1.60930E-5,1172,17.46,14.800,-6.08617E-5,2,-0.91,14.800,2.60069E-4,885,12.15,14.800,-2.90428E-4,660,18.03,14.800,0.00933,242,63.64,14.800,0.01391,101,72.04,14.800,0.02234,148,123.80,,,,
15.000,-0.01911,2137,-101.73,15.000,3.82310E-4,138,11.81,15.000,-4.29019E-4,52,1.53,15.000,2.91321E-4,10,15.42,15.000,0.00480,97,35.82,15.000,5.59593E-5,1194,18.71,15.000,-6.68994E-5,3,0.91,15.000,3.03464E-4,906,10.72,15.000,-2.29425E-4,678,18.33,15.000,0.00954,241,65.08,15.000,0.01414,100,71.62,15.000,0.02275,147,124.87,,,,
15.200,-0.01935,2140,-16.04,15.200,4.23653E-4,140,12.60,15.200,-4.15090E-4,52,0.79,15.200,2.92461E-4,13,-0.24,15.200,0.00489,99,33.50,15.200,1.24273E-4,1214,17.99,15.200,-5.48152E-5,2,2.12,15.200,3.32632E-4,923,9.40,15.200,-1.62183E-4,699,16.15,15.200,0.00978,240,64.80,15.200,0.01437,101,71.91,15.200,0.02320,146,119.49,,,,
15.400,-0.01915,2138,-59.58,15.400,4.64397E-4,142,14.99,15.400,-4.16270E-4,52,1.11,15.400,2.35156E-4,18,-9.73,15.400,0.00502,98,33.66,15.400,1.78190E-4,1224,15.11,15.400,-3.66230E-5,1,0.91,15.400,3.58918E-4,934,9.17,15.400,-1.12189E-4,716,12.31,15.400,0.00997,235,65.87,15.400,0.01462,102,74.98,15.400,0.02357,140,112.45,,,,
15.600,-0.01900,2136,-189.39,15.600,5.22128E-4,141,16.70,15.600,-4.20447E-4,53,0.96,15.600,2.12274E-4,22,-13.51,15.600,0.00512,99,34.64,15.600,2.21449E-4,1230,12.75,15.600,-4.87599E-5,2,-0.91,15.600,3.92618E-4,950,9.77,15.600,-8.47447E-5,725,9.72,15.600,0.01020,237,67.74,15.600,0.01487,105,78.64,15.600,0.02391,142,111.73,,,,
15.800,-0.02065,2154,-247.11,15.800,5.83695E-4,139,17.53,15.800,-4.01545E-4,53,0.95,15.800,1.76877E-4,27,-10.56,15.800,0.00524,98,34.03,15.800,2.61031E-4,1234,10.74,15.800,-5.48152E-5,2,-1.21,15.800,4.26912E-4,965,9.73,15.800,-6.05852E-5,733,10.22,15.800,0.01044,234,68.74,15.800,0.01514,104,81.63,15.800,0.02428,145,119.08,,,,
16.000,-0.02163,2164,-217.54,16.000,6.38452E-4,137,16.38,16.000,-4.10647E-4,54,0.53,16.000,8.05690E-5,34,3.19,16.000,0.00536,98,33.25,16.000,2.96412E-4,1239,11.23,16.000,-5.48152E-5,2,-0.91,16.000,4.60081E-4,979,9.05,16.000,-1.93736E-5,747,10.92,16.000,0.01066,231,66.89,16.000,0.01542,104,81.71,16.000,0.02471,149,126.19,,,,
16.200,-0.02146,2162,-225.12,16.200,6.98688E-4,134,14.17,16.200,-4.07132E-4,55,0.37,16.200,1.55591E-4,33,20.07,16.200,0.00546,98,34.72,16.200,3.17999E-4,1234,12.25,16.200,-5.48152E-5,2,-0.91,16.200,4.86074E-4,991,8.22,16.200,2.68450E-5,763,9.56,16.200,0.01088,229,66.19,16.200,0.01570,102,79.00,16.200,0.02515,144,126.99,,,,
16.400,-0.02254,2173,-234.49,16.400,7.34696E-4,134,12.27,16.400,-4.04188E-4,55,0.69,16.400,2.97331E-4,30,28.29,16.400,0.00557,100,37.93,16.400,3.89180E-4,1253,12.37,16.400,-6.68994E-5,3,-0.60,16.400,5.14368E-4,1001,7.85,16.400,4.61340E-5,772,7.50,16.400,0.01110,225,68.66,16.400,0.01595,99,77.27,16.400,0.02557,143,124.08,,,,
16.600,-0.02424,2189,-157.16,16.600,7.70832E-4,134,11.83,16.600,-4.00545E-4,56,1.13,16.600,3.61506E-4,29,24.72,16.600,0.00573,99,40.78,16.600,4.13232E-4,1256,12.74,16.600,-6.08617E-5,2,-4.39E-4,16.600,5.36954E-4,1010,8.74,16.600,6.50198E-5,778,7.02,16.600,0.01133,221,71.91,16.600,0.01620,104,77.18,16.600,0.02596,143,124.17,,,,
16.800,-0.02354,2183,-40.93,16.800,8.11718E-4,134,12.50,16.800,-4.03373E-4,57,2.52,16.800,4.40367E-4,29,22.18,16.800,0.00585,100,41.47,16.800,4.48658E-4,1255,14.17,16.800,-6.08617E-5,2,0.00,16.800,5.66296E-4,1021,9.96,16.800,9.25351E-5,785,7.91,16.800,0.01159,219,73.08,16.800,0.01647,101,78.03,16.800,0.02638,145,130.08,,,,
17.000,-0.02361,2184,58.13,17.000,8.58295E-4,132,12.58,17.000,-3.85305E-4,56,3.34,17.000,5.07042E-4,29,21.05,17.000,0.00599,99,41.51,17.000,5.13302E-4,1271,16.60,17.000,-6.08617E-5,2,-0.91,17.000,6.08911E-4,1036,11.06,17.000,1.20751E-4,798,8.29,17.000,0.01183,211,73.43,17.000,0.01672,100,77.81,17.000,0.02682,144,134.41,,,,
17.200,-0.02400,2187,107.57,17.200,8.97197E-4,134,13.65,17.200,-3.68958E-4,56,3.56,17.200,5.95427E-4,28,17.58,17.200,0.00613,100,42.96,17.200,5.72566E-4,1280,17.44,17.200,-6.68994E-5,3,-1.51,17.200,6.41651E-4,1053,11.18,17.200,1.48653E-4,809,7.92,17.200,0.01206,205,72.27,17.200,0.01698,100,76.98,17.200,0.02731,143,133.07,,,,
17.400,-0.02262,2174,175.72,17.400,9.37050E-4,136,16.52,17.400,-3.68160E-4,56,3.15,17.400,6.27522E-4,30,14.63,17.400,0.00628,100,42.93,17.400,6.21379E-4,1287,20.24,17.400,-7.29283E-5,3,-0.60,17.400,6.82799E-4,1066,10.48,17.400,1.74681E-4,821,7.52,17.400,0.01233,201,69.59,17.400,0.01724,100,76.40,17.400,0.02772,144,127.43,,,,
17.600,-0.02237,2172,176.94,17.600,0.00101,134,19.25,17.600,-3.49273E-4,56,3.30,17.600,6.71497E-4,32,11.72,17.600,0.00642,99,41.95,17.600,6.89391E-4,1297,24.03,17.600,-7.89485E-5,3,0.91,17.600,7.15942E-4,1079,10.22,17.600,1.96991E-4,831,7.26,17.600,0.01254,195,66.81,17.600,0.01749,100,74.39,17.600,0.02815,143,122.20,,,,
17.800,-0.02172,2165,118.48,17.800,0.00108,131,21.43,17.800,-3.41955E-4,56,2.77,17.800,7.23583E-4,34,4.71,17.800,0.00656,100,40.42,17.800,8.01351E-4,1318,26.15,17.800,-6.08617E-5,2,1.51,17.800,7.44208E-4,1087,10.41,17.800,2.22793E-4,842,6.84,17.800,0.01274,191,68.33,17.800,0.01774,99,73.83,17.800,0.02854,142,119.40,,,,
18.000,-0.02136,2162,-139.87,18.000,0.00114,130,27.22,18.000,-3.29255E-4,56,2.70,18.000,7.33760E-4,37,-8.76,18.000,0.00669,100,39.29,18.000,8.73243E-4,1323,24.26,18.000,-6.08617E-5,2,-1.18,18.000,7.84579E-4,1097,11.35,18.000,2.45768E-4,850,6.43,18.000,0.01298,191,73.93,18.000,0.01797,102,74.57,18.000,0.02893,141,118.55,,,,
18.200,-0.02127,2161,-420.75,18.200,0.00123,126,168.68,18.200,-3.32745E-4,58,2.34,18.200,6.59522E-4,45,-20.98,18.200,0.00682,99,37.91,18.200,9.60589E-4,1330,20.57,18.200,-6.08617E-5,2,-25.71,18.200,8.22452E-4,1108,12.66,18.200,2.62625E-4,857,5.46,18.200,0.01325,188,77.26,18.200,0.01824,100,74.20,18.200,0.02932,142,121.39,,,,
18.400,-0.02562,2202,-567.37,18.400,0.00140,114,301.79,18.400,-3.04573E-4,57,2.65,18.400,5.60377E-4,55,-26.50,18.400,0.00695,99,36.43,18.400,0.00102,1323,16.90,18.400,-1.02568E-4,4,-23.49,18.400,8.64723E-4,1120,13.47,18.400,2.85718E-4,867,5.13,18.400,0.01351,182,77.62,18.400,0.01848,99,72.29,18.400,0.02974,143,125.38,,,,
18.600,-0.02587,2204,-496.97,18.600,0.00419,-25,291.89,18.600,-3.19936E-4,59,3.65,18.600,4.77440E-4,64,-26.65,18.600,0.00706,99,34.36,18.600,0.00107,1311,11.43,18.600,-5.33401E-4,24,-23.28,18.600,9.17223E-4,1136,13.76,18.600,2.92006E-4,868,5.96,18.600,0.01376,178,78.47,18.600,0.01871,101,69.51,18.600,0.03016,145,126.99,,,,
18.800,-0.02810,2223,-317.27,18.800,0.00421,-25,146.63,18.800,-2.89133E-4,58,3.12,18.800,3.85790E-4,75,-24.02,18.800,0.00718,96,34.14,18.800,0.00110,1284,24.10,18.800,-5.81739E-5,6,-42.33,18.800,9.59131E-4,1147,13.45,18.800,3.18931E-4,880,7.67,18.800,0.01403,173,82.41,18.800,0.01895,98,68.44,18.800,0.03060,144,122.56,,,,
19.000,-0.02873,2228,-198.77,19.000,0.00426,-25,5.92,19.000,-2.75163E-4,58,3.97,19.000,3.01049E-4,85,-20.55,19.000,0.00727,99,36.98,19.000,0.00110,1228,233.90,19.000,-5.70935E-4,33,-73.75,19.000,0.00100,1157,13.14,19.000,3.48680E-4,892,9.08,19.000,0.01430,170,86.61,19.000,0.01917,97,68.31,19.000,0.03100,142,118.15,,,,
19.200,-0.02911,2231,-91.10,19.200,0.00427,-26,2.20,19.200,-2.87036E-4,59,3.00,19.200,2.56287E-4,93,-16.42,19.200,0.00741,101,40.60,19.200,0.00146,558,426.45,19.200,-9.11662E-4,54,-95.73,19.200,0.00105,1167,12.86,19.200,3.82453E-4,909,9.10,19.200,0.01461,164,89.93,19.200,0.01940,98,69.30,19.200,0.03135,140,117.97,,,,
19.400,-0.02883,2229,-169.07,19.400,0.00426,-25,-1.74,19.400,-2.42575E-4,58,3.53,19.400,1.96001E-4,104,-12.48,19.400,0.00756,102,42.39,19.400,0.00539,-40,406.44,19.400,-0.00115,72,-74.68,19.400,0.00109,1176,12.06,19.400,4.10073E-4,922,9.33,19.400,0.01490,163,91.43,19.400,0.01963,100,69.79,19.400,0.03177,145,122.35,,,,
19.600,-0.02982,2237,-254.16,19.600,0.00426,-25,-2.13,19.600,-2.61636E-4,59,3.44,19.600,1.62509E-4,111,-8.94,19.600,0.00770,100,40.09,19.600,0.00535,-39,193.13,19.600,-0.00139,92,-62.87,19.600,0.00113,1182,11.32,19.600,4.39475E-4,939,9.95,19.600,0.01522,158,89.69,19.600,0.01987,97,69.48,19.600,0.03219,142,124.35,,,,
19.800,-0.03140,2249,-291.48,19.800,0.00423,-25,-0.71,19.800,-2.30013E-4,59,3.72,19.800,1.45282E-4,115,-6.30,19.800,0.00783,99,38.34,19.800,0.00535,-39,0.48,19.800,-0.00159,112,-51.66,19.800,0.00116,1188,11.36,19.800,4.78214E-4,954,10.74,19.800,0.01552,152,86.56,19.800,0.02009,99,70.28,19.800,0.03261,143,121.86,,,,
20.000,-0.03163,2250,-239.24,20.000,0.00425,-25,0.71,20.000,-2.30887E-4,60,3.94,20.000,1.28288E-4,123,-6.12,20.000,0.00795,100,38.14,20.000,0.00536,-39,3.85,20.000,-0.00174,132,-38.18,20.000,0.00120,1194,11.62,20.000,5.13303E-4,972,10.32,20.000,0.01579,153,83.37,20.000,0.02033,101,71.91,20.000,0.03300,143,117.60,,,,
20.200,-0.03285,2259,-170.19,20.200,0.00425,-25,1.77,20.200,-1.98898E-4,59,2.54,20.200,1.04284E-4,135,-4.94,20.200,0.00808,99,39.62,20.200,0.00538,-40,1.16,20.200,-0.00184,151,-25.58,20.200,0.00125,1202,12.04,20.200,5.51100E-4,991,9.83,20.200,0.01607,152,80.92,20.200,0.02058,99,74.13,20.200,0.03340,142,116.68,,,,
20.400,-0.03315,2261,-97.39,20.400,0.00426,-25,0.71,20.400,-2.13893E-4,61,2.70,20.400,8.10589E-5,149,-2.03,20.400,0.00821,102,40.86,20.400,0.00539,-40,-1.92,20.400,-0.00190,165,-16.31,20.400,0.00128,1207,13.90,20.400,5.72921E-4,997,9.72,20.400,0.01634,146,77.65,20.400,0.02082,101,74.60,20.400,0.03376,140,119.13,,,,
20.600,-0.03328,2262,-24.30,20.600,0.00426,-26,-0.71,20.600,-1.96113E-4,61,3.58,20.600,9.36708E-5,156,1.91,20.600,0.00836,102,39.84,20.600,0.00534,-39,-2.70,20.600,-0.00194,178,-11.63,20.600,0.00133,1214,16.42,20.600,6.15245E-4,1013,9.79,20.600,0.01659,145,74.42,20.600,0.02108,99,74.28,20.600,0.03419,142,123.67,,,,
20.800,-0.03314,2261,-101.89,20.800,0.00425,-25,-1.42,20.800,-1.79603E-4,61,3.45,20.800,9.82724E-5,163,6.21,20.800,0.00849,100,37.47,20.800,0.00536,-39,-2.66,20.800,-0.00197,195,-9.61,20.800,0.00140,1229,17.39,20.800,6.43641E-4,1024,9.96,20.800,0.01683,147,73.99,20.800,0.02132,100,72.15,20.800,0.03459,143,128.16,,,,
21.000,-0.03335,2263,-247.13,21.000,0.00424,-25,-0.36,21.000,-1.61506E-4,61,1.92,21.000,1.25179E-4,167,11.87,21.000,0.00860,99,34.79,21.000,0.00536,-39,0.12,21.000,-0.00201,215,-7.02,21.000,0.00146,1239,16.62,21.000,6.76266E-4,1034,9.58,21.000,0.01708,146,75.29,21.000,0.02156,98,71.20,21.000,0.03503,146,130.95,,,,
21.200,-0.03513,2275,-408.25,21.200,0.00425,-25,0.68,21.200,-1.79542E-4,64,2.82,21.200,1.73839E-4,176,20.21,21.200,0.00872,100,33.87,21.200,0.00533,-38,1.68,21.200,-0.00202,235,-2.40,21.200,0.00150,1243,15.57,21.200,7.11148E-4,1046,9.66,21.200,0.01733,144,76.03,21.200,0.02177,100,73.74,21.200,0.03547,144,133.38,,,,
21.400,-0.03624,2283,-326.92,21.400,0.00426,-25,-0.67,21.400,-1.57702E-4,64,4.74,21.400,2.55474E-4,178,27.48,21.400,0.00883,100,34.33,21.400,0.00538,-39,1.61,21.400,-0.00202,254,3.93,21.400,0.00156,1251,15.09,21.400,7.39350E-4,1054,9.35,21.400,0.01758,144,75.17,21.400,0.02205,100,76.82,21.400,0.03593,146,134.77,,,,
21.600,-0.03841,2296,-38.37,21.600,0.00425,-25,-2.36,21.600,-1.27076E-4,63,5.81,21.600,3.72218E-4,172,30.66,21.600,0.00894,102,35.93,21.600,0.00537,-39,0.85,21.600,-0.00200,278,9.73,21.600,0.00161,1255,14.68,21.600,7.73698E-4,1064,8.87,21.600,0.01784,144,74.05,21.600,0.02231,100,76.91,21.600,0.03637,144,135.36,,,,
21.800,-0.03660,2285,-8.78,21.800,0.00423,-26,-2.34,21.800,-1.19217E-4,64,5.39,21.800,4.76486E-4,165,29.55,21.800,0.00907,104,36.79,21.800,0.00534,-38,1.75,21.800,-0.00195,310,14.57,21.800,0.00165,1257,13.82,21.800,8.00652E-4,1072,9.00,21.800,0.01808,144,73.92,21.800,0.02256,100,74.01,21.800,0.03683,145,135.13,,,,
22.000,-0.03554,2278,-221.83,22.000,0.00423,-26,-1.33,22.000,-1.01916E-4,64,4.53,22.000,5.66108E-4,157,29.17,22.000,0.00920,103,35.91,22.000,0.00538,-39,2.99,22.000,-0.00190,331,18.55,22.000,0.00170,1260,12.98,22.000,8.27265E-4,1078,9.34,22.000,0.01832,146,73.77,22.000,0.02280,99,74.37,22.000,0.03727,141,135.48,,,,
22.200,-0.03929,2302,-337.82,22.200,0.00423,-26,-1.07,22.200,-7.50098E-5,64,5.01,22.200,6.52630E-4,159,34.92,22.200,0.00931,100,34.18,22.200,0.00541,-39,2.13,22.200,-0.00183,356,21.77,22.200,0.00174,1258,13.36,22.200,8.65844E-4,1089,10.35,22.200,0.01858,143,73.42,22.200,0.02304,101,76.70,22.200,0.03773,144,135.23,,,,
22.400,-0.04016,2307,-161.38,22.400,0.00422,-25,-1.78,22.400,-8.07680E-5,65,6.79,22.400,7.79514E-4,158,43.18,22.400,0.00942,100,32.93,22.400,0.00537,-38,-1.09,22.400,-0.00175,382,24.67,22.400,0.00178,1253,14.85,22.400,8.95349E-4,1094,11.22,22.400,0.01881,142,71.53,22.400,0.02332,100,78.01,22.400,0.03819,142,135.11,,,,
22.600,-0.03874,2299,-225.05,22.600,0.00421,-25,-1.07,22.600,-4.00848E-5,64,8.60,22.600,9.61534E-4,153,47.33,22.600,0.00953,102,33.79,22.600,0.00540,-39,-0.77,22.600,-0.00167,406,25.83,22.600,0.00184,1255,16.61,22.600,9.39605E-4,1109,12.21,22.600,0.01906,141,68.87,22.600,0.02357,99,77.55,22.600,0.03862,143,133.75,,,,
22.800,-0.03932,2302,-386.66,22.800,0.00421,-25,1.07,22.800,-1.06899E-6,63,7.95,22.800,0.00112,145,43.19,22.800,0.00964,104,36.84,22.800,0.00537,-38,0.38,22.800,-0.00157,432,23.38,22.800,0.00190,1250,16.51,22.800,9.77828E-4,1119,13.59,22.800,0.01927,141,66.61,22.800,0.02382,101,76.41,22.800,0.03907,142,135.15,,,,
23.000,-0.04463,2333,-329.91,23.000,0.00422,-25,1.78,23.000,1.73460E-5,63,5.68,23.000,0.00126,138,36.96,23.000,0.00977,104,40.45,23.000,0.00539,-39,1.54,23.000,-0.00149,454,20.16,23.000,0.00195,1242,14.61,23.000,0.00103,1131,15.62,23.000,0.01949,139,66.86,23.000,0.02409,99,76.05,23.000,0.03951,144,134.90,,,,
23.200,-0.04200,2318,-55.78,23.200,0.00424,-26,1.07,23.200,2.07325E-5,64,5.53,23.200,0.00135,140,34.61,23.200,0.00992,105,43.01,23.200,0.00538,-39,0.39,23.200,-0.00145,462,18.68,23.200,0.00200,1227,13.59,23.200,0.00108,1145,17.20,23.200,0.01971,141,68.84,23.200,0.02433,99,75.46,23.200,0.04000,142,131.08,,,,
23.400,-0.04266,2322,154.61,23.400,0.00422,-25,-1.07,23.400,5.17239E-5,63,5.76,23.400,0.00147,138,34.64,23.400,0.01006,105,44.28,23.400,0.00541,-40,-0.38,23.400,-0.00138,482,19.22,23.400,0.00203,1205,13.20,23.400,0.00115,1161,16.92,23.400,0.01996,142,69.48,23.400,0.02459,99,75.30,23.400,0.04040,140,124.07,,,,
23.600,-0.04241,2321,134.17,23.600,0.00423,-26,-1.78,23.600,7.51310E-5,63,4.61,23.600,0.00160,134,32.94,23.600,0.01021,105,44.15,23.600,0.00535,-38,-0.38,23.600,-0.00131,499,20.05,23.600,0.00209,1187,13.35,23.600,0.00120,1175,16.66,23.600,0.02018,142,68.36,23.600,0.02484,100,75.78,23.600,0.04081,139,118.64,,,,
23.800,-0.04113,2313,-2.22,23.800,0.00421,-25,-1.07,23.800,7.81390E-5,63,4.40,23.800,0.00170,131,28.77,23.800,0.01036,104,42.14,23.800,0.00541,-40,-0.39,23.800,-0.00125,514,20.65,23.800,0.00213,1164,14.16,23.800,0.00125,1180,17.03,23.800,0.02041,140,67.81,23.800,0.02509,100,74.94,23.800,0.04118,139,119.30,,,,
24.000,-0.04084,2312,-565.19,24.000,0.00421,-25,0.35,24.000,8.65230E-5,64,5.47,24.000,0.00178,134,27.25,24.000,0.01049,103,39.36,24.000,0.00538,-39,-0.77,24.000,-0.00118,532,22.13,24.000,0.00217,1145,15.85,24.000,0.00132,1195,17.71,24.000,0.02063,142,68.90,24.000,0.02534,98,74.81,24.000,0.04159,142,124.44,,,,
24.200,-0.04427,2331,-707.56,24.200,0.00421,-25,1.42,24.200,1.28411E-4,62,6.41,24.200,0.00187,136,28.63,24.200,0.01061,105,38.63,24.200,0.00538,-39,-2.30,24.200,-0.00109,556,22.46,24.200,0.00223,1131,17.46,24.200,0.00137,1203,17.14,24.200,0.02087,142,70.53,24.200,0.02558,101,74.83,24.200,0.04201,143,130.26,,,,
24.400,-0.05057,2365,-502.59,24.400,0.00423,-26,1.42,24.400,1.34186E-4,63,6.41,24.400,0.00198,136,30.60,24.400,0.01075,107,41.65,24.400,0.00537,-38,-0.77,24.400,-0.00102,577,21.02,24.400,0.00230,1123,17.81,24.400,0.00143,1209,16.52,24.400,0.02110,143,71.11,24.400,0.02585,98,75.08,24.400,0.04248,143,131.37,,,,
24.600,-0.04555,2339,-206.99,24.600,0.00422,-25,0.71,24.600,1.58600E-4,62,5.41,24.600,0.00208,136,29.68,24.600,0.01088,107,44.51,24.600,0.00538,-39,-0.77,24.600,-9.58176E-4,597,19.69,24.600,0.00235,1108,17.72,24.600,0.00148,1214,16.76,24.600,0.02135,142,70.66,24.600,0.02608,99,75.20,24.600,0.04290,142,129.88,,,,
24.800,-0.04961,2360,-309.48,24.800,0.00424,-26,0.36,24.800,1.84588E-4,62,5.03,24.800,0.00218,133,28.22,24.800,0.01105,106,45.61,24.800,0.00537,-38,0.00,24.800,-8.96408E-4,617,20.10,24.800,0.00241,1099,19.10,24.800,0.00154,1220,15.72,24.800,0.02157,141,69.73,24.800,0.02634,100,74.05,24.800,0.04332,141,131.10,,,,
25.000,-0.04937,2359,-523.70,25.000,0.00422,-25,0.36,25.000,1.86256E-4,63,4.00,25.000,0.00226,137,29.06,25.000,0.01119,108,44.18,25.000,0.00537,-38,0.77,25.000,-8.28667E-4,639,20.01,25.000,0.00247,1092,21.85,25.000,0.00159,1224,13.65,25.000,0.02181,141,68.74,25.000,0.02659,98,73.78,25.000,0.04376,142,134.48,,,,
25.200,-0.05295,2377,-190.93,25.200,0.00424,-26,-0.71,25.200,2.07151E-4,62,3.38,25.200,0.00236,139,31.72,25.200,0.01135,106,41.11,25.200,0.00538,-39,2.68,25.200,-7.51564E-4,669,19.46,25.200,0.00255,1085,26.30,25.200,0.00163,1219,13.00,25.200,0.02203,140,67.66,25.200,0.02682,100,73.50,25.200,0.04424,142,134.05,,,,
25.400,-0.05269,2375,-199.32,25.400,0.00423,-26,-1.78,25.400,2.16101E-4,63,2.63,25.400,0.00248,135,32.77,25.400,0.01147,106,37.78,25.400,0.00538,-39,1.54,25.400,-7.02813E-4,688,18.08,25.400,0.00264,1051,214.37,25.400,0.00167,1212,14.72,25.400,0.02226,141,65.40,25.400,0.02708,99,73.89,25.400,0.04467,141,131.76,,,,
25.600,-0.05011,2363,-352.76,25.600,0.00421,-25,-3.20,25.600,2.22284E-4,63,1.66,25.600,0.00259,134,32.97,25.600,0.01160,105,35.91,25.600,0.00541,-39,-1.53,25.600,-6.33105E-4,721,16.67,25.600,0.00277,1005,400.51,25.600,0.00173,1214,17.28,25.600,0.02247,140,61.94,25.600,0.02732,100,74.19,25.600,0.04509,145,129.65,,,,
25.800,-0.05619,2392,-437.01,25.800,0.00421,-25,-1.42,25.800,2.23683E-4,64,3.19,25.800,0.00268,140,34.71,25.800,0.01170,107,36.61,25.800,0.00537,-38,-1.53,25.800,-5.85533E-4,744,15.63,25.800,0.00655,-30,392.91,25.800,0.00179,1208,18.76,25.800,0.02268,138,59.78,25.800,0.02757,99,73.20,25.800,0.04554,141,125.24,,,,
26.000,-0.05650,2393,-311.58,26.000,0.00419,-24,1.07,26.000,2.32729E-4,64,3.96,26.000,0.00282,140,36.25,26.000,0.01184,106,36.76,26.000,0.00536,-38,-0.77,26.000,-5.35384E-4,773,14.00,26.000,0.00666,-32,196.93,26.000,0.00185,1200,18.73,26.000,0.02286,138,59.94,26.000,0.02781,98,72.60,26.000,0.04596,139,116.37,,,,
26.200,-0.05504,2387,-233.33,26.200,0.00422,-25,2.48,26.200,2.69441E-4,63,3.48,26.200,0.00295,136,35.61,26.200,0.01196,108,35.45,26.200,0.00540,-39,2.30,26.200,-4.87898E-4,805,12.86,26.200,0.00661,-30,4.79,26.200,0.00192,1188,17.42,26.200,0.02307,140,61.03,26.200,0.02805,98,71.83,26.200,0.04630,137,107.82,,,,
26.400,-0.05749,2398,-190.75,26.400,0.00422,-25,1.77,26.400,2.55773E-4,65,2.21,26.400,0.00305,135,34.31,26.400,0.01207,107,33.87,26.400,0.00536,-38,3.07,26.400,-4.50815E-4,833,11.19,26.400,0.00664,-31,2.06,26.400,0.00197,1165,16.27,26.400,0.02327,139,62.81,26.400,0.02829,96,72.15,26.400,0.04665,137,105.94,,,,
26.600,-0.05986,2409,126.67,26.600,0.00423,-26,0.00,26.600,2.70192E-4,66,1.61,26.600,0.00316,140,35.27,26.600,0.01218,107,35.09,26.600,0.00541,-40,-0.38,26.600,-4.12856E-4,863,9.63,26.600,0.00666,-31,2.75,26.600,0.00202,1132,17.80,26.600,0.02348,143,63.11,26.600,0.02852,99,75.72,26.600,0.04701,142,108.90,,,,
26.800,-0.05549,2389,339.50,26.800,0.00422,-25,-1.07,26.800,2.76149E-4,67,2.86,26.800,0.00329,138,34.52,26.800,0.01230,108,37.57,26.800,0.00541,-39,-1.53,26.800,-3.86714E-4,885,8.57,26.800,0.00665,-31,0.68,26.800,0.00208,1102,237.43,26.800,0.02371,142,61.26,26.800,0.02878,101,80.42,26.800,0.04738,138,110.76,,,,
27.000,-0.05451,2384,-130.96,27.000,0.00422,-25,-1.42,27.000,2.81313E-4,68,3.98,27.000,0.00341,130,29.29,27.000,0.01243,110,40.37,27.000,0.00535,-38,-3.07,27.000,-3.59433E-4,907,7.97,27.000,0.00666,-31,0.73,27.000,0.00217,1071,453.14,27.000,0.02390,138,56.86,27.000,0.02908,101,83.18,27.000,0.04776,142,107.99,,,,
27.200,-0.05606,2392,-765.43,27.200,0.00421,-25,0.36,27.200,3.01760E-4,68,5.24,27.200,0.00349,132,27.08,27.200,0.01257,111,41.63,27.200,0.00540,-39,-1.92,27.200,-3.32765E-4,924,7.93,27.200,0.00666,-31,1.08,27.200,0.00657,-48,447.23,27.200,0.02408,135,52.60,27.200,0.02935,100,81.54,27.200,0.04812,138,99.82,,,,
27.400,-0.06192,2418,-883.10,27.400,0.00421,-25,0.36,27.400,3.24261E-4,67,4.33,27.400,0.00355,143,32.39,27.400,0.01272,110,41.14,27.400,0.00536,-38,0.77,27.400,-3.07498E-4,949,8.04,27.400,0.00667,-31,0.40,27.400,0.00659,-47,224.21,27.400,0.02425,139,50.42,27.400,0.02962,97,79.47,27.400,0.04843,138,89.07,,,,
27.600,-0.06339,2424,-587.71,27.600,0.00424,-26,-1.06,27.600,3.38090E-4,68,3.41,27.600,0.00370,139,38.98,27.600,0.01285,110,40.17,27.600,0.00535,-38,0.77,27.600,-2.79983E-4,974,8.51,27.600,0.00667,-31,-0.37,27.600,0.00660,-47,3.73,27.600,0.02441,136,48.79,27.600,0.02987,99,78.76,27.600,0.04871,136,79.48,,,,
27.800,-0.06484,2430,-270.44,27.800,0.00420,-25,-1.78,27.800,3.31669E-4,69,3.17,27.800,0.00385,137,41.53,27.800,0.01298,109,39.64,27.800,0.00541,-39,1.15,27.800,-2.51457E-4,998,9.45,27.800,0.00666,-31,-0.37,27.800,0.00662,-46,4.59,27.800,0.02457,134,45.88,27.800,0.03015,98,78.56,27.800,0.04895,133,74.82,,,,
28.000,-0.06489,2430,0.16,28.000,0.00420,-25,-0.71,28.000,3.62593E-4,68,3.17,28.000,0.00397,140,39.49,28.000,0.01311,110,39.57,28.000,0.00537,-38,1.18,28.000,-2.18564E-4,1021,10.32,28.000,0.00666,-31,-0.37,28.000,0.00661,-45,5.64,28.000,0.02473,138,42.92,28.000,0.03040,97,78.75,28.000,0.04918,135,74.70,,,,
28.200,-0.06583,2434,240.88,28.200,0.00421,-25,1.42,28.200,3.63238E-4,70,2.59,28.200,0.00411,138,37.75,28.200,0.01325,110,37.57,28.200,0.00537,-38,4.10,28.200,-1.79977E-4,1055,11.14,28.200,0.00667,-31,-1.10,28.200,0.00667,-46,5.68,28.200,0.02485,136,39.82,28.200,0.03066,100,79.13,28.200,0.04945,138,78.21,,,,
28.400,-0.06240,2420,-25.31,28.400,0.00421,-25,1.42,28.400,3.69939E-4,71,2.56,28.400,0.00423,136,36.30,28.400,0.01337,110,35.19,28.400,0.00541,-40,12.20,28.400,-1.45058E-4,1066,12.06,28.400,0.00665,-30,-1.83,28.400,0.00667,-45,6.13,28.400,0.02499,126,38.75,28.400,0.03093,99,81.56,28.400,0.04971,137,81.55,,,,
28.600,-0.06251,2420,-637.86,28.600,0.00422,-25,1.42,28.600,3.76112E-4,71,3.59,28.600,0.00434,138,34.52,28.600,0.01347,110,33.56,28.600,0.00544,-39,22.74,28.600,-1.02089E-4,1089,13.09,28.600,0.00664,-30,-0.37,28.600,0.00668,-45,10.99,28.600,0.02510,132,42.30,28.600,0.03120,99,82.59,28.600,0.04999,140,83.16,,,,
28.800,-0.06871,2445,-908.26,28.800,0.00422,-25,1.42,28.800,4.00912E-4,71,3.45,28.800,0.00446,138,33.05,28.800,0.01359,110,34.16,28.800,0.00554,-39,30.54,28.800,-5.52835E-5,1110,14.15,28.800,0.00664,-30,1.46,28.800,0.00672,-44,26.43,28.800,0.02525,142,49.10,28.800,0.03149,98,81.27,28.800,0.05027,141,85.24,,,,
29.000,-0.07227,2459,-563.12,29.000,0.00423,-26,0.71,29.000,4.03989E-4,72,3.61,29.000,0.00457,137,29.69,29.000,0.01370,111,36.29,29.000,0.00570,-40,34.83,29.000,-7.85497E-6,1129,15.01,29.000,0.00667,-31,1.10,29.000,0.00683,-44,46.97,29.000,0.02544,142,54.94,29.000,0.03175,97,78.10,29.000,0.05055,139,90.67,,,,
29.200,-0.07080,2454,-329.61,29.200,0.00423,-26,-0.36,29.200,4.10970E-4,73,4.28,29.200,0.00466,129,22.29,29.200,0.01383,111,37.82,29.200,0.00577,-38,36.12,29.200,4.36483E-5,1148,15.43,29.200,0.00666,-31,-9.96E-4,29.200,0.00705,-45,66.73,29.200,0.02564,142,56.22,29.200,0.03200,96,76.29,29.200,0.05086,141,99.24,,,,
29.400,-0.07168,2457,-495.26,29.400,0.00423,-26,-1.07,29.400,4.38271E-4,72,4.35,29.400,0.00473,124,16.48,29.400,0.01396,113,37.90,29.400,0.00591,-39,41.01,29.400,9.92173E-5,1166,15.44,29.400,0.00665,-30,0.00,29.400,0.00730,-45,77.24,29.400,0.02582,140,57.16,29.400,0.03225,97,76.62,29.400,0.05122,143,105.16,,,,
29.600,-0.07589,2473,-604.08,29.600,0.00421,-25,-0.71,29.600,4.52240E-4,73,3.63,29.600,0.00474,135,17.02,29.600,0.01408,113,36.65,29.600,0.00605,-39,47.69,29.600,1.46332E-4,1177,15.57,29.600,0.00666,-31,0.73,29.600,0.00759,-45,76.07,29.600,0.02600,143,60.45,29.600,0.03252,96,76.39,29.600,0.05158,143,102.80,,,,
29.800,-0.07709,2477,-392.75,29.800,0.00422,-25,-0.36,29.800,4.49791E-4,74,2.66,29.800,0.00482,139,23.36,29.800,0.01420,113,36.44,29.800,0.00624,-39,49.94,29.800,1.98182E-4,1189,15.40,29.800,0.00667,-31,-0.27,29.800,0.00783,-45,73.96,29.800,0.02622,144,65.80,29.800,0.03277,96,75.82,29.800,0.05192,142,94.44,,,,
30.000,-0.07748,2478,-307.67,30.000,0.00422,-25,-0.71,30.000,4.72016E-4,74,2.99,30.000,0.00492,139,30.14,30.000,0.01432,113,37.08,30.000,0.00639,-39,47.15,30.000,2.56064E-4,1204,12.85,30.000,0.00666,-31,-1.64,30.000,0.00803,-45,76.81,30.000,0.02644,147,68.93,30.000,0.03301,97,76.30,30.000,0.05221,136,87.97,,,,
30.200,-0.07795,2480,-296.00,30.200,0.00421,-25,-0.35,30.200,4.71637E-4,75,4.10,30.200,0.00503,137,32.16,30.200,0.01445,114,37.67,30.200,0.00656,-39,43.08,30.200,2.97396E-4,1209,9.58,30.200,0.00665,-30,-1.27,30.200,0.00833,-46,95.77,30.200,0.02669,146,66.98,30.200,0.03327,98,78.20,30.200,0.05248,136,85.91,,,,
30.400,-0.08118,2491,-477.73,30.400,0.00421,-25,1.78,30.400,4.90122E-4,75,3.65,30.400,0.00514,137,33.25,30.400,0.01458,114,37.99,30.400,0.00667,-39,42.74,30.400,3.04097E-4,1202,9.97,30.400,0.00665,-30,0.22,30.400,0.00862,-47,110.56,30.400,0.02691,142,61.23,30.400,0.03354,96,80.12,30.400,0.05278,139,87.21,,,,
30.600,-0.07930,2485,-592.76,30.600,0.00423,-26,1.42,30.600,5.13617E-4,75,3.63,30.600,0.00524,140,34.39,30.600,0.01470,114,36.80,30.600,0.00683,-39,45.06,30.600,3.41709E-4,1203,14.47,30.600,0.00665,-30,1.70,30.600,0.00916,-56,107.55,30.600,0.02709,140,55.65,30.600,0.03380,98,82.11,30.600,0.05306,138,87.99,,,,
30.800,-0.08568,2507,-582.98,30.800,0.00424,-26,0.00,30.800,5.02986E-4,77,4.46,30.800,0.00537,140,34.81,30.800,0.01483,113,35.06,30.800,0.00699,-39,49.04,30.800,4.11198E-4,1222,18.38,30.800,0.00666,-30,2.53,30.800,0.00942,-55,86.91,30.800,0.02726,139,54.67,30.800,0.03408,100,82.37,30.800,0.05337,138,86.68,,,,
31.000,-0.08531,2505,-765.17,31.000,0.00421,-25,0.00,31.000,5.31322E-4,77,5.87,31.000,0.00549,138,33.90,31.000,0.01493,115,34.30,31.000,0.00714,-39,50.24,31.000,4.79727E-4,1238,19.25,31.000,0.00667,-31,,31.000,0.00969,-56,64.25,31.000,0.02745,140,56.84,31.000,0.03437,97,81.00,31.000,0.05366,139,84.39,,,,
31.200,-0.08684,2510,-617.32,31.200,0.00423,-26,1.42,31.200,5.61590E-4,76,6.39,31.200,0.00559,139,32.16,31.200,0.01505,114,34.39,31.200,0.00733,-39,49.00,31.200,5.33675E-4,1247,18.05,,,,,31.200,0.00983,-56,57.46,31.200,0.02765,144,58.45,31.200,0.03462,95,77.35,31.200,0.05392,137,82.49,,,,
31.400,-0.09345,2531,-511.66,31.400,0.00424,-26,1.42,31.400,5.72329E-4,78,5.23,31.400,0.00570,138,31.82,31.400,0.01517,113,35.24,31.400,0.00749,-39,45.47,31.400,6.04329E-4,1258,19.00,,,,,31.400,0.01003,-55,60.93,31.400,0.02785,140,57.83,31.400,0.03489,95,73.73,31.400,0.05420,136,82.47,,,,
31.600,-0.08989,2520,-525.07,31.600,0.00424,-26,-0.71,31.600,5.89751E-4,78,5.00,31.600,0.00580,138,32.76,31.600,0.01528,116,35.38,31.600,0.00762,-40,41.96,31.600,6.47575E-4,1259,22.16,,,,,31.600,0.01023,-55,69.21,31.600,0.02803,143,57.50,31.600,0.03511,95,70.54,31.600,0.05448,140,81.95,,,,
31.800,-0.09249,2529,-719.75,31.800,0.00423,-26,-1.42,31.800,6.07680E-4,78,5.89,31.800,0.00591,140,34.28,31.800,0.01540,115,36.39,31.800,0.00776,-39,44.68,31.800,7.45735E-4,1275,25.03,,,,,31.800,0.01051,-56,71.64,31.800,0.02822,140,59.06,31.800,0.03535,93,68.36,31.800,0.05475,138,79.65,,,,
32.000,-0.09830,2546,-852.79,32.000,0.00423,-26,-1.42,32.000,6.26249E-4,78,5.93,32.000,0.00603,141,35.02,32.000,0.01552,116,38.35,32.000,0.00790,-38,50.27,32.000,8.35424E-4,1284,24.56,,,,,32.000,0.01074,-56,67.41,32.000,0.02843,144,61.34,32.000,0.03557,93,67.66,32.000,0.05501,135,78.33,,,,
32.200,-0.09943,2549,-581.45,32.200,0.00422,-25,-1.78,32.200,6.53554E-4,78,4.96,32.200,0.00615,139,33.30,32.200,0.01566,117,39.50,32.200,0.00811,-39,49.97,32.200,9.17083E-4,1284,19.76,,,,,32.200,0.01095,-55,63.70,32.200,0.02864,144,61.72,32.200,0.03580,95,69.08,32.200,0.05526,137,79.00,,,,
32.400,-0.10000,2551,-435.36,32.400,0.00421,-25,-0.35,32.400,6.62491E-4,79,4.20,32.400,0.00626,139,30.09,32.400,0.01579,118,40.11,32.400,0.00828,-39,44.69,32.400,9.67489E-4,1265,15.82,,,,,32.400,0.01113,-55,63.36,32.400,0.02884,144,60.57,32.400,0.03602,97,72.47,32.400,0.05554,138,79.67,,,,
32.600,-0.10242,2558,-290.64,32.600,0.00421,-25,1.78,32.600,6.70690E-4,80,4.18,32.600,0.00635,137,27.84,32.600,0.01592,117,39.57,32.600,0.00838,-39,39.86,32.600,0.00101,1234,29.72,,,,,32.600,0.01139,-56,61.25,32.600,0.02904,141,59.16,32.600,0.03628,97,75.47,32.600,0.05580,138,77.19,,,,
32.800,-0.10402,2563,-428.55,32.800,0.00424,-26,2.13,32.800,6.93158E-4,80,5.42,32.800,0.00644,139,27.74,32.800,0.01606,117,39.01,32.800,0.00852,-39,42.59,32.800,0.00106,1147,98.45,,,,,32.800,0.01157,-55,49.31,32.800,0.02924,141,58.83,32.800,0.03654,98,76.76,32.800,0.05606,136,67.56,,,,
33.000,-0.10123,2555,-815.82,33.000,0.00424,-26,0.71,33.000,7.06456E-4,80,6.67,33.000,0.00653,139,27.62,33.000,0.01618,118,38.87,33.000,0.00866,-39,46.77,33.000,0.00142,553,353.22,,,,,33.000,0.01174,-55,32.41,33.000,0.02942,142,59.16,33.000,0.03679,95,75.93,33.000,0.05628,134,52.32,,,,
33.200,-0.10976,2579,-843.04,33.200,0.00423,-26,-1.07,33.200,7.35031E-4,80,6.97,33.200,0.00663,136,27.09,33.200,0.01631,117,39.45,33.200,0.00885,-39,47.81,33.200,0.00253,84,535.75,,,,,33.200,0.01176,-54,17.29,33.200,0.02963,142,60.74,33.200,0.03704,95,75.75,33.200,0.05641,127,35.59,,,,
33.400,-0.11299,2587,-487.24,33.400,0.00423,-26,-2.13,33.400,7.62131E-4,81,7.87,33.400,0.00671,138,27.72,33.400,0.01644,119,41.37,33.400,0.00899,-39,45.84,33.400,0.00661,-74,466.63,,,,,33.400,0.01184,-56,9.95,33.400,0.02983,144,63.68,33.400,0.03729,95,76.76,33.400,0.05650,118,23.04,,,,
33.600,-0.10912,2577,-527.85,33.600,0.00422,-25,-1.78,33.600,7.76909E-4,82,8.21,33.600,0.00680,141,30.96,33.600,0.01659,120,42.24,33.600,0.00915,-39,42.83,33.600,0.00659,-73,206.86,,,,,33.600,0.01182,-55,10.84,33.600,0.03005,145,65.80,33.600,0.03755,97,79.07,33.600,0.05655,113,15.87,,,,
33.800,-0.11162,2584,-797.25,33.800,0.00420,-25,0.00,33.800,8.22046E-4,81,8.60,33.800,0.00691,143,34.19,33.800,0.01674,119,41.14,33.800,0.00927,-39,40.02,33.800,0.00669,-76,2.96,,,,,33.800,0.01189,-56,15.15,33.800,0.03028,144,65.27,33.800,0.03782,97,81.21,33.800,0.05660,110,10.49,,,,
34.000,-0.12169,2610,-387.64,34.000,0.00422,-25,1.42,34.000,8.39383E-4,81,8.52,34.000,0.00704,141,34.52,34.000,0.01686,120,38.78,34.000,0.00942,-39,40.31,34.000,0.00658,-73,0.28,,,,,34.000,0.01193,-55,24.77,34.000,0.03049,144,60.71,34.000,0.03810,97,83.09,34.000,0.05663,107,6.40,,,,
34.200,-0.11636,2596,-145.90,34.200,0.00423,-26,1.06,34.200,8.71576E-4,81,7.26,34.200,0.00715,139,32.12,34.200,0.01699,119,36.85,34.200,0.00952,-39,44.35,34.200,0.00667,-75,-0.23,,,,,34.200,0.01203,-55,34.19,34.200,0.03069,142,54.91,34.200,0.03837,98,84.77,34.200,0.05664,106,6.90,,,,
34.400,-0.11213,2585,-428.95,34.400,0.00422,-25,-1.07,34.400,8.97688E-4,82,6.89,34.400,0.00725,137,29.54,34.400,0.01711,118,36.77,34.400,0.00971,-40,48.50,34.400,0.00661,-73,8.47,,,,,34.400,0.01217,-55,42.82,34.400,0.03086,134,52.20,34.400,0.03866,97,86.58,34.400,0.05664,108,14.78,,,,
34.600,-0.12410,2616,-1160.79,34.600,0.00422,-25,-1.78,34.600,9.08886E-4,83,7.38,34.600,0.00734,139,29.10,34.600,0.01723,120,37.15,34.600,0.00987,-40,45.81,34.600,0.00666,-73,16.34,,,,,34.600,0.01233,-55,46.95,34.600,0.03102,139,54.60,34.600,0.03895,97,87.92,34.600,0.05672,113,29.86,,,,
34.800,-0.12253,2612,-974.70,34.800,0.00421,-25,-0.71,34.800,9.39848E-4,82,8.49,34.800,0.00744,140,30.13,34.800,0.01736,120,37.07,34.800,0.01004,-40,38.04,34.800,0.00677,-74,23.89,,,,,34.800,0.01248,-55,52.17,34.800,0.03121,142,60.73,34.800,0.03925,97,87.64,34.800,0.05684,125,50.68,,,,
35.000,-0.12917,2628,-821.11,35.000,0.00421,-25,-0.35,35.000,9.76986E-4,81,8.47,35.000,0.00755,139,31.96,35.000,0.01748,120,36.88,35.000,0.01011,-39,36.79,35.000,0.00684,-74,21.62,,,,,35.000,0.01266,-55,59.55,35.000,0.03143,144,66.16,35.000,0.03954,95,87.67,35.000,0.05704,143,73.39,,,,
35.200,-0.12655,2622,-1080.40,35.200,0.00422,-25,0.36,35.200,9.99288E-4,82,7.68,35.200,0.00765,141,34.17,35.200,0.01760,120,37.27,35.200,0.01023,-39,37.97,35.200,0.00690,-73,19.27,,,,,35.200,0.01289,-55,64.14,35.200,0.03166,143,69.39,35.200,0.03982,96,88.04,35.200,0.05734,150,93.03,,,,
35.400,-0.13651,2645,-814.93,35.400,0.00420,-25,1.07,35.400,0.00102,82,7.69,35.400,0.00777,142,36.68,35.400,0.01773,122,38.80,35.400,0.01041,-40,39.28,35.400,0.00695,-73,21.52,,,,,35.400,0.01311,-55,63.64,35.400,0.03189,146,71.90,35.400,0.04013,96,88.19,35.400,0.05769,152,105.56,,,,
35.600,-0.13681,2646,-853.93,35.600,0.00422,-25,1.78,35.600,0.00105,81,8.18,35.600,0.00790,142,38.21,35.600,0.01786,122,39.70,35.600,0.01049,-39,36.09,35.600,0.00704,-73,23.78,,,,,35.600,0.01331,-56,59.99,35.600,0.03214,145,73.55,35.600,0.04042,96,85.78,35.600,0.05805,149,114.51,,,,
35.800,-0.13521,2642,-547.17,35.800,0.00423,-26,1.78,35.800,0.00108,81,7.90,35.800,0.00803,141,37.96,35.800,0.01800,120,39.43,35.800,0.01063,-39,33.62,35.800,0.00713,-73,23.39,,,,,35.800,0.01351,-56,56.59,35.800,0.03239,145,74.14,35.800,0.04071,93,81.05,35.800,0.05844,148,122.20,,,,
36.000,-0.14492,2664,-188.14,36.000,0.00423,-26,-0.36,36.000,0.00110,81,6.78,36.000,0.00816,141,36.07,36.000,0.01812,122,38.23,36.000,0.01074,-39,28.03,36.000,0.00720,-74,24.23,,,,,36.000,0.01369,-55,46.04,36.000,0.03263,145,73.72,36.000,0.04096,92,78.16,36.000,0.05888,148,126.54,,,,
36.200,-0.13933,2652,-10.79,36.200,0.00423,-26,-1.07,36.200,0.00113,81,5.83,36.200,0.00828,141,33.80,36.200,0.01825,122,37.15,36.200,0.01084,-40,16.56,36.200,0.00727,-73,25.26,,,,,36.200,0.01386,-55,29.44,36.200,0.03287,144,72.57,36.200,0.04121,92,77.85,36.200,0.05930,144,122.75,,,,
36.400,-0.13645,2645,-565.67,36.400,0.00421,-25,-1.42,36.400,0.00114,81,5.48,36.400,0.00838,140,32.73,36.400,0.01837,121,37.35,36.400,0.01084,-39,6.01,36.400,0.00739,-74,26.26,,,,,36.400,0.01388,-55,13.67,36.400,0.03312,144,71.25,36.400,0.04148,94,80.73,36.400,0.05972,143,115.07,,,,
36.600,-0.14390,2662,-1291.15,36.600,0.00422,-25,-1.07,36.600,0.00116,81,6.11,36.600,0.00848,142,33.74,36.600,0.01850,123,38.85,36.600,0.01086,-39,1.13,36.600,0.00744,-73,24.50,,,,,36.600,0.01391,-56,5.20,36.600,0.03335,143,70.87,36.600,0.04174,96,83.25,36.600,0.06006,138,111.90,,,,
36.800,-0.15167,2678,-1044.77,36.800,0.00421,-25,0.00,36.800,0.00118,80,7.56,36.800,0.00860,143,35.00,36.800,0.01863,125,40.73,36.800,0.01084,-39,-0.38,36.800,0.00755,-74,24.37,,,,,36.800,0.01391,-56,0.01,36.800,0.03358,144,71.25,36.800,0.04204,94,84.13,36.800,0.06043,142,115.57,,,,
37.000,-0.14994,2675,-738.14,37.000,0.00421,-25,0.71,37.000,0.00121,80,7.87,37.000,0.00873,142,34.38,37.000,0.01877,124,41.94,37.000,0.01087,-39,-2.30,37.000,0.00760,-73,25.96,,,,,37.000,0.01393,-56,-4.19,37.000,0.03383,144,71.15,37.000,0.04231,93,84.40,37.000,0.06083,142,119.79,,,,
37.200,-0.15131,2678,-983.98,37.200,0.00422,-25,1.42,37.200,0.00124,79,6.65,37.200,0.00884,141,32.30,37.200,0.01891,124,42.49,37.200,0.01083,-38,-2.30,37.200,0.00772,-73,27.27,,,,,37.200,0.01386,-54,-2.94,37.200,0.03406,143,70.30,37.200,0.04259,95,84.94,37.200,0.06125,141,119.15,,,,
37.400,-0.15903,2693,-1066.62,37.400,0.00422,-25,1.42,37.400,0.00125,79,4.99,37.400,0.00894,141,31.34,37.400,0.01905,127,42.73,37.400,0.01083,-38,1.15,37.400,0.00779,-72,28.61,,,,,37.400,0.01388,-55,-0.43,37.400,0.03429,140,69.74,37.400,0.04288,95,84.22,37.400,0.06162,138,116.63,,,,
37.600,-0.16226,2700,-801.08,37.600,0.00423,-26,0.36,37.600,0.00127,79,4.94,37.600,0.00904,141,32.42,37.600,0.01919,126,42.22,37.600,0.01083,-38,4.22,37.600,0.00791,-73,26.89,,,,,37.600,0.01391,-55,4.20,37.600,0.03453,143,69.40,37.600,0.04317,92,81.83,37.600,0.06201,139,117.43,,,,
37.800,-0.16032,2696,-625.56,37.800,0.00424,-26,-0.71,37.800,0.00128,80,5.89,37.800,0.00915,141,34.58,37.800,0.01934,124,40.22,37.800,0.01088,-40,1.53,37.800,0.00799,-73,25.27,,,,,37.800,0.01388,-55,1.69,37.800,0.03476,142,69.16,37.800,0.04342,94,79.09,37.800,0.06240,139,119.54,,,,
38.000,-0.16604,2707,-376.32,38.000,0.00421,-25,-1.07,38.000,0.00131,79,7.31,38.000,0.00927,143,36.54,38.000,0.01947,125,37.97,38.000,0.01086,-39,-0.39,38.000,0.00806,-73,23.53,,,,,38.000,0.01395,-57,-2.51,38.000,0.03498,141,69.13,38.000,0.04369,92,78.07,38.000,0.06283,138,116.85,,,,
38.200,-0.16776,2711,-413.55,38.200,0.00422,-25,-9.77E-4,38.200,0.00133,80,8.16,38.200,0.00940,143,37.73,38.200,0.01958,126,36.38,38.200,0.01083,-38,1.15,38.200,0.00814,-73,23.22,,,,,38.200,0.01387,-54,-2.52,38.200,0.03522,143,69.43,38.200,0.04394,92,78.73,38.200,0.06321,138,113.55,,,,
38.400,-0.16234,2700,-893.20,38.400,0.00422,-25,0.71,38.400,0.00137,79,7.01,38.400,0.00952,144,37.35,38.400,0.01971,125,37.60,38.400,0.01087,-39,4.62,38.400,0.00822,-74,24.50,,,,,38.400,0.01386,-54,-1.27,38.400,0.03545,140,68.83,38.400,0.04421,94,78.52,38.400,0.06355,135,115.98,,,,
38.600,-0.17228,2719,-1537.64,38.600,0.00423,-26,0.00,38.600,0.00139,79,5.55,38.600,0.00965,142,37.21,38.600,0.01983,128,39.01,38.600,0.01089,-40,2.53,38.600,0.00829,-73,27.28,,,,,38.600,0.01391,-56,2.09,38.600,0.03568,141,66.96,38.600,0.04448,93,79.45,38.600,0.06395,139,126.73,,,,
38.800,-0.17938,2733,-1482.30,38.800,0.00422,-25,-1.07,38.800,0.00139,81,4.85,38.800,0.00976,144,38.02,38.800,0.01998,127,39.39,38.800,0.01090,-40,4.32,38.800,0.00840,-74,29.62,,,,,38.800,0.01388,-55,2.52,38.800,0.03590,141,64.57,38.800,0.04473,94,79.99,38.800,0.06440,141,139.20,,,,
39.000,-0.18148,2737,-550.05,39.000,0.00422,-25,-1.42,39.000,0.00142,80,6.98,39.000,0.00990,143,38.84,39.000,0.02009,128,39.81,39.000,0.01086,-39,12.87,39.000,0.00851,-73,31.04,,,,,39.000,0.01390,-55,0.42,39.000,0.03611,140,62.67,39.000,0.04501,93,80.85,39.000,0.06489,141,145.08,,,,
39.200,-0.18279,2739,-196.67,39.200,0.00421,-25,-0.36,39.200,0.00144,80,8.20,39.200,0.01003,145,38.21,39.200,0.02023,129,39.89,39.200,0.01099,-40,25.95,39.200,0.00859,-73,33.17,,,,,39.200,0.01393,-56,-2.09,39.200,0.03631,138,62.53,39.200,0.04527,93,82.46,39.200,0.06539,141,143.95,,,,
39.400,-0.17987,2734,-481.75,39.400,0.00421,-25,1.07,39.400,0.00148,78,6.52,39.400,0.01016,143,35.43,39.400,0.02037,129,40.40,39.400,0.01106,-39,39.52,39.400,0.00872,-73,36.50,,,,,39.400,0.01387,-54,-4.61,39.400,0.03652,140,63.13,39.400,0.04555,95,83.68,39.400,0.06586,137,140.32,,,,
39.600,-0.18492,2743,-1118.88,39.600,0.00422,-25,1.78,39.600,0.00149,79,5.81,39.600,0.01027,142,34.46,39.600,0.02050,129,40.62,39.600,0.01122,-39,49.97,39.600,0.00886,-73,40.09,,,,,39.600,0.01386,-54,0.00,39.600,0.03674,140,61.95,39.600,0.04584,94,83.78,39.600,0.06631,140,141.76,,,,
39.800,-0.18898,2750,-1372.53,39.800,0.00423,-26,1.07,39.800,0.00149,80,5.50,39.800,0.01037,143,36.15,39.800,0.02063,128,41.42,39.800,0.01142,-39,58.23,39.800,0.00897,-73,39.50,,,,,39.800,0.01387,-54,4.19,39.800,0.03694,138,59.65,39.800,0.04612,93,82.63,39.800,0.06678,142,148.26,,,,
40.000,-0.19606,2762,-1100.23,40.000,0.00423,-26,0.36,40.000,0.00154,78,7.01,40.000,0.01051,144,39.61,40.000,0.02078,130,42.39,40.000,0.01162,-39,62.59,40.000,0.00914,-73,36.50,,,,,40.000,0.01393,-56,-0.41,40.000,0.03713,136,59.39,40.000,0.04638,93,81.83,40.000,0.06731,139,153.85,,,,
40.200,-0.19618,2763,-727.06,40.200,0.00423,-26,0.36,40.200,0.00154,80,7.31,40.200,0.01065,145,41.39,40.200,0.02092,130,41.88,40.200,0.01182,-39,67.20,40.200,0.00923,-73,35.40,,,,,40.200,0.01389,-55,-5.44,40.200,0.03733,139,61.77,40.200,0.04666,94,82.70,40.200,0.06782,139,156.11,,,,
40.400,-0.19972,2769,-358.93,40.400,0.00423,-26,0.71,40.400,0.00158,79,7.13,40.400,0.01079,144,40.99,40.400,0.02106,131,41.46,40.400,0.01207,-39,71.24,40.400,0.00934,-73,36.21,,,,,40.400,0.01384,-53,-1.25,40.400,0.03754,142,63.79,40.400,0.04693,94,83.35,40.400,0.06834,137,154.60,,,,
40.600,-0.19986,2769,-275.39,40.600,0.00424,-26,4.89E-4,40.600,0.00160,80,7.57,40.600,0.01092,145,39.79,40.600,0.02119,131,41.49,40.600,0.01231,-39,70.11,40.600,0.00949,-73,40.14,,,,,40.600,0.01386,-54,6.25,40.600,0.03776,140,64.52,40.600,0.04722,93,83.00,40.600,0.06887,136,152.73,,,,
40.800,-0.19956,2768,-409.57,40.800,0.00424,-26,-2.13,40.800,0.00163,80,6.77,40.800,0.01106,144,38.48,40.800,0.02134,130,41.75,40.800,0.01255,-39,63.98,40.800,0.00960,-73,43.90,,,,,40.800,0.01394,-56,3.80,40.800,0.03797,140,65.71,40.800,0.04749,93,81.87,40.800,0.06936,136,149.74,,,,
41.000,-0.20185,2772,-946.74,41.000,0.00422,-25,-2.49,41.000,0.00165,80,6.52,41.000,0.01118,144,37.32,41.000,0.02147,130,42.80,41.000,0.01274,-39,56.90,41.000,0.00976,-74,50.06,,,,,41.000,0.01391,-56,-6.36,41.000,0.03819,143,68.22,41.000,0.04776,92,80.31,41.000,0.06986,136,148.87,,,,
41.200,-0.20592,2779,-986.00,41.200,0.00420,-25,-0.71,41.200,0.00167,79,6.91,41.200,0.01130,143,35.67,41.200,0.02161,133,43.08,41.200,0.01293,-39,53.76,41.200,0.00994,-73,,,,,,41.200,0.01386,-54,-9.51,41.200,0.03843,143,71.07,41.200,0.04803,92,80.22,41.200,0.07034,133,152.67,,,,
41.400,-0.21244,2789,-355.97,41.400,0.00422,-25,0.71,41.400,0.00169,80,7.29,41.400,0.01142,143,35.46,41.400,0.02177,132,42.13,41.400,0.01308,-39,53.02,,,,,,,,,41.400,0.01381,-55,-6.67,41.400,0.03867,142,72.19,41.400,0.04829,93,82.67,41.400,0.07086,133,155.26,,,,
41.600,-0.20870,2783,121.67,41.600,0.00422,-25,1.06,41.600,0.00173,79,7.17,41.600,0.01153,145,36.59,41.600,0.02190,131,40.04,41.600,0.01329,-39,53.50,,,,,,,,,41.600,0.01385,-56,-1.95,41.600,0.03892,142,71.95,41.600,0.04857,95,85.94,41.600,0.07141,132,157.15,,,,
41.800,-0.20619,2779,253.84,41.800,0.00421,-25,1.07,41.800,0.00173,80,7.53,41.800,0.01166,144,37.56,41.800,0.02203,130,38.72,41.800,0.01344,-39,55.72,,,,,,,,,41.800,0.01379,-54,-0.87,41.800,0.03915,143,71.16,41.800,0.04888,95,86.13,41.800,0.07190,136,158.28,,,,
42.000,-0.20973,2785,-450.17,42.000,0.00423,-26,1.07,42.000,0.00176,79,7.65,42.000,0.01179,143,37.31,42.000,0.02216,131,40.23,42.000,0.01364,-39,56.64,,,,,,,,,42.000,0.01384,-56,0.41,42.000,0.03939,141,70.30,42.000,0.04916,94,81.88,42.000,0.07245,133,160.55,,,,
42.200,-0.20633,2780,-1379.32,42.200,0.00424,-26,0.36,42.200,0.00180,78,8.24,42.200,0.01191,145,35.59,42.200,0.02229,134,41.58,42.200,0.01384,-39,55.79,,,,,,,,,42.200,0.01380,-54,3.35,42.200,0.03962,142,69.45,42.200,0.04942,93,75.69,42.200,0.07299,129,165.04,,,,
42.400,-0.21757,2798,-1571.73,42.400,0.00422,-25,-0.36,42.400,0.00181,78,7.07,42.400,0.01203,143,33.47,42.400,0.02244,134,43.09,42.400,0.01401,-39,48.90,,,,,,,,,42.400,0.01384,-56,2.52,42.400,0.03985,139,69.28,42.400,0.04966,89,71.12,42.400,0.07353,132,167.29,,,,
42.600,-0.22594,2811,-867.38,42.600,0.00423,-26,-1.07,42.600,0.00185,77,5.58,42.600,0.01214,142,32.38,42.600,0.02257,136,43.44,42.600,0.01418,-39,42.55,,,,,,,,,42.600,0.01385,-56,0.42,42.600,0.04007,141,69.39,42.600,0.04989,88,70.71,42.600,0.07412,128,168.60,,,,
42.800,-0.22155,2804,-18.73,42.800,0.00423,-26,-1.42,42.800,0.00186,77,4.80,42.800,0.01223,144,33.69,42.800,0.02273,135,43.37,42.800,0.01428,-39,40.02,,,,,,,,,42.800,0.01384,-56,-2.94,42.800,0.04032,142,70.20,42.800,0.05012,93,75.38,42.800,0.07467,121,169.68,,,,
43.000,-0.21969,2801,-392.86,43.000,0.00421,-25,-1.07,43.000,0.00187,78,4.17,43.000,0.01235,146,36.03,43.000,0.02287,135,43.89,43.000,0.01443,-39,35.62,,,,,,,,,43.000,0.01381,-55,-2.10,43.000,0.04054,141,70.61,43.000,0.05038,95,83.30,43.000,0.07522,120,176.44,,,,
43.200,-0.22419,2808,-965.45,43.200,0.00421,-25,0.71,43.200,0.00189,78,5.14,43.200,0.01249,144,36.84,43.200,0.02302,133,44.00,43.200,0.01457,-39,24.81,,,,,,,,,43.200,0.01383,-55,1.26,43.200,0.04079,141,69.86,43.200,0.05068,96,90.07,43.200,0.07581,116,241.42,,,,
43.400,-0.23116,2819,-320.41,43.400,0.00422,-25,1.07,43.400,0.00190,78,5.28,43.400,0.01260,145,35.97,43.400,0.02317,137,44.83,43.400,0.01461,-39,9.97,,,,,,,,,43.400,0.01383,-55,2.10,43.400,0.04102,140,68.19,43.400,0.05099,97,91.79,43.400,0.07650,98,324.89,,,,
43.600,-0.22939,2816,12.33,43.600,0.00423,-26,0.36,43.600,0.00193,77,5.33,43.600,0.01272,146,35.22,43.600,0.02331,137,44.05,43.600,0.01460,-38,2.82,,,,,,,,,43.600,0.01385,-56,-2.09,43.600,0.04124,139,65.71,43.600,0.05130,94,90.54,43.600,0.07822,26,338.84,,,,
43.800,-0.22090,2803,-861.96,43.800,0.00421,-25,1.30E-13,43.800,0.00194,78,4.97,43.800,0.01284,145,34.37,43.800,0.02347,136,42.70,43.800,0.01459,-38,4.23,,,,,,,,,43.800,0.01383,-55,-0.40,43.800,0.04145,139,64.20,43.800,0.05159,94,88.45,43.800,0.07931,0,253.09,,,,
44.000,-0.23421,2823,-1471.64,44.000,0.00423,-26,-4.88E-4,44.000,0.00196,77,4.24,44.000,0.01295,145,32.57,44.000,0.02360,137,42.36,44.000,0.01464,-39,4.61,,,,,,,,,44.000,0.01379,-54,1.27,44.000,0.04167,139,64.61,44.000,0.05189,94,86.81,44.000,0.07978,0,127.83,,,,
44.200,-0.24358,2837,-1138.24,44.200,0.00422,-25,0.36,44.200,0.00197,78,3.77,44.200,0.01305,144,32.55,44.200,0.02374,137,43.04,44.200,0.01465,-40,1.92,,,,,,,,,44.200,0.01389,-57,0.42,44.200,0.04188,137,66.32,44.200,0.05218,93,84.88,44.200,0.08001,2,58.31,,,,
44.400,-0.23614,2826,-208.60,44.400,0.00422,-25,-0.71,44.400,0.00198,78,4.11,44.400,0.01316,147,34.56,44.400,0.02389,138,43.20,44.400,0.01463,-39,-0.39,,,,,,,,,44.400,0.01382,-55,-1.70,44.400,0.04211,139,67.61,44.400,0.05245,91,81.53,44.400,0.08009,4,34.03,,,,
44.600,-0.24173,2834,-388.18,44.600,0.00423,-26,-0.35,44.600,0.00199,78,5.19,44.600,0.01329,147,36.35,44.600,0.02403,140,41.07,44.600,0.01464,-39,2.31,,,,,,,,,44.600,0.01380,-54,-2.95,44.600,0.04234,140,68.18,44.600,0.05272,90,77.42,44.600,0.08017,3,24.03,,,,
44.800,-0.24023,2832,-1558.22,44.800,0.00421,-25,1.30E-13,44.800,0.00202,77,5.13,44.800,0.01341,147,36.62,44.800,0.02416,136,39.48,44.800,0.01465,-40,,,,,,,,,,44.800,0.01384,-55,1.25,44.800,0.04256,139,69.18,44.800,0.05297,90,73.67,44.800,0.08029,0,13.71,,,,
45.000,-0.24725,2842,-984.10,45.000,0.00423,-26,1.42,45.000,0.00203,77,4.60,45.000,0.01353,147,35.80,45.000,0.02428,137,41.03,,,,,,,,,,,,,45.000,0.01381,-55,,45.000,0.04279,140,71.57,45.000,0.05321,90,72.58,45.000,0.08028,1,4.24,,,,
45.200,-0.26178,2862,445.68,45.200,0.00422,-25,1.78,45.200,0.00204,78,4.69,45.200,0.01365,148,34.71,45.200,0.02443,139,43.95,,,,,,,,,,,,,,,,,45.200,0.04304,143,73.26,45.200,0.05345,90,75.22,45.200,0.08025,2,0.27,,,,
45.400,-0.23987,2832,34.48,45.400,0.00424,-26,0.71,45.400,0.00206,77,5.63,45.400,0.01376,147,33.53,45.400,0.02459,140,45.48,,,,,,,,,,,,,,,,,45.400,0.04329,141,73.43,45.400,0.05370,92,78.53,45.400,0.08030,0,2.74,,,,
45.600,-0.23871,2830,-1015.46,45.600,0.00423,-26,-9.78E-4,45.600,0.00209,77,6.01,45.600,0.01387,147,33.74,45.600,0.02474,140,43.57,,,,,,,,,,,,,,,,,45.600,0.04353,140,71.12,45.600,0.05398,91,80.03,45.600,0.08028,1,2.44,,,,
45.800,-0.26964,2873,-1580.31,45.800,0.00424,-26,0.00,45.800,0.00210,77,6.10,45.800,0.01398,150,35.14,45.800,0.02488,140,41.15,,,,,,,,,,,,,,,,,45.800,0.04377,139,67.42,45.800,0.05424,91,82.13,45.800,0.08030,0,0.30,,,,
46.000,-0.25232,2849,-1001.54,46.000,0.00423,-26,0.36,46.000,0.00212,78,5.87,46.000,0.01411,151,35.27,46.000,0.02501,140,40.01,,,,,,,,,,,,,,,,,46.000,0.04398,136,64.71,46.000,0.05451,94,86.24,46.000,0.08029,0,0.61,,,,
46.200,-0.25786,2857,-1227.76,46.200,0.00424,-26,0.00,46.200,0.00215,78,6.17,46.200,0.01422,150,34.64,46.200,0.02514,139,39.93,,,,,,,,,,,,,,,,,46.200,0.04419,138,63.91,46.200,0.05482,93,89.70,46.200,0.08029,0,-0.61,,,,
46.400,-0.27051,2874,-2007.20,46.400,0.00423,-26,-0.71,46.400,0.00216,78,7.18,46.400,0.01433,151,35.41,46.400,0.02528,141,40.12,,,,,,,,,,,,,,,,,46.400,0.04441,137,62.32,46.400,0.05513,91,90.08,46.400,0.08030,0,-0.92,,,,
46.600,-0.27600,2881,-1281.94,46.600,0.00424,-26,-1.07,46.600,0.00219,79,8.34,46.600,0.01445,155,37.21,46.600,0.02541,140,81.67,,,,,,,,,,,,,,,,,46.600,0.04462,138,58.01,46.600,0.05541,92,87.68,46.600,0.08028,1,0.00,,,,
46.800,-0.27433,2879,-1105.54,46.800,0.00422,-25,-1.07,46.800,0.00222,79,8.77,46.800,0.01459,152,38.12,46.800,0.02554,141,202.99,,,,,,,,,,,,,,,,,46.800,0.04479,132,53.61,46.800,0.05571,90,85.07,46.800,0.08029,0,-0.30,,,,
47.000,-0.27969,2886,-1665.68,47.000,0.00423,-26,-0.71,47.000,0.00225,80,8.70,47.000,0.01471,153,38.44,47.000,0.02651,74,280.15,,,,,,,,,,,,,,,,,47.000,0.04496,134,52.80,47.000,0.05599,91,82.41,47.000,0.08031,0,-1.22,,,,
47.200,-0.28893,2898,-1575.48,47.200,0.00421,-25,0.71,47.200,0.00227,81,9.68,47.200,0.01483,157,39.28,47.200,0.02823,-2,227.15,,,,,,,,,,,,,,,,,47.200,0.04513,136,56.20,47.200,0.05626,90,81.11,47.200,0.08027,1,-0.92,,,,
47.400,-0.29470,2905,-1336.00,47.400,0.00423,-26,0.36,47.400,0.00231,80,10.29,47.400,0.01498,156,39.93,47.400,0.02832,-2,90.05,,,,,,,,,,,,,,,,,47.400,0.04533,139,61.22,47.400,0.05652,89,83.00,47.400,0.08027,1,1.83,,,,
47.600,-0.29082,2900,-1249.24,47.600,0.00424,-26,-1.30E-13,47.600,0.00235,78,8.96,47.600,0.01511,156,40.13,47.600,0.02828,0,-0.59,,,,,,,,,,,,,,,,,47.600,0.04555,141,66.46,47.600,0.05681,91,86.79,47.600,0.08030,0,3.98,,,,
47.800,-0.30452,2917,-1323.67,47.800,0.00421,-25,-0.71,47.800,0.00237,77,5.90,47.800,0.01523,159,40.09,47.800,0.02827,0,-0.52,,,,,,,,,,,,,,,,,47.800,0.04578,141,68.99,47.800,0.05710,93,88.76,47.800,0.08031,0,0.31,,,,
48.000,-0.30410,2917,-1102.61,48.000,0.00423,-26,-9.77E-4,48.000,0.00239,76,2.95,48.000,0.01538,160,40.56,48.000,0.02827,0,5.46,,,,,,,,,,,,,,,,,48.000,0.04602,141,68.81,48.000,0.05741,89,87.47,48.000,0.08031,0,-2.76,,,,
48.200,-0.30790,2921,-518.14,48.200,0.00422,-25,0.71,48.200,0.00239,76,2.99,48.200,0.01551,159,39.99,48.200,0.02832,-1,6.97,,,,,,,,,,,,,,,,,48.200,0.04624,139,67.70,48.200,0.05769,89,85.13,48.200,0.08027,1,-1.53,,,,
48.400,-0.30950,2923,-592.53,48.400,0.00423,-26,0.71,48.400,0.00239,76,4.43,48.400,0.01565,160,39.51,48.400,0.02834,-1,9.15,,,,,,,,,,,,,,,,,48.400,0.04646,138,67.61,48.400,0.05797,90,84.54,48.400,0.08029,0,2.14,,,,
48.600,-0.30949,2923,-937.75,48.600,0.00423,-26,0.71,48.600,0.00243,73,5.54,48.600,0.01577,162,39.55,48.600,0.02834,0,8.31,,,,,,,,,,,,,,,,,48.600,0.04669,140,69.51,48.600,0.05825,89,85.37,48.600,0.08030,0,3.06,,,,
48.800,-0.31436,2929,-1448.96,48.800,0.00424,-26,-0.36,48.800,0.00244,75,6.06,48.800,0.01591,160,39.51,48.800,0.02843,-2,4.01,,,,,,,,,,,,,,,,,48.800,0.04692,140,71.24,48.800,0.05854,88,86.05,48.800,0.08032,-1,-8.87E-4,,,,
49.000,-0.32179,2938,-1711.00,49.000,0.00423,-26,-1.42,49.000,0.00246,77,7.07,49.000,0.01604,163,39.40,49.000,0.02839,0,-0.71,,,,,,,,,,,,,,,,,49.000,0.04717,139,72.65,49.000,0.05882,90,87.03,49.000,0.08030,0,-2.76,,,,
49.200,-0.32618,2943,-1834.38,49.200,0.00422,-25,-1.07,49.200,0.00249,79,10.17,49.200,0.01617,164,38.36,49.200,0.02837,1,-2.76,,,,,,,,,,,,,,,,,49.200,0.04741,140,74.09,49.200,0.05912,90,89.33,49.200,0.08029,0,-2.76,,,,
49.400,-0.33189,2949,-1338.49,49.400,0.00421,-25,-0.71,49.400,0.00252,81,12.12,49.400,0.01630,162,38.34,49.400,0.02839,0,0.00,,,,,,,,,,,,,,,,,49.400,0.04766,141,75.23,49.400,0.05942,91,91.74,49.400,0.08028,1,-1.53,,,,
49.600,-0.34094,2959,-1305.99,49.600,0.00423,-26,-0.35,49.600,0.00258,82,13.61,49.600,0.01641,165,38.87,49.600,0.02838,0,0.61,,,,,,,,,,,,,,,,,49.600,0.04791,140,76.30,49.600,0.05973,90,91.20,49.600,0.08029,0,-0.92,,,,
49.800,-0.33379,2951,-923.13,49.800,0.00421,-25,0.36,49.800,0.00261,83,15.53,49.800,0.01655,166,39.70,49.800,0.02838,0,1.54,,,,,,,,,,,,,,,,,49.800,0.04816,140,77.71,49.800,0.06004,87,90.32,49.800,0.08027,1,0.61,,,,
50.000,-0.35040,2970,-1050.88,50.000,0.00422,-25,0.00,50.000,0.00267,81,16.10,50.000,0.01669,166,39.64,50.000,0.02839,0,2.12,,,,,,,,,,,,,,,,,50.000,0.04842,139,81.00,50.000,0.06032,89,91.33,50.000,0.08028,1,1.22,,,,
50.200,-0.34090,2959,-1342.50,50.200,0.00423,-26,0.71,50.200,0.00274,81,15.56,50.200,0.01682,168,38.81,50.200,0.02841,-1,1.50,,,,,,,,,,,,,,,,,50.200,0.04870,139,84.58,50.200,0.06064,90,94.04,50.200,0.08030,0,0.92,,,,
50.400,-0.35485,2975,-1520.82,50.400,0.00421,-25,1.42,50.400,0.00277,81,12.69,50.400,0.01694,168,38.57,50.400,0.02839,0,-0.92,,,,,,,,,,,,,,,,,50.400,0.04900,142,87.77,50.400,0.06096,91,94.79,50.400,0.08029,0,,,,,
50.600,-0.35619,2976,-1706.67,50.600,0.00424,-26,1.78,50.600,0.00282,79,10.56,50.600,0.01707,168,39.54,50.600,0.02841,-1,-2.42,,,,,,,,,,,,,,,,,50.600,0.04928,141,90.23,50.600,0.06128,91,91.60,,,,,,,,
50.800,-0.36553,2986,-1324.14,50.800,0.00424,-26,-0.36,50.800,0.00284,78,8.72,50.800,0.01720,171,40.80,50.800,0.02838,0,-1.81,,,,,,,,,,,,,,,,,50.800,0.04960,140,92.87,50.800,0.06158,86,88.65,,,,,,,,
51.000,-0.36436,2985,-1394.64,51.000,0.00423,-26,-2.13,51.000,0.00288,76,6.58,51.000,0.01735,173,41.12,51.000,0.02838,0,0.61,,,,,,,,,,,,,,,,,51.000,0.04990,142,94.16,51.000,0.06185,88,88.97,,,,,,,,
51.200,-0.37316,2994,-1208.59,51.200,0.00421,-25,-0.71,51.200,0.00289,75,5.50,51.200,0.01748,171,40.43,51.200,0.02838,0,1.84,,,,,,,,,,,,,,,,,51.200,0.05023,139,92.18,51.200,0.06216,91,89.95,,,,,,,,
51.400,-0.37644,2997,-1471.13,51.400,0.00423,-26,0.71,51.400,0.00291,74,4.74,51.400,0.01762,172,38.78,51.400,0.02841,-1,0.92,,,,,,,,,,,,,,,,,51.400,0.05053,139,87.98,51.400,0.06247,88,87.80,,,,,,,,
51.600,-0.37761,2998,-2064.81,51.600,0.00423,-26,0.35,51.600,0.00292,73,4.89,51.600,0.01774,175,37.10,51.600,0.02838,0,-1.85,,,,,,,,,,,,,,,,,51.600,0.05081,137,84.08,51.600,0.06275,86,84.09,,,,,,,,
51.800,-0.38933,3010,-1840.64,51.800,0.00422,-25,-0.71,51.800,0.00294,72,4.04,51.800,0.01786,170,37.00,51.800,0.02840,0,,,,,,,,,,,,,,,,,,51.800,0.05108,137,83.57,51.800,0.06301,87,84.34,,,,,,,,
52.000,-0.40157,3022,-1219.87,52.000,0.00422,-25,0.71,52.000,0.00295,74,3.46,52.000,0.01798,174,38.75,,,,,,,,,,,,,,,,,,,,,52.000,0.05136,138,84.56,52.000,0.06330,88,89.08,,,,,,,,
52.200,-0.38930,3010,-720.91,52.200,0.00422,-25,1.07,52.200,0.00296,75,3.84,52.200,0.01812,178,41.90,,,,,,,,,,,,,,,,,,,,,52.200,0.05165,139,84.81,52.200,0.06361,89,93.36,,,,,,,,
52.400,-0.40204,3023,-1059.17,52.400,0.00424,-26,0.36,52.400,0.00298,75,4.70,52.400,0.01826,179,45.23,,,,,,,,,,,,,,,,,,,,,52.400,0.05193,139,82.65,52.400,0.06393,90,95.30,,,,,,,,
52.600,-0.40328,3024,-1222.09,52.600,0.00422,-25,-1.42,52.600,0.00299,75,6.00,52.600,0.01842,180,45.37,,,,,,,,,,,,,,,,,,,,,52.600,0.05221,138,77.99,52.600,0.06425,91,97.20,,,,,,,,
52.800,-0.40878,3029,-889.85,52.800,0.00423,-26,-1.07,52.800,0.00301,76,6.73,52.800,0.01859,183,42.58,,,,,,,,,,,,,,,,,,,,,52.800,0.05246,134,73.44,52.800,0.06457,92,98.94,,,,,,,,
53.000,-0.40701,3028,-1406.66,53.000,0.00421,-25,0.36,53.000,0.00304,75,6.86,53.000,0.01870,176,39.29,,,,,,,,,,,,,,,,,,,,,53.000,0.05268,134,70.15,53.000,0.06492,89,98.04,,,,,,,,
53.200,-0.41611,3036,-2035.50,53.200,0.00424,-26,0.71,53.200,0.00306,74,5.92,53.200,0.01883,181,37.55,,,,,,,,,,,,,,,,,,,,,53.200,0.05293,135,69.02,53.200,0.06524,87,94.48,,,,,,,,
53.400,-0.42407,3044,-2019.55,53.400,0.00422,-25,0.35,53.400,0.00308,75,5.14,53.400,0.01896,183,37.32,,,,,,,,,,,,,,,,,,,,,53.400,0.05315,137,70.08,53.400,0.06554,89,91.82,,,,,,,,
53.600,-0.43242,3051,-1230.84,53.600,0.00423,-26,0.00,53.600,0.00309,75,4.57,53.600,0.01908,183,35.84,,,,,,,,,,,,,,,,,,,,,53.600,0.05338,137,72.62,53.600,0.06584,88,93.25,,,,,,,,
53.800,-0.43109,3050,-864.17,53.800,0.00422,-25,1.07,53.800,0.00312,74,5.00,53.800,0.01920,181,33.71,,,,,,,,,,,,,,,,,,,,,53.800,0.05363,140,74.96,53.800,0.06615,90,95.55,,,,,,,,
54.000,-0.43371,3053,-857.10,54.000,0.00424,-26,1.07,54.000,0.00312,75,5.27,54.000,0.01931,183,33.04,,,,,,,,,,,,,,,,,,,,,54.000,0.05389,139,76.37,54.000,0.06649,89,95.43,,,,,,,,
54.200,-0.44006,3058,-1221.55,54.200,0.00424,-26,1.07,54.200,0.00315,74,6.30,54.200,0.01941,182,35.24,,,,,,,,,,,,,,,,,,,,,54.200,0.05413,139,77.01,54.200,0.06680,88,92.58,,,,,,,,
54.400,-0.44059,3059,-1433.87,54.400,0.00424,-26,0.71,54.400,0.00316,77,7.59,54.400,0.01953,185,40.08,,,,,,,,,,,,,,,,,,,,,54.400,0.05441,139,75.51,54.400,0.06710,89,90.69,,,,,,,,
54.600,-0.44865,3066,-1211.23,54.600,0.00424,-26,4.89E-4,54.600,0.00320,77,7.67,54.600,0.01968,190,43.10,,,,,,,,,,,,,,,,,,,,,54.600,0.05466,138,72.40,54.600,0.06739,89,91.71,,,,,,,,
54.800,-0.45381,3071,-1416.84,54.800,0.00424,-26,-0.71,54.800,0.00322,77,8.25,54.800,0.01983,189,42.40,,,,,,,,,,,,,,,,,,,,,54.800,0.05488,137,69.02,54.800,0.06771,88,92.84,,,,,,,,
55.000,-0.45107,3068,-1526.71,55.000,0.00423,-26,-1.78,55.000,0.00324,78,8.17,55.000,0.01997,187,40.38,,,,,,,,,,,,,,,,,,,,,55.000,0.05511,135,68.11,55.000,0.06803,89,93.47,,,,,,,,
55.200,-0.46650,3082,-1502.29,55.200,0.00424,-26,-1.42,55.200,0.00328,77,9.12,55.200,0.02009,188,39.52,,,,,,,,,,,,,,,,,,,,,55.200,0.05534,135,68.49,55.200,0.06833,88,92.84,,,,,,,,
55.400,-0.46649,3082,-1573.33,55.400,0.00421,-25,-0.71,55.400,0.00331,76,8.66,55.400,0.02023,189,39.42,,,,,,,,,,,,,,,,,,,,,55.400,0.05556,137,68.62,55.400,0.06865,87,93.36,,,,,,,,
55.600,-0.46843,3083,-647.43,55.600,0.00423,-26,1.07,55.600,0.00334,75,6.85,55.600,0.02036,189,39.52,,,,,,,,,,,,,,,,,,,,,55.600,0.05579,137,69.20,55.600,0.06895,89,94.52,,,,,,,,
55.800,-0.48060,3094,-1287.96,55.800,0.00422,-25,,55.800,0.00336,75,5.96,55.800,0.02049,190,39.69,,,,,,,,,,,,,,,,,,,,,55.800,0.05602,137,69.61,55.800,0.06927,88,94.95,,,,,,,,
56.000,-0.46533,3081,-1458.36,,,,,56.000,0.00337,74,5.38,56.000,0.02063,191,40.30,,,,,,,,,,,,,,,,,,,,,56.000,0.05626,136,70.27,56.000,0.06959,89,95.25,,,,,,,,
56.200,-0.49535,3106,-1031.59,,,,,56.200,0.00340,73,5.06,56.200,0.02076,192,42.23,,,,,,,,,,,,,,,,,,,,,56.200,0.05649,138,70.66,56.200,0.06990,90,95.83,,,,,,,,
56.400,-0.48286,3096,-829.42,,,,,56.400,0.00341,74,5.41,56.400,0.02090,193,45.31,,,,,,,,,,,,,,,,,,,,,56.400,0.05673,138,71.56,56.400,0.07022,89,96.98,,,,,,,,
56.600,-0.48371,3096,-1154.26,,,,,56.600,0.00342,76,6.56,56.600,0.02106,195,47.61,,,,,,,,,,,,,,,,,,,,,56.600,0.05696,138,73.68,56.600,0.07056,90,96.36,,,,,,,,
56.800,-0.49356,3105,-1184.65,,,,,56.800,0.00346,76,8.88,56.800,0.02123,197,46.35,,,,,,,,,,,,,,,,,,,,,56.800,0.05722,139,76.35,56.800,0.07088,88,95.44,,,,,,,,
57.000,-0.50773,3116,235.11,,,,,57.000,0.00348,78,10.31,57.000,0.02138,195,42.83,,,,,,,,,,,,,,,,,,,,,57.000,0.05748,140,76.87,57.000,0.07118,89,96.86,,,,,,,,
57.200,-0.48253,3095,1350.27,,,,,57.200,0.00352,78,10.98,57.200,0.02151,195,40.68,,,,,,,,,,,,,,,,,,,,,57.200,0.05774,139,75.50,57.200,0.07151,91,99.52,,,,,,,,
57.400,-0.49004,3102,-114.63,,,,,57.400,0.00356,78,12.41,57.400,0.02164,193,41.07,,,,,,,,,,,,,,,,,,,,,57.400,0.05797,139,74.36,57.400,0.07186,90,100.47,,,,,,,,
57.600,-0.48425,3097,-2850.98,,,,,57.600,0.00360,78,13.37,57.600,0.02178,196,43.09,,,,,,,,,,,,,,,,,,,,,57.600,0.05823,139,73.68,57.600,0.07219,89,97.61,,,,,,,,
57.800,-0.50831,3117,-3109.71,,,,,57.800,0.00365,78,15.16,57.800,0.02193,199,44.95,,,,,,,,,,,,,,,,,,,,,57.800,0.05848,138,74.61,57.800,0.07251,88,94.19,,,,,,,,
58.000,-0.52128,3127,-3029.27,,,,,58.000,0.00370,78,15.26,58.000,0.02208,199,45.76,,,,,,,,,,,,,,,,,,,,,58.000,0.05871,140,73.34,58.000,0.07281,87,91.66,,,,,,,,
58.200,-0.51520,3122,-1267.21,,,,,58.200,0.00376,77,14.41,58.200,0.02224,200,45.30,,,,,,,,,,,,,,,,,,,,,58.200,0.05899,140,68.92,58.200,0.07312,89,91.40,,,,,,,,
58.400,-0.53794,3140,918.78,,,,,58.400,0.00379,77,13.60,58.400,0.02238,199,44.29,,,,,,,,,,,,,,,,,,,,,58.400,0.05919,137,61.02,58.400,0.07341,89,91.97,,,,,,,,
58.600,-0.51699,3124,-165.35,,,,,58.600,0.00385,77,11.78,58.600,0.02253,199,42.79,,,,,,,,,,,,,,,,,,,,,58.600,0.05938,134,53.45,58.600,0.07374,88,90.55,,,,,,,,
58.800,-0.50111,3111,-1743.20,,,,,58.800,0.00389,76,11.11,58.800,0.02268,201,41.59,,,,,,,,,,,,,,,,,,,,,58.800,0.05954,133,52.69,58.800,0.07403,89,88.50,,,,,,,,
59.000,-0.55533,3153,-592.01,,,,,59.000,0.00391,77,10.98,59.000,0.02280,200,41.27,,,,,,,,,,,,,,,,,,,,,59.000,0.05970,134,55.96,59.000,0.07431,87,85.87,,,,,,,,
59.200,-0.53446,3137,1138.47,,,,,59.200,0.00396,76,11.91,59.200,0.02294,200,42.03,,,,,,,,,,,,,,,,,,,,,59.200,0.05992,139,59.09,59.200,0.07461,87,86.48,,,,,,,,
59.400,-0.49548,3106,-815.59,,,,,59.400,0.00400,75,12.80,59.400,0.02309,203,43.55,,,,,,,,,,,,,,,,,,,,,59.400,0.06012,140,57.86,59.400,0.07488,90,88.48,,,,,,,,
59.600,-0.53820,3140,-5227.74,,,,,59.600,0.00404,74,11.98,59.600,0.02323,204,44.43,,,,,,,,,,,,,,,,,,,,,59.600,0.06031,139,55.25,59.600,0.07520,89,89.95,,,,,,,,
59.800,-0.56791,3163,-5251.87,,,,,59.800,0.00408,74,10.56,59.800,0.02338,206,44.68,,,,,,,,,,,,,,,,,,,,,59.800,0.06047,136,55.61,59.800,0.07549,90,90.78,,,,,,,,
60.000,-0.56659,3162,-2418.90,,,,,60.000,0.00411,75,9.42,60.000,0.02353,206,44.29,,,,,,,,,,,,,,,,,,,,,60.000,0.06067,139,58.16,60.000,0.07579,91,91.57,,,,,,,,
60.200,-0.57213,3166,-1526.35,,,,,60.200,0.00413,75,10.21,60.200,0.02368,206,42.95,,,,,,,,,,,,,,,,,,,,,60.200,0.06087,142,59.43,60.200,0.07610,90,94.50,,,,,,,,
60.400,-0.58236,3173,-2103.33,,,,,60.400,0.00417,75,11.43,60.400,0.02383,205,40.39,,,,,,,,,,,,,,,,,,,,,60.400,0.06108,141,58.94,60.400,0.07642,91,97.23,,,,,,,,
60.600,-0.58267,3173,-619.03,,,,,60.600,0.00422,73,11.27,60.600,0.02395,204,38.24,,,,,,,,,,,,,,,,,,,,,60.600,0.06126,139,58.17,60.600,0.07675,91,98.75,,,,,,,,
60.800,-0.59811,3184,-915.65,,,,,60.800,0.00425,73,10.47,60.800,0.02407,204,38.91,,,,,,,,,,,,,,,,,,,,,60.800,0.06146,140,57.51,60.800,0.07708,90,99.04,,,,,,,,
61.000,-0.56875,3163,-2749.85,,,,,61.000,0.00428,73,9.94,61.000,0.02420,207,42.73,,,,,,,,,,,,,,,,,,,,,61.000,0.06165,142,55.42,61.000,0.07741,90,99.71,,,,,,,,
61.200,-0.61459,3196,-4215.46,,,,,61.200,0.00432,73,10.22,61.200,0.02436,210,46.66,,,,,,,,,,,,,,,,,,,,,61.200,0.06184,140,48.21,61.200,0.07774,91,99.08,,,,,,,,
61.400,-0.62119,3201,-3830.15,,,,,61.400,0.00435,73,10.74,61.400,0.02452,213,47.79,,,,,,,,,,,,,,,,,,,,,61.400,0.06199,138,40.16,61.400,0.07809,91,97.30,,,,,,,,
61.600,-0.62998,3207,-1723.06,,,,,61.600,0.00439,73,11.78,61.600,0.02468,214,45.92,,,,,,,,,,,,,,,,,,,,,61.600,0.06208,131,36.48,61.600,0.07839,90,95.38,,,,,,,,
61.800,-0.62996,3207,-2670.35,,,,,61.800,0.00443,74,12.57,61.800,0.02483,212,136.11,,,,,,,,,,,,,,,,,,,,,61.800,0.06221,131,39.61,61.800,0.07871,90,93.37,,,,,,,,
62.000,-0.64028,3214,-2032.95,,,,,62.000,0.00447,73,12.25,62.000,0.02496,211,280.85,,,,,,,,,,,,,,,,,,,,,62.000,0.06235,138,45.87,62.000,0.07902,90,93.18,,,,,,,,
62.200,-0.66430,3229,-2772.03,,,,,62.200,0.00451,73,11.49,62.200,0.02696,43,335.58,,,,,,,,,,,,,,,,,,,,,62.200,0.06251,141,51.74,62.200,0.07932,90,93.05,,,,,,,,
62.400,-0.63630,3211,-1937.45,,,,,62.400,0.00455,73,11.08,62.400,0.02817,-2,241.33,,,,,,,,,,,,,,,,,,,,,62.400,0.06269,145,57.50,62.400,0.07964,89,94.26,,,,,,,,
62.600,-0.68938,3246,-1850.39,,,,,62.600,0.00458,72,10.80,62.600,0.02834,-3,84.11,,,,,,,,,,,,,,,,,,,,,62.600,0.06290,146,60.68,62.600,0.07995,90,96.45,,,,,,,,
62.800,-0.65395,3223,-1817.16,,,,,62.800,0.00462,71,9.73,62.800,0.02841,-2,12.97,,,,,,,,,,,,,,,,,,,,,62.800,0.06311,146,60.80,62.800,0.08028,91,98.90,,,,,,,,
63.000,-0.68366,3242,-1638.23,,,,,63.000,0.00466,71,8.96,63.000,0.02840,-1,0.41,,,,,,,,,,,,,,,,,,,,,63.000,0.06330,147,59.86,63.000,0.08061,92,102.33,,,,,,,,
63.200,-0.67836,3239,-2395.29,,,,,63.200,0.00467,71,9.67,63.200,0.02837,0,-1.14,,,,,,,,,,,,,,,,,,,,,63.200,0.06350,145,56.51,63.200,0.08096,92,104.16,,,,,,,,
63.400,-0.69773,3251,-2597.83,,,,,63.400,0.00472,71,11.02,63.400,0.02839,-1,1.54,,,,,,,,,,,,,,,,,,,,,63.400,0.06371,144,53.12,63.400,0.08132,91,105.02,,,,,,,,
63.600,-0.68778,3245,-2775.10,,,,,63.600,0.00476,70,10.64,63.600,0.02840,-1,1.85,,,,,,,,,,,,,,,,,,,,,63.600,0.06384,139,52.35,63.600,0.08166,93,104.46,,,,,,,,
63.800,-0.72620,3268,-2302.57,,,,,63.800,0.00479,70,9.35,63.800,0.02840,-1,1.24,,,,,,,,,,,,,,,,,,,,,63.800,0.06403,143,58.09,63.800,0.08202,91,104.42,,,,,,,,
64.000,-0.70540,3256,-2294.71,,,,,64.000,0.00481,70,9.18,64.000,0.02840,-1,0.31,,,,,,,,,,,,,,,,,,,,,64.000,0.06423,149,65.48,64.000,0.08235,91,106.45,,,,,,,,
64.200,-0.72616,3268,-2800.18,,,,,64.200,0.00485,70,9.93,64.200,0.02842,-2,-1.23,,,,,,,,,,,,,,,,,,,,,64.200,0.06448,148,68.12,64.200,0.08271,91,109.43,,,,,,,,
64.400,-0.73371,3273,-3585.52,,,,,64.400,0.00488,70,10.24,64.400,0.02838,-1,-0.93,,,,,,,,,,,,,,,,,,,,,64.400,0.06470,148,67.34,64.400,0.08309,91,110.41,,,,,,,,
64.600,-0.75389,3285,-1862.70,,,,,64.600,0.00492,70,10.84,64.600,0.02838,-1,0.00,,,,,,,,,,,,,,,,,,,,,64.600,0.06492,148,64.50,64.600,0.08347,91,109.09,,,,,,,,
64.800,-0.74938,3282,-312.43,,,,,64.800,0.00495,71,11.96,64.800,0.02841,-2,0.31,,,,,,,,,,,,,,,,,,,,,64.800,0.06514,145,62.59,64.800,0.08381,89,108.53,,,,,,,,
65.000,-0.74774,3281,-739.69,,,,,65.000,0.00500,70,12.33,65.000,0.02839,-1,-0.62,,,,,,,,,,,,,,,,,,,,,65.000,0.06533,146,61.51,65.000,0.08418,91,109.29,,,,,,,,
65.200,-0.74611,3281,-2735.59,,,,,65.200,0.00504,70,12.04,65.200,0.02838,-1,-0.31,,,,,,,,,,,,,,,,,,,,,65.200,0.06554,146,60.59,65.200,0.08455,91,108.87,,,,,,,,
65.400,-0.77196,3296,-3273.28,,,,,65.400,0.00508,70,11.42,65.400,0.02840,-1,1.55,,,,,,,,,,,,,,,,,,,,,65.400,0.06575,148,60.25,65.400,0.08491,90,108.55,,,,,,,,
65.600,-0.77988,3300,-3227.63,,,,,65.600,0.00512,69,11.69,65.600,0.02840,-1,0.93,,,,,,,,,,,,,,,,,,,,,65.600,0.06593,146,61.51,65.600,0.08525,91,111.56,,,,,,,,
65.800,-0.77944,3300,-1036.76,,,,,65.800,0.00515,69,11.28,65.800,0.02841,-2,4.46E-4,,,,,,,,,,,,,,,,,,,,,65.800,0.06614,148,64.25,65.800,0.08564,90,114.76,,,,,,,,
66.000,-0.80318,3314,-1812.22,,,,,66.000,0.00520,68,10.83,66.000,0.02839,-1,-0.93,,,,,,,,,,,,,,,,,,,,,66.000,0.06637,150,66.25,66.000,0.08605,90,114.74,,,,,,,,
66.200,-0.76939,3294,-541.63,,,,,66.200,0.00522,68,10.61,66.200,0.02840,-2,,,,,,,,,,,,,,,,,,,,,,66.200,0.06659,151,65.04,66.200,0.08641,89,110.59,,,,,,,,
66.400,-0.82617,3326,2394.95,,,,,66.400,0.00526,67,11.04,,,,,,,,,,,,,,,,,,,,,,,,,66.400,0.06681,149,63.26,66.400,0.08678,89,105.41,,,,,,,,
66.600,-0.76729,3293,-799.73,,,,,66.600,0.00530,67,11.69,,,,,,,,,,,,,,,,,,,,,,,,,66.600,0.06701,151,61.14,66.600,0.08712,89,99.60,,,,,,,,
66.800,-0.75739,3287,-3341.09,,,,,66.800,0.00534,67,12.18,,,,,,,,,,,,,,,,,,,,,,,,,66.800,0.06722,151,54.89,66.800,0.08744,86,92.39,,,,,,,,
67.000,-0.85416,3341,-3544.05,,,,,67.000,0.00538,67,12.96,,,,,,,,,,,,,,,,,,,,,,,,,67.000,0.06740,150,44.34,67.000,0.08774,84,88.47,,,,,,,,
67.200,-0.80611,3315,993.99,,,,,67.200,0.00543,67,14.04,,,,,,,,,,,,,,,,,,,,,,,,,67.200,0.06751,141,35.43,67.200,0.08801,83,89.55,,,,,,,,
67.400,-0.78944,3306,690.11,,,,,67.400,0.00547,68,15.36,,,,,,,,,,,,,,,,,,,,,,,,,67.400,0.06761,135,33.90,67.400,0.08833,85,93.67,,,,,,,,
67.600,-0.80223,3313,-3628.55,,,,,67.600,0.00553,67,15.83,,,,,,,,,,,,,,,,,,,,,,,,,67.600,0.06773,142,38.27,67.600,0.08865,88,98.11,,,,,,,,
67.800,-0.84424,3336,-5569.09,,,,,67.800,0.00558,66,15.61,,,,,,,,,,,,,,,,,,,,,,,,,67.800,0.06787,149,43.98,67.800,0.08898,89,100.79,,,,,,,,
68.000,-0.82388,3325,-1572.37,,,,,68.000,0.00563,65,15.76,,,,,,,,,,,,,,,,,,,,,,,,,68.000,0.06802,150,50.04,68.000,0.08932,90,101.14,,,,,,,,
68.200,-0.87917,3355,-1629.67,,,,,68.200,0.00568,65,15.84,,,,,,,,,,,,,,,,,,,,,,,,,68.200,0.06820,156,55.88,68.200,0.08967,86,98.03,,,,,,,,
68.400,-0.79875,3311,-2557.74,,,,,68.400,0.00575,63,14.76,,,,,,,,,,,,,,,,,,,,,,,,,68.400,0.06840,158,58.26,68.400,0.08998,86,95.57,,,,,,,,
68.600,-0.90197,3366,-2625.14,,,,,68.600,0.00579,63,14.09,,,,,,,,,,,,,,,,,,,,,,,,,68.600,0.06860,160,56.58,68.600,0.09028,88,94.14,,,,,,,,
68.800,-0.85224,3340,-2620.87,,,,,68.800,0.00582,62,13.62,,,,,,,,,,,,,,,,,,,,,,,,,68.800,0.06878,158,53.39,68.800,0.09062,86,91.74,,,,,,,,
69.000,-0.87819,3354,-1415.67,,,,,69.000,0.00589,60,12.66,,,,,,,,,,,,,,,,,,,,,,,,,69.000,0.06895,156,52.02,69.000,0.09091,86,86.24,,,,,,,,
69.200,-0.87495,3353,-4069.78,,,,,69.200,0.00592,59,11.36,,,,,,,,,,,,,,,,,,,,,,,,,69.200,0.06912,159,53.38,69.200,0.09119,83,82.75,,,,,,,,
69.400,-0.90757,3369,-3837.69,,,,,69.400,0.00594,60,10.48,,,,,,,,,,,,,,,,,,,,,,,,,69.400,0.06930,160,55.32,69.400,0.09144,85,85.72,,,,,,,,
69.600,-0.90425,3368,640.58,,,,,69.600,0.00599,59,11.35,,,,,,,,,,,,,,,,,,,,,,,,,69.600,0.06949,160,57.97,69.600,0.09174,89,89.29,,,,,,,,
69.800,-0.92564,3379,6050.28,,,,,69.800,0.00602,59,11.79,,,,,,,,,,,,,,,,,,,,,,,,,69.800,0.06968,161,59.10,69.800,0.09206,88,90.08,,,,,,,,
70.000,-0.84407,3336,2539.05,,,,,70.000,0.00607,60,12.57,,,,,,,,,,,,,,,,,,,,,,,,,70.000,0.06990,164,57.37,70.000,0.09235,87,88.20,,,,,,,,
70.200,-0.84675,3338,-6019.81,,,,,70.200,0.00610,60,13.65,,,,,,,,,,,,,,,,,,,,,,,,,70.200,0.07008,161,52.74,70.200,0.09264,89,86.86,,,,,,,,
70.400,-0.93236,3382,-11727.69,,,,,70.400,0.00616,59,12.84,,,,,,,,,,,,,,,,,,,,,,,,,70.400,0.07024,161,48.54,70.400,0.09293,88,86.47,,,,,,,,
70.600,-0.95774,3394,-6891.80,,,,,70.600,0.00620,58,12.38,,,,,,,,,,,,,,,,,,,,,,,,,70.600,0.07039,159,49.27,70.600,0.09321,87,83.63,,,,,,,,
70.800,-0.96762,3399,-720.82,,,,,70.800,0.00623,59,12.11,,,,,,,,,,,,,,,,,,,,,,,,,70.800,0.07056,160,54.29,70.800,0.09350,87,79.71,,,,,,,,
71.000,-0.94932,3390,328.96,,,,,71.000,0.00628,60,13.02,,,,,,,,,,,,,,,,,,,,,,,,,71.000,0.07075,166,59.93,71.000,0.09374,88,78.14,,,,,,,,
71.200,-0.95520,3393,-1033.43,,,,,71.200,0.00632,61,13.39,,,,,,,,,,,,,,,,,,,,,,,,,71.200,0.07097,168,63.66,71.200,0.09400,88,80.30,,,,,,,,
71.400,-0.96359,3397,-1976.05,,,,,71.400,0.00637,59,14.10,,,,,,,,,,,,,,,,,,,,,,,,,71.400,0.07118,167,64.24,71.400,0.09428,91,83.80,,,,,,,,
71.600,-0.97403,3402,-3605.38,,,,,71.600,0.00641,60,15.27,,,,,,,,,,,,,,,,,,,,,,,,,71.600,0.07141,168,62.11,71.600,0.09457,90,84.93,,,,,,,,
71.800,-0.97002,3400,114.90,,,,,71.800,0.00647,59,15.20,,,,,,,,,,,,,,,,,,,,,,,,,71.800,0.07160,167,59.15,71.800,0.09485,89,83.98,,,,,,,,
72.000,-1.02088,3424,1748.06,,,,,72.000,0.00652,59,15.31,,,,,,,,,,,,,,,,,,,,,,,,,72.000,0.07179,166,55.04,72.000,0.09513,90,83.36,,,,,,,,
72.200,-0.91444,3373,637.99,,,,,72.200,0.00657,58,14.51,,,,,,,,,,,,,,,,,,,,,,,,,72.200,0.07198,166,53.91,72.200,0.09540,88,84.90,,,,,,,,
72.400,-0.99465,3412,-1305.87,,,,,72.400,0.00662,58,14.84,,,,,,,,,,,,,,,,,,,,,,,,,72.400,0.07213,162,54.95,72.400,0.09568,89,86.98,,,,,,,,
72.600,-0.98349,3407,-5109.41,,,,,72.600,0.00666,58,14.63,,,,,,,,,,,,,,,,,,,,,,,,,72.600,0.07234,168,57.49,72.600,0.09599,91,88.70,,,,,,,,
72.800,-0.97795,3404,-1155.52,,,,,72.800,0.00672,58,14.54,,,,,,,,,,,,,,,,,,,,,,,,,72.800,0.07253,168,60.68,72.800,0.09628,91,88.78,,,,,,,,
73.000,-1.03333,3430,-2595.14,,,,,73.000,0.00676,59,14.95,,,,,,,,,,,,,,,,,,,,,,,,,73.000,0.07273,169,63.28,73.000,0.09658,90,89.43,,,,,,,,
73.200,-0.96792,3399,-3739.97,,,,,73.200,0.00681,58,13.77,,,,,,,,,,,,,,,,,,,,,,,,,73.200,0.07295,170,65.43,73.200,0.09687,91,92.67,,,,,,,,
73.400,-1.04542,3436,-4584.81,,,,,73.400,0.00687,56,13.00,,,,,,,,,,,,,,,,,,,,,,,,,73.400,0.07318,172,65.37,73.400,0.09719,91,97.14,,,,,,,,
73.600,-1.04065,3434,-5849.58,,,,,73.600,0.00689,57,13.54,,,,,,,,,,,,,,,,,,,,,,,,,73.600,0.07338,170,64.38,73.600,0.09752,94,101.36,,,,,,,,
73.800,-1.05229,3439,-3228.73,,,,,73.800,0.00694,58,14.33,,,,,,,,,,,,,,,,,,,,,,,,,73.800,0.07360,170,64.70,73.800,0.09787,93,102.86,,,,,,,,
74.000,-1.07804,3450,-2964.14,,,,,74.000,0.00701,57,14.72,,,,,,,,,,,,,,,,,,,,,,,,,74.000,0.07382,171,63.85,74.000,0.09822,91,103.00,,,,,,,,
74.200,-1.07261,3448,-1743.36,,,,,74.200,0.00704,58,12.91,,,,,,,,,,,,,,,,,,,,,,,,,74.200,0.07404,173,61.29,74.200,0.09855,92,107.75,,,,,,,,
74.400,-1.07962,3451,-1489.41,,,,,74.400,0.00709,57,12.36,,,,,,,,,,,,,,,,,,,,,,,,,74.400,0.07422,167,60.33,74.400,0.09890,95,113.35,,,,,,,,
74.600,-1.08558,3454,-1709.11,,,,,74.600,0.00712,58,12.73,,,,,,,,,,,,,,,,,,,,,,,,,74.600,0.07442,168,64.53,74.600,0.09934,92,114.67,,,,,,,,
74.800,-1.09486,3458,-1970.16,,,,,74.800,0.00717,57,12.68,,,,,,,,,,,,,,,,,,,,,,,,,74.800,0.07464,171,71.25,74.800,0.09970,92,107.97,,,,,,,,
75.000,-1.09155,3456,-2532.77,,,,,75.000,0.00721,57,12.81,,,,,,,,,,,,,,,,,,,,,,,,,75.000,0.07491,174,73.96,75.000,0.10005,90,97.85,,,,,,,,
75.200,-1.11305,3466,-2399.22,,,,,75.200,0.00725,56,12.36,,,,,,,,,,,,,,,,,,,,,,,,,75.200,0.07516,169,71.63,75.200,0.10035,88,92.51,,,,,,,,
75.400,-1.11804,3468,-1907.64,,,,,75.400,0.00729,57,12.49,,,,,,,,,,,,,,,,,,,,,,,,,75.400,0.07539,169,66.63,75.400,0.10064,87,90.38,,,,,,,,
75.600,-1.11635,3467,-3047.44,,,,,75.600,0.00734,58,13.00,,,,,,,,,,,,,,,,,,,,,,,,,75.600,0.07560,167,60.00,75.600,0.10095,87,90.05,,,,,,,,
75.800,-1.12640,3472,-3359.04,,,,,75.800,0.00738,59,14.49,,,,,,,,,,,,,,,,,,,,,,,,,75.800,0.07580,165,53.24,75.800,0.10126,89,88.16,,,,,,,,
76.000,-1.16564,3488,-3575.86,,,,,76.000,0.00743,58,15.33,,,,,,,,,,,,,,,,,,,,,,,,,76.000,0.07594,158,50.60,76.000,0.10154,87,84.31,,,,,,,,
76.200,-1.13593,3476,-1704.98,,,,,76.200,0.00749,57,14.91,,,,,,,,,,,,,,,,,,,,,,,,,76.200,0.07611,159,52.53,76.200,0.10182,87,80.66,,,,,,,,
76.400,-1.17833,3494,299.21,,,,,76.400,0.00753,57,12.66,,,,,,,,,,,,,,,,,,,,,,,,,76.400,0.07630,163,53.80,76.400,0.10207,87,76.42,,,,,,,,
76.600,-1.14780,3481,1021.00,,,,,76.600,0.00757,57,10.93,,,,,,,,,,,,,,,,,,,,,,,,,76.600,0.07649,164,50.04,76.600,0.10233,83,71.52,,,,,,,,
76.800,-1.14778,3481,3109.48,,,,,76.800,0.00760,57,10.30,,,,,,,,,,,,,,,,,,,,,,,,,76.800,0.07664,158,44.79,76.800,0.10255,84,67.45,,,,,,,,
77.000,-1.14607,3480,-1703.81,,,,,77.000,0.00764,57,10.97,,,,,,,,,,,,,,,,,,,,,,,,,77.000,0.07678,156,41.76,77.000,0.10277,86,65.80,,,,,,,,
77.200,-1.11788,3468,-3367.68,,,,,77.200,0.00767,58,12.40,,,,,,,,,,,,,,,,,,,,,,,,,77.200,0.07691,155,41.81,77.200,0.10299,84,66.53,,,,,,,,
77.400,-1.21178,3507,1761.42,,,,,77.400,0.00772,57,11.89,,,,,,,,,,,,,,,,,,,,,,,,,77.400,0.07705,156,44.21,77.400,0.10322,87,66.38,,,,,,,,
77.600,-1.14942,3482,522.06,,,,,77.600,0.00777,56,10.70,,,,,,,,,,,,,,,,,,,,,,,,,77.600,0.07720,156,47.48,77.600,0.10344,85,62.96,,,,,,,,
77.800,-1.07930,3451,-4343.17,,,,,77.800,0.00778,58,8.98,,,,,,,,,,,,,,,,,,,,,,,,,77.800,0.07737,160,50.28,77.800,0.10365,83,58.80,,,,,,,,
78.000,-1.23992,3519,-12278.24,,,,,78.000,0.00782,58,9.81,,,,,,,,,,,,,,,,,,,,,,,,,78.000,0.07754,158,52.61,78.000,0.10382,84,55.84,,,,,,,,
78.200,-1.20814,3506,-10867.12,,,,,78.200,0.00784,59,11.99,,,,,,,,,,,,,,,,,,,,,,,,,78.200,0.07772,160,55.26,78.200,0.10402,84,54.78,,,,,,,,
78.400,-1.26614,3529,-5132.55,,,,,78.400,0.00790,58,13.48,,,,,,,,,,,,,,,,,,,,,,,,,78.400,0.07791,161,60.29,78.400,0.10419,86,52.10,,,,,,,,
78.600,-1.27042,3531,-3234.03,,,,,78.600,0.00794,57,13.09,,,,,,,,,,,,,,,,,,,,,,,,,78.600,0.07811,159,64.86,78.600,0.10437,80,42.56,,,,,,,,
78.800,-1.28030,3534,1633.30,,,,,78.800,0.00799,56,11.66,,,,,,,,,,,,,,,,,,,,,,,,,78.800,0.07835,163,66.38,78.800,0.10450,71,29.36,,,,,,,,
79.000,-1.25867,3526,-241.75,,,,,79.000,0.00802,57,11.21,,,,,,,,,,,,,,,,,,,,,,,,,79.000,0.07857,161,62.33,79.000,0.10455,68,19.90,,,,,,,,
79.200,-1.24523,3521,-5005.02,,,,,79.200,0.00806,57,10.69,,,,,,,,,,,,,,,,,,,,,,,,,79.200,0.07878,157,56.26,79.200,0.10459,69,20.75,,,,,,,,
79.400,-1.31032,3546,-7677.78,,,,,79.400,0.00810,59,12.14,,,,,,,,,,,,,,,,,,,,,,,,,79.400,0.07893,153,54.25,79.400,0.10468,77,31.19,,,,,,,,
79.600,-1.32874,3553,-2976.85,,,,,79.600,0.00813,60,13.58,,,,,,,,,,,,,,,,,,,,,,,,,79.600,0.07912,154,57.57,79.600,0.10479,86,47.60,,,,,,,,
79.800,-1.32871,3553,-381.00,,,,,79.800,0.00820,59,13.92,,,,,,,,,,,,,,,,,,,,,,,,,79.800,0.07931,159,63.04,79.800,0.10498,93,66.88,,,,,,,,
80.000,-1.28638,3537,727.34,,,,,80.000,0.00823,59,13.74,,,,,,,,,,,,,,,,,,,,,,,,,80.000,0.07954,157,66.78,80.000,0.10524,99,84.40,,,,,,,,
80.200,-1.36031,3565,-1846.55,,,,,80.200,0.00827,59,13.08,,,,,,,,,,,,,,,,,,,,,,,,,80.200,0.07976,157,67.00,80.200,0.10556,98,95.77,,,,,,,,
80.400,-1.28260,3535,-5000.70,,,,,80.400,0.00833,58,12.82,,,,,,,,,,,,,,,,,,,,,,,,,80.400,0.08000,156,64.96,80.400,0.10590,97,100.66,,,,,,,,
80.600,-1.36942,3568,-6075.69,,,,,80.600,0.00836,58,11.85,,,,,,,,,,,,,,,,,,,,,,,,,80.600,0.08020,155,63.90,80.600,0.10624,96,102.82,,,,,,,,
80.800,-1.37728,3571,-4116.78,,,,,80.800,0.00840,58,10.44,,,,,,,,,,,,,,,,,,,,,,,,,80.800,0.08041,154,64.81,80.800,0.10658,95,103.67,,,,,,,,
81.000,-1.38714,3575,-446.36,,,,,81.000,0.00844,59,11.17,,,,,,,,,,,,,,,,,,,,,,,,,81.000,0.08063,153,67.40,81.000,0.10694,94,103.45,,,,,,,,
81.200,-1.34721,3560,-2185.00,,,,,81.200,0.00846,59,12.69,,,,,,,,,,,,,,,,,,,,,,,,,81.200,0.08086,153,69.52,81.200,0.10727,92,101.04,,,,,,,,
81.400,-1.40841,3582,-4089.17,,,,,81.400,0.00852,59,14.53,,,,,,,,,,,,,,,,,,,,,,,,,81.400,0.08109,155,70.14,81.400,0.10761,91,98.11,,,,,,,,
81.600,-1.39971,3579,-2359.75,,,,,81.600,0.00857,59,15.48,,,,,,,,,,,,,,,,,,,,,,,,,81.600,0.08134,153,69.92,81.600,0.10792,91,97.24,,,,,,,,
81.800,-1.41643,3585,64.19,,,,,81.800,0.00862,59,14.14,,,,,,,,,,,,,,,,,,,,,,,,,81.800,0.08156,151,70.37,81.800,0.10825,90,96.63,,,,,,,,
82.000,-1.38639,3574,-1035.04,,,,,82.000,0.00867,59,12.18,,,,,,,,,,,,,,,,,,,,,,,,,82.000,0.08180,154,70.83,82.000,0.10858,89,96.63,,,,,,,,
82.200,-1.42045,3587,-4299.05,,,,,82.200,0.00870,59,12.48,,,,,,,,,,,,,,,,,,,,,,,,,82.200,0.08204,152,70.69,82.200,0.10889,91,97.70,,,,,,,,
82.400,-1.41639,3585,-6103.55,,,,,82.400,0.00873,60,13.56,,,,,,,,,,,,,,,,,,,,,,,,,82.400,0.08227,150,70.60,82.400,0.10922,92,99.20,,,,,,,,
82.600,-1.47241,3605,-5158.22,,,,,82.600,0.00881,58,13.67,,,,,,,,,,,,,,,,,,,,,,,,,82.600,0.08250,150,70.84,82.600,0.10957,91,100.37,,,,,,,,
82.800,-1.45650,3599,-3317.95,,,,,82.800,0.00884,59,13.31,,,,,,,,,,,,,,,,,,,,,,,,,82.800,0.08275,151,70.26,82.800,0.10988,91,100.66,,,,,,,,
83.000,-1.48351,3609,-1171.17,,,,,83.000,0.00887,59,13.17,,,,,,,,,,,,,,,,,,,,,,,,,83.000,0.08298,149,69.79,83.000,0.11023,91,100.81,,,,,,,,
83.200,-1.47166,3605,-2400.06,,,,,83.200,0.00893,59,15.19,,,,,,,,,,,,,,,,,,,,,,,,,83.200,0.08320,150,70.41,83.200,0.11057,91,101.75,,,,,,,,
83.400,-1.48068,3608,-3932.23,,,,,83.400,0.00897,62,16.89,,,,,,,,,,,,,,,,,,,,,,,,,83.400,0.08345,150,71.11,83.400,0.11090,91,103.15,,,,,,,,
83.600,-1.50733,3617,-4035.22,,,,,83.600,0.00904,61,17.28,,,,,,,,,,,,,,,,,,,,,,,,,83.600,0.08369,149,69.86,83.600,0.11125,92,106.80,,,,,,,,
83.800,-1.52648,3624,1049.02,,,,,83.800,0.00910,60,17.44,,,,,,,,,,,,,,,,,,,,,,,,,83.800,0.08391,149,67.81,83.800,0.11161,92,107.61,,,,,,,,
84.000,-1.50656,3617,3340.80,,,,,84.000,0.00915,60,16.36,,,,,,,,,,,,,,,,,,,,,,,,,84.000,0.08414,146,67.38,84.000,0.11199,91,104.28,,,,,,,,
84.200,-1.46047,3601,504.41,,,,,84.200,0.00921,58,14.52,,,,,,,,,,,,,,,,,,,,,,,,,84.200,0.08436,147,68.52,84.200,0.11231,90,99.33,,,,,,,,
84.400,-1.50653,3617,-3753.30,,,,,84.400,0.00926,58,13.10,,,,,,,,,,,,,,,,,,,,,,,,,84.400,0.08459,147,69.43,84.400,0.11264,89,96.56,,,,,,,,
84.600,-1.51642,3620,-3966.88,,,,,84.600,0.00928,59,12.91,,,,,,,,,,,,,,,,,,,,,,,,,84.600,0.08483,148,69.50,84.600,0.11295,92,96.45,,,,,,,,
84.800,-1.52567,3623,4443.10,,,,,84.800,0.00934,58,13.97,,,,,,,,,,,,,,,,,,,,,,,,,84.800,0.08505,146,68.46,84.800,0.11328,90,94.45,,,,,,,,
85.000,-1.52066,3622,2143.56,,,,,85.000,0.00939,57,14.00,,,,,,,,,,,,,,,,,,,,,,,,,85.000,0.08528,147,68.67,85.000,0.11360,88,91.23,,,,,,,,
85.200,-1.41343,3584,-1907.75,,,,,85.200,0.00943,58,13.81,,,,,,,,,,,,,,,,,,,,,,,,,85.200,0.08551,148,69.34,85.200,0.11388,89,85.40,,,,,,,,
85.400,-1.58579,3643,-8442.72,,,,,85.400,0.00947,59,13.91,,,,,,,,,,,,,,,,,,,,,,,,,85.400,0.08575,149,68.11,85.400,0.11417,87,79.93,,,,,,,,
85.600,-1.49869,3614,-8696.14,,,,,85.600,0.00953,58,14.61,,,,,,,,,,,,,,,,,,,,,,,,,85.600,0.08597,146,65.66,85.600,0.11441,87,75.72,,,,,,,,
85.800,-1.60425,3649,-2737.27,,,,,85.800,0.00957,58,14.66,,,,,,,,,,,,,,,,,,,,,,,,,85.800,0.08618,144,63.74,85.800,0.11467,87,73.63,,,,,,,,
86.000,-1.56889,3638,-4138.30,,,,,86.000,0.00963,57,13.60,,,,,,,,,,,,,,,,,,,,,,,,,86.000,0.08639,146,63.41,86.000,0.11491,88,71.66,,,,,,,,
86.200,-1.57034,3638,-407.53,,,,,86.200,0.00967,57,12.28,,,,,,,,,,,,,,,,,,,,,,,,,86.200,0.08660,145,63.60,86.200,0.11515,86,67.49,,,,,,,,
86.400,-1.61537,3653,-3568.02,,,,,86.400,0.00970,58,12.21,,,,,,,,,,,,,,,,,,,,,,,,,86.400,0.08681,145,63.66,86.400,0.11536,87,63.02,,,,,,,,
86.600,-1.56592,3637,-4012.58,,,,,86.600,0.00974,60,13.73,,,,,,,,,,,,,,,,,,,,,,,,,86.600,0.08703,146,63.40,86.600,0.11556,87,59.92,,,,,,,,
86.800,-1.64467,3662,-3288.41,,,,,86.800,0.00980,59,14.77,,,,,,,,,,,,,,,,,,,,,,,,,86.800,0.08724,146,63.48,86.800,0.11576,85,59.75,,,,,,,,
87.000,-1.62129,3655,-3216.31,,,,,87.000,0.00984,59,14.79,,,,,,,,,,,,,,,,,,,,,,,,,87.000,0.08745,144,63.65,87.000,0.11595,86,60.22,,,,,,,,
87.200,-1.62577,3656,-408.21,,,,,87.200,0.00989,59,15.16,,,,,,,,,,,,,,,,,,,,,,,,,87.200,0.08767,145,64.15,87.200,0.11616,87,60.44,,,,,,,,
87.400,-1.64915,3664,-2266.04,,,,,87.400,0.00994,60,16.35,,,,,,,,,,,,,,,,,,,,,,,,,87.400,0.08788,146,66.02,87.400,0.11636,89,59.24,,,,,,,,
87.600,-1.62498,3656,-2611.72,,,,,87.600,0.01000,60,15.75,,,,,,,,,,,,,,,,,,,,,,,,,87.600,0.08809,146,71.50,87.600,0.11656,88,58.77,,,,,,,,
87.800,-1.66741,3670,-3.02,,,,,87.800,0.01006,60,14.92,,,,,,,,,,,,,,,,,,,,,,,,,87.800,0.08834,148,76.91,87.800,0.11674,89,60.45,,,,,,,,
88.000,-1.65974,3667,2426.27,,,,,88.000,0.01009,60,13.83,,,,,,,,,,,,,,,,,,,,,,,,,88.000,0.08863,151,76.75,88.000,0.11696,88,63.08,,,,,,,,
88.200,-1.61444,3653,866.02,,,,,88.200,0.01015,59,13.89,,,,,,,,,,,,,,,,,,,,,,,,,88.200,0.08888,147,70.37,88.200,0.11717,91,65.91,,,,,,,,
88.400,-1.62942,3657,-2839.42,,,,,88.400,0.01019,59,13.69,,,,,,,,,,,,,,,,,,,,,,,,,88.400,0.08909,144,61.00,88.400,0.11739,91,69.41,,,,,,,,
88.600,-1.68041,3674,-5906.79,,,,,88.600,0.01024,58,13.42,,,,,,,,,,,,,,,,,,,,,,,,,88.600,0.08929,141,52.61,88.600,0.11763,91,76.39,,,,,,,,
88.800,-1.65056,3664,-6239.00,,,,,88.800,0.01028,60,14.65,,,,,,,,,,,,,,,,,,,,,,,,,88.800,0.08944,138,48.32,88.800,0.11789,94,86.68,,,,,,,,
89.000,-1.71143,3683,-4867.85,,,,,89.000,0.01033,60,15.65,,,,,,,,,,,,,,,,,,,,,,,,,89.000,0.08958,136,50.31,89.000,0.11820,95,97.07,,,,,,,,
89.200,-1.72318,3687,-3472.46,,,,,89.200,0.01039,59,16.95,,,,,,,,,,,,,,,,,,,,,,,,,89.200,0.08976,141,56.90,89.200,0.11855,93,105.41,,,,,,,,
89.400,-1.70515,3681,-1766.86,,,,,89.400,0.01044,60,17.67,,,,,,,,,,,,,,,,,,,,,,,,,89.400,0.08997,145,62.84,89.400,0.11891,94,111.83,,,,,,,,
89.600,-1.72629,3688,-1333.24,,,,,89.600,0.01051,59,18.63,,,,,,,,,,,,,,,,,,,,,,,,,89.600,0.09019,145,65.36,89.600,0.11929,95,117.44,,,,,,,,
89.800,-1.74366,3693,-818.81,,,,,89.800,0.01057,60,18.42,,,,,,,,,,,,,,,,,,,,,,,,,89.800,0.09041,147,65.02,89.800,0.11970,95,123.87,,,,,,,,
90.000,-1.71134,3683,3121.49,,,,,90.000,0.01063,60,18.19,,,,,,,,,,,,,,,,,,,,,,,,,90.000,0.09063,144,63.62,90.000,0.12011,93,128.01,,,,,,,,
90.200,-1.73648,3691,9228.72,,,,,90.200,0.01068,62,19.50,,,,,,,,,,,,,,,,,,,,,,,,,90.200,0.09083,143,63.19,90.200,0.12057,93,128.16,,,,,,,,
90.400,-1.67103,3671,1449.79,,,,,90.400,0.01076,61,19.91,,,,,,,,,,,,,,,,,,,,,,,,,90.400,0.09104,144,62.57,90.400,0.12098,92,122.66,,,,,,,,
90.600,-1.59938,3648,-9130.82,,,,,90.600,0.01084,59,19.00,,,,,,,,,,,,,,,,,,,,,,,,,90.600,0.09126,146,59.29,90.600,0.12139,89,120.32,,,,,,,,
90.800,-1.81944,3716,-13306.93,,,,,90.800,0.01088,59,17.55,,,,,,,,,,,,,,,,,,,,,,,,,90.800,0.09145,141,52.07,90.800,0.12174,92,121.65,,,,,,,,
91.000,-1.77070,3701,-5164.38,,,,,91.000,0.01094,58,17.15,,,,,,,,,,,,,,,,,,,,,,,,,91.000,0.09161,137,47.69,91.000,0.12221,90,122.17,,,,,,,,
91.200,-1.76586,3700,3162.05,,,,,91.200,0.01100,58,16.87,,,,,,,,,,,,,,,,,,,,,,,,,91.200,0.09174,137,50.45,91.200,0.12259,92,118.76,,,,,,,,
91.400,-1.75625,3697,-3494.42,,,,,91.400,0.01105,58,15.32,,,,,,,,,,,,,,,,,,,,,,,,,91.400,0.09193,141,58.78,91.400,0.12298,90,113.27,,,,,,,,
91.600,-1.77064,3701,-6608.47,,,,,91.600,0.01111,58,14.58,,,,,,,,,,,,,,,,,,,,,,,,,91.600,0.09214,145,65.96,91.600,0.12335,89,114.75,,,,,,,,
91.800,-1.83580,3721,-1988.59,,,,,91.800,0.01115,59,15.01,,,,,,,,,,,,,,,,,,,,,,,,,91.800,0.09238,145,69.77,91.800,0.12372,87,117.16,,,,,,,,
92.000,-1.81848,3716,1374.11,,,,,92.000,0.01120,59,15.55,,,,,,,,,,,,,,,,,,,,,,,,,92.000,0.09260,146,71.91,92.000,0.12415,87,119.61,,,,,,,,
92.200,-1.74819,3695,1234.53,,,,,92.200,0.01126,59,16.65,,,,,,,,,,,,,,,,,,,,,,,,,92.200,0.09286,146,71.46,92.200,0.12453,89,120.04,,,,,,,,
92.400,-1.83078,3719,-3061.92,,,,,92.400,0.01131,60,17.26,,,,,,,,,,,,,,,,,,,,,,,,,92.400,0.09310,145,68.46,92.400,0.12493,88,122.37,,,,,,,,
92.600,-1.79881,3710,-509.95,,,,,92.600,0.01137,59,17.28,,,,,,,,,,,,,,,,,,,,,,,,,92.600,0.09332,144,64.43,92.600,0.12534,90,127.44,,,,,,,,
92.800,-1.82909,3719,363.10,,,,,92.800,0.01143,58,16.98,,,,,,,,,,,,,,,,,,,,,,,,,92.800,0.09352,140,63.35,92.800,0.12578,90,134.85,,,,,,,,
93.000,-1.76007,3698,-6301.19,,,,,93.000,0.01148,58,16.02,,,,,,,,,,,,,,,,,,,,,,,,,93.000,0.09373,141,65.94,93.000,0.12622,89,139.54,,,,,,,,
93.200,-1.86226,3728,-2012.17,,,,,93.200,0.01154,58,16.12,,,,,,,,,,,,,,,,,,,,,,,,,93.200,0.09395,144,69.17,93.200,0.12674,86,138.57,,,,,,,,
93.400,-1.89167,3737,6708.22,,,,,93.400,0.01158,59,15.64,,,,,,,,,,,,,,,,,,,,,,,,,93.400,0.09420,145,69.81,93.400,0.12717,88,134.40,,,,,,,,
93.600,-1.73774,3691,5550.82,,,,,93.600,0.01165,59,16.73,,,,,,,,,,,,,,,,,,,,,,,,,93.600,0.09443,142,68.28,93.600,0.12761,88,135.56,,,,,,,,
93.800,-1.75043,3695,-8031.32,,,,,93.800,0.01168,59,18.41,,,,,,,,,,,,,,,,,,,,,,,,,93.800,0.09465,143,65.11,93.800,0.12804,90,143.67,,,,,,,,
94.000,-1.89248,3737,-14247.29,,,,,94.000,0.01177,57,17.89,,,,,,,,,,,,,,,,,,,,,,,,,94.000,0.09487,143,58.29,94.000,0.12858,87,144.35,,,,,,,,
94.200,-1.89755,3738,929.44,,,,,94.200,0.01183,56,16.23,,,,,,,,,,,,,,,,,,,,,,,,,94.200,0.09506,141,46.28,94.200,0.12907,83,141.64,,,,,,,,
94.400,-1.87556,3732,5307.31,,,,,94.400,0.01186,57,13.38,,,,,,,,,,,,,,,,,,,,,,,,,94.400,0.09518,129,36.39,94.400,0.12947,86,136.35,,,,,,,,
94.600,-1.74876,3695,2980.63,,,,,94.600,0.01192,56,12.91,,,,,,,,,,,,,,,,,,,,,,,,,94.600,0.09526,125,36.09,94.600,0.12999,82,135.55,,,,,,,,
94.800,-1.93512,3749,-6280.82,,,,,94.800,0.01195,57,14.33,,,,,,,,,,,,,,,,,,,,,,,,,94.800,0.09540,130,45.06,94.800,0.13039,85,137.11,,,,,,,,
95.000,-1.77837,3704,-5170.44,,,,,95.000,0.01200,57,16.23,,,,,,,,,,,,,,,,,,,,,,,,,95.000,0.09557,136,56.25,95.000,0.13086,86,138.30,,,,,,,,
95.200,-1.97157,3759,-1478.22,,,,,95.200,0.01207,57,17.60,,,,,,,,,,,,,,,,,,,,,,,,,95.200,0.09578,143,65.57,95.200,0.13134,83,142.87,,,,,,,,
95.400,-1.81573,3715,-6791.42,,,,,95.400,0.01212,57,16.71,,,,,,,,,,,,,,,,,,,,,,,,,95.400,0.09601,145,71.77,95.400,0.13181,84,142.77,,,,,,,,
95.600,-1.92733,3747,-5179.73,,,,,95.600,0.01218,58,16.22,,,,,,,,,,,,,,,,,,,,,,,,,95.600,0.09627,147,73.73,95.600,0.13230,80,142.29,,,,,,,,
95.800,-1.95844,3755,-6177.71,,,,,95.800,0.01223,58,16.15,,,,,,,,,,,,,,,,,,,,,,,,,95.800,0.09651,147,73.18,95.800,0.13275,81,142.23,,,,,,,,
96.000,-1.93245,3748,1645.72,,,,,96.000,0.01229,57,16.33,,,,,,,,,,,,,,,,,,,,,,,,,96.000,0.09675,145,71.03,96.000,0.13324,79,143.32,,,,,,,,
96.200,-1.93416,3749,-2525.33,,,,,96.200,0.01233,57,15.78,,,,,,,,,,,,,,,,,,,,,,,,,96.200,0.09699,143,68.25,96.200,0.13371,79,144.87,,,,,,,,
96.400,-1.91869,3744,-6857.72,,,,,96.400,0.01240,57,15.14,,,,,,,,,,,,,,,,,,,,,,,,,96.400,0.09721,143,64.06,96.400,0.13420,77,149.32,,,,,,,,
96.600,-2.02271,3773,-5111.85,,,,,96.600,0.01244,58,15.23,,,,,,,,,,,,,,,,,,,,,,,,,96.600,0.09742,142,61.73,96.600,0.13468,77,155.80,,,,,,,,
96.800,-1.98106,3762,-1430.51,,,,,96.800,0.01249,58,15.27,,,,,,,,,,,,,,,,,,,,,,,,,96.800,0.09760,140,63.32,96.800,0.13526,71,164.54,,,,,,,,
97.000,-1.97402,3760,-561.66,,,,,97.000,0.01254,57,14.99,,,,,,,,,,,,,,,,,,,,,,,,,97.000,0.09783,138,67.70,97.000,0.13578,67,200.77,,,,,,,,
97.200,-1.99598,3766,-1282.28,,,,,97.200,0.01259,56,13.39,,,,,,,,,,,,,,,,,,,,,,,,,97.200,0.09806,143,71.75,97.200,0.13640,58,307.53,,,,,,,,
97.400,-2.01902,3772,2460.57,,,,,97.400,0.01263,56,12.73,,,,,,,,,,,,,,,,,,,,,,,,,97.400,0.09831,143,74.62,97.400,0.13755,20,374.72,,,,,,,,
97.600,-1.96171,3756,1536.05,,,,,97.600,0.01267,56,13.08,,,,,,,,,,,,,,,,,,,,,,,,,97.600,0.09856,143,77.11,97.600,0.13963,-39,332.59,,,,,,,,
97.800,-1.95908,3756,98097.08,,,,,97.800,0.01272,56,13.35,,,,,,,,,,,,,,,,,,,,,,,,,97.800,0.09883,144,78.11,97.800,0.14004,-39,223.33,,,,,,,,
98.000,-2.02520,3774,196687.16,,,,,98.000,0.01277,56,13.95,,,,,,,,,,,,,,,,,,,,,,,,,98.000,0.09909,143,77.62,98.000,0.14056,-40,149.09,,,,,,,,
98.200,0.00641,-2,199868.33,,,,,98.200,0.01280,57,14.42,,,,,,,,,,,,,,,,,,,,,,,,,98.200,0.09934,142,76.50,98.200,0.14109,-39,148.98,,,,,,,,
98.400,0.00654,-7,101593.11,,,,,98.400,0.01287,56,14.07,,,,,,,,,,,,,,,,,,,,,,,,,98.400,0.09959,143,76.64,98.400,0.14157,-39,137.26,,,,,,,,
98.600,0.00654,-7,3.53,,,,,98.600,0.01291,57,12.94,,,,,,,,,,,,,,,,,,,,,,,,,98.600,0.09985,142,78.30,98.600,0.14202,-39,124.26,,,,,,,,
98.800,0.00653,-6,-5.23,,,,,98.800,0.01294,58,13.04,,,,,,,,,,,,,,,,,,,,,,,,,98.800,0.10011,142,80.12,98.800,0.14238,-39,110.11,,,,,,,,
99.000,0.00649,-5,-5.69,,,,,99.000,0.01299,58,15.50,,,,,,,,,,,,,,,,,,,,,,,,,99.000,0.10039,142,81.22,99.000,0.14276,-40,94.93,,,,,,,,
99.200,0.00649,-5,-4.10,,,,,99.200,0.01305,58,16.23,,,,,,,,,,,,,,,,,,,,,,,,,99.200,0.10066,142,80.93,99.200,0.14303,-39,81.85,,,,,,,,
99.400,0.00647,-4,-1.89,,,,,99.400,0.01311,57,15.27,,,,,,,,,,,,,,,,,,,,,,,,,99.400,0.10093,140,80.19,99.400,0.14327,-39,73.70,,,,,,,,
99.600,0.00647,-4,-0.94,,,,,99.600,0.01314,58,16.16,,,,,,,,,,,,,,,,,,,,,,,,,99.600,0.10119,141,79.94,99.600,0.14351,-39,71.33,,,,,,,,
99.800,0.00647,-4,4.50E-4,,,,,99.800,0.01320,59,19.55,,,,,,,,,,,,,,,,,,,,,,,,,99.800,0.10146,141,79.69,99.800,0.14375,-39,66.78,,,,,,,,
100.000,0.00646,-4,-0.63,,,,,100.000,0.01329,60,21.67,,,,,,,,,,,,,,,,,,,,,,,,,100.000,0.10173,140,77.99,100.000,0.14397,-39,66.10,,,,,,,,
100.200,0.00647,-4,-1.57,,,,,100.200,0.01336,60,21.76,,,,,,,,,,,,,,,,,,,,,,,,,100.200,0.10199,140,74.40,100.200,0.14415,-38,70.19,,,,,,,,
100.400,0.00646,-3,-0.94,,,,,100.400,0.01342,60,19.85,,,,,,,,,,,,,,,,,,,,,,,,,100.400,0.10222,139,72.01,100.400,0.14444,-39,73.66,,,,,,,,
100.600,0.00645,-3,-0.31,,,,,100.600,0.01350,56,17.16,,,,,,,,,,,,,,,,,,,,,,,,,100.600,0.10245,138,71.61,100.600,0.14469,-39,72.69,,,,,,,,
100.800,0.00647,-4,-0.31,,,,,100.800,0.01354,56,14.23,,,,,,,,,,,,,,,,,,,,,,,,,100.800,0.10270,138,71.73,100.800,0.14490,-39,62.65,,,,,,,,
101.000,0.00646,-3,-0.31,,,,,101.000,0.01358,56,11.67,,,,,,,,,,,,,,,,,,,,,,,,,101.000,0.10294,138,71.77,101.000,0.14514,-40,48.72,,,,,,,,
101.200,0.00644,-3,0.31,,,,,101.200,0.01362,56,12.21,,,,,,,,,,,,,,,,,,,,,,,,,101.200,0.10317,137,72.66,101.200,0.14524,-38,31.21,,,,,,,,
101.400,0.00647,-4,0.94,,,,,101.400,0.01365,57,12.75,,,,,,,,,,,,,,,,,,,,,,,,,101.400,0.10342,140,76.50,101.400,0.14532,-38,17.54,,,,,,,,
101.600,0.00646,-4,-0.63,,,,,101.600,0.01371,56,13.99,,,,,,,,,,,,,,,,,,,,,,,,,101.600,0.10368,142,81.07,101.600,0.14534,-38,9.65,,,,,,,,
101.800,0.00646,-3,-0.94,,,,,101.800,0.01375,58,15.25,,,,,,,,,,,,,,,,,,,,,,,,,101.800,0.10397,141,82.74,101.800,0.14539,-39,3.84,,,,,,,,
102.000,0.00644,-3,1.25,,,,,102.000,0.01381,57,15.25,,,,,,,,,,,,,,,,,,,,,,,,,102.000,0.10425,141,81.26,102.000,0.14537,-38,0.86,,,,,,,,
102.200,0.00647,-4,0.94,,,,,102.200,0.01386,57,15.22,,,,,,,,,,,,,,,,,,,,,,,,,102.200,0.10451,141,78.52,102.200,0.14537,-38,-0.77,,,,,,,,
102.400,0.00647,-4,-0.63,,,,,102.400,0.01390,57,15.55,,,,,,,,,,,,,,,,,,,,,,,,,102.400,0.10476,140,77.68,102.400,0.14537,-38,0.77,,,,,,,,
102.600,0.00644,-3,-1.88,,,,,102.600,0.01396,58,16.00,,,,,,,,,,,,,,,,,,,,,,,,,102.600,0.10502,140,78.89,102.600,0.14537,-38,0.77,,,,,,,,
102.800,0.00646,-3,-0.94,,,,,102.800,0.01402,57,15.51,,,,,,,,,,,,,,,,,,,,,,,,,102.800,0.10528,141,80.03,102.800,0.14539,-39,0.38,,,,,,,,
103.000,0.00645,-3,-4.49E-4,,,,,103.000,0.01406,57,14.65,,,,,,,,,,,,,,,,,,,,,,,,,103.000,0.10556,141,79.64,103.000,0.14537,-38,-0.77,,,,,,,,
103.200,0.00645,-3,0.00,,,,,103.200,0.01411,59,15.55,,,,,,,,,,,,,,,,,,,,,,,,,103.200,0.10582,141,77.91,103.200,0.14537,-38,-2.67,,,,,,,,
103.400,0.00645,-3,0.63,,,,,103.400,0.01416,59,17.25,,,,,,,,,,,,,,,,,,,,,,,,,103.400,0.10608,140,76.23,103.400,0.14537,-38,-1.53,,,,,,,,
103.600,0.00646,-3,0.94,,,,,103.600,0.01423,58,18.56,,,,,,,,,,,,,,,,,,,,,,,,,103.600,0.10633,139,76.95,103.600,0.14534,-37,0.00,,,,,,,,
103.800,0.00646,-3,,,,,,103.800,0.01428,59,19.11,,,,,,,,,,,,,,,,,,,,,,,,,103.800,0.10658,141,76.93,103.800,0.14537,-38,2.68,,,,,,,,
,,,,,,,,104.000,0.01436,58,19.78,,,,,,,,,,,,,,,,,,,,,,,,,104.000,0.10686,141,73.94,104.000,0.14537,-38,2.68,,,,,,,,
,,,,,,,,104.200,0.01442,58,20.28,,,,,,,,,,,,,,,,,,,,,,,,,104.200,0.10708,138,70.61,104.200,0.14540,-39,0.76,,,,,,,,
,,,,,,,,104.400,0.01449,57,19.64,,,,,,,,,,,,,,,,,,,,,,,,,104.400,0.10730,139,70.33,104.400,0.14537,-38,-1.15,,,,,,,,
,,,,,,,,104.600,0.01456,58,18.94,,,,,,,,,,,,,,,,,,,,,,,,,104.600,0.10755,141,72.20,104.600,0.14538,-39,-2.68,,,,,,,,
,,,,,,,,104.800,0.01461,57,17.33,,,,,,,,,,,,,,,,,,,,,,,,,104.800,0.10780,140,72.29,104.800,0.14536,-38,-1.53,,,,,,,,
,,,,,,,,105.000,0.01468,56,17.14,,,,,,,,,,,,,,,,,,,,,,,,,105.000,0.10803,140,70.52,105.000,0.14536,-38,1.15,,,,,,,,
,,,,,,,,105.200,0.01472,57,17.90,,,,,,,,,,,,,,,,,,,,,,,,,105.200,0.10826,139,69.85,105.200,0.14537,-38,1.91,,,,,,,,
,,,,,,,,105.400,0.01479,57,18.99,,,,,,,,,,,,,,,,,,,,,,,,,105.400,0.10849,141,71.82,105.400,0.14540,-39,0.76,,,,,,,,
,,,,,,,,105.600,0.01486,56,18.74,,,,,,,,,,,,,,,,,,,,,,,,,105.600,0.10873,140,74.75,105.600,0.14536,-38,-0.38,,,,,,,,
,,,,,,,,105.800,0.01492,57,17.94,,,,,,,,,,,,,,,,,,,,,,,,,105.800,0.10900,141,76.90,105.800,0.14538,-39,0.00,,,,,,,,
,,,,,,,,106.000,0.01497,58,18.36,,,,,,,,,,,,,,,,,,,,,,,,,106.000,0.10926,143,77.45,106.000,0.14537,-38,0.38,,,,,,,,
,,,,,,,,106.200,0.01504,58,19.19,,,,,,,,,,,,,,,,,,,,,,,,,106.200,0.10951,143,76.46,106.200,0.14538,-39,-0.38,,,,,,,,
,,,,,,,,106.400,0.01510,57,19.28,,,,,,,,,,,,,,,,,,,,,,,,,106.400,0.10977,142,73.97,106.400,0.14537,-38,0.38,,,,,,,,
,,,,,,,,106.600,0.01517,56,18.35,,,,,,,,,,,,,,,,,,,,,,,,,106.600,0.11001,140,68.81,106.600,0.14538,-39,0.00,,,,,,,,
,,,,,,,,106.800,0.01522,56,17.61,,,,,,,,,,,,,,,,,,,,,,,,,106.800,0.11023,140,64.79,106.800,0.14538,-39,-1.15,,,,,,,,
,,,,,,,,107.000,0.01529,56,16.91,,,,,,,,,,,,,,,,,,,,,,,,,107.000,0.11042,138,65.43,107.000,0.14537,-38,-1.15,,,,,,,,
,,,,,,,,107.200,0.01534,56,16.97,,,,,,,,,,,,,,,,,,,,,,,,,107.200,0.11065,141,69.84,107.200,0.14536,-38,1.15,,,,,,,,
,,,,,,,,107.400,0.01539,56,17.93,,,,,,,,,,,,,,,,,,,,,,,,,107.400,0.11090,142,74.62,107.400,0.14538,-39,2.29,,,,,,,,
,,,,,,,,107.600,0.01546,57,18.61,,,,,,,,,,,,,,,,,,,,,,,,,107.600,0.11115,143,76.66,107.600,0.14539,-39,1.53,,,,,,,,
,,,,,,,,107.800,0.01553,57,17.90,,,,,,,,,,,,,,,,,,,,,,,,,107.800,0.11142,143,77.67,107.800,0.14538,-39,0.00,,,,,,,,
,,,,,,,,108.000,0.01558,56,17.22,,,,,,,,,,,,,,,,,,,,,,,,,108.000,0.11167,144,77.19,108.000,0.14539,-39,-2.67,,,,,,,,
,,,,,,,,108.200,0.01563,56,18.29,,,,,,,,,,,,,,,,,,,,,,,,,108.200,0.11194,143,75.82,108.200,0.14538,-39,-2.67,,,,,,,,
,,,,,,,,108.400,0.01570,57,20.09,,,,,,,,,,,,,,,,,,,,,,,,,108.400,0.11218,143,74.00,108.400,0.14534,-37,-0.77,,,,,,,,
,,,,,,,,108.600,0.01577,57,20.60,,,,,,,,,,,,,,,,,,,,,,,,,108.600,0.11243,143,71.23,108.600,0.14538,-39,1.91,,,,,,,,
,,,,,,,,108.800,0.01584,58,18.78,,,,,,,,,,,,,,,,,,,,,,,,,108.800,0.11266,142,69.67,108.800,0.14537,-38,1.91,,,,,,,,
,,,,,,,,109.000,0.01590,56,15.85,,,,,,,,,,,,,,,,,,,,,,,,,109.000,0.11288,141,69.11,109.000,0.14538,-39,0.00,,,,,,,,
,,,,,,,,109.200,0.01594,56,13.33,,,,,,,,,,,,,,,,,,,,,,,,,109.200,0.11312,141,71.22,109.200,0.14537,-38,0.38,,,,,,,,
,,,,,,,,109.400,0.01598,55,12.27,,,,,,,,,,,,,,,,,,,,,,,,,109.400,0.11335,143,75.23,109.400,0.14538,-39,0.00,,,,,,,,
,,,,,,,,109.600,0.01602,55,12.25,,,,,,,,,,,,,,,,,,,,,,,,,109.600,0.11361,142,76.93,109.600,0.14538,-39,0.38,,,,,,,,
,,,,,,,,109.800,0.01607,54,12.36,,,,,,,,,,,,,,,,,,,,,,,,,109.800,0.11389,143,76.56,109.800,0.14537,-38,0.38,,,,,,,,
,,,,,,,,110.000,0.01610,55,12.75,,,,,,,,,,,,,,,,,,,,,,,,,110.000,0.11412,144,74.64,110.000,0.14539,-39,0.77,,,,,,,,
,,,,,,,,110.200,0.01615,54,12.57,,,,,,,,,,,,,,,,,,,,,,,,,110.200,0.11437,143,74.73,110.200,0.14538,-39,-0.38,,,,,,,,
,,,,,,,,110.400,0.01620,54,11.81,,,,,,,,,,,,,,,,,,,,,,,,,110.400,0.11462,143,76.01,110.400,0.14539,-39,-0.76,,,,,,,,
,,,,,,,,110.600,0.01623,55,11.66,,,,,,,,,,,,,,,,,,,,,,,,,110.600,0.11488,144,75.37,110.600,0.14537,-38,1.15,,,,,,,,
,,,,,,,,110.800,0.01626,56,13.12,,,,,,,,,,,,,,,,,,,,,,,,,110.800,0.11513,143,72.67,110.800,0.14539,-39,0.39,,,,,,,,
,,,,,,,,111.000,0.01632,56,14.98,,,,,,,,,,,,,,,,,,,,,,,,,111.000,0.11537,142,69.11,111.000,0.14540,-39,-1.53,,,,,,,,
,,,,,,,,111.200,0.01637,56,14.74,,,,,,,,,,,,,,,,,,,,,,,,,111.200,0.11559,141,67.79,111.200,0.14536,-38,-1.92,,,,,,,,
,,,,,,,,111.400,0.01642,56,14.09,,,,,,,,,,,,,,,,,,,,,,,,,111.400,0.11581,141,69.35,111.400,0.14537,-38,1.15,,,,,,,,
,,,,,,,,111.600,0.01645,57,14.93,,,,,,,,,,,,,,,,,,,,,,,,,111.600,0.11605,142,73.32,111.600,0.14539,-39,2.68,,,,,,,,
,,,,,,,,111.800,0.01651,57,16.09,,,,,,,,,,,,,,,,,,,,,,,,,111.800,0.11630,143,77.69,111.800,0.14540,-39,0.00,,,,,,,,
,,,,,,,,112.000,0.01657,57,15.10,,,,,,,,,,,,,,,,,,,,,,,,,112.000,0.11657,146,79.60,112.000,0.14538,-39,-1.53,,,,,,,,
,,,,,,,,112.200,0.01662,56,12.67,,,,,,,,,,,,,,,,,,,,,,,,,112.200,0.11684,144,77.99,112.200,0.14537,-38,-1.53,,,,,,,,
,,,,,,,,112.400,0.01665,56,11.65,,,,,,,,,,,,,,,,,,,,,,,,,112.400,0.11709,143,74.51,112.400,0.14538,-39,1.15,,,,,,,,
,,,,,,,,112.600,0.01669,56,12.39,,,,,,,,,,,,,,,,,,,,,,,,,112.600,0.11733,142,73.65,112.600,0.14537,-38,1.54,,,,,,,,
,,,,,,,,112.800,0.01673,56,12.83,,,,,,,,,,,,,,,,,,,,,,,,,112.800,0.11757,143,77.21,112.800,0.14541,-39,0.38,,,,,,,,
,,,,,,,,113.000,0.01678,56,11.84,,,,,,,,,,,,,,,,,,,,,,,,,113.000,0.11784,144,82.35,113.000,0.14537,-38,0.00,,,,,,,,
,,,,,,,,113.200,0.01682,56,11.15,,,,,,,,,,,,,,,,,,,,,,,,,113.200,0.11813,143,87.03,113.200,0.14538,-39,-0.39,,,,,,,,
,,,,,,,,113.400,0.01685,56,11.24,,,,,,,,,,,,,,,,,,,,,,,,,113.400,0.11842,145,88.35,113.400,0.14540,-39,0.38,,,,,,,,
,,,,,,,,113.600,0.01689,56,12.02,,,,,,,,,,,,,,,,,,,,,,,,,113.600,0.11873,145,87.96,113.600,0.14538,-39,-0.77,,,,,,,,
,,,,,,,,113.800,0.01693,56,12.96,,,,,,,,,,,,,,,,,,,,,,,,,113.800,0.11900,144,86.55,113.800,0.14538,-39,0.00,,,,,,,,
,,,,,,,,114.000,0.01697,57,13.75,,,,,,,,,,,,,,,,,,,,,,,,,114.000,0.11930,144,84.99,114.000,0.14538,-39,1.53,,,,,,,,
,,,,,,,,114.200,0.01703,57,14.35,,,,,,,,,,,,,,,,,,,,,,,,,114.200,0.11958,144,82.48,114.200,0.14540,-39,1.92,,,,,,,,
,,,,,,,,114.400,0.01707,58,15.83,,,,,,,,,,,,,,,,,,,,,,,,,114.400,0.11986,143,77.77,114.400,0.14540,-39,0.38,,,,,,,,
,,,,,,,,114.600,0.01712,58,17.54,,,,,,,,,,,,,,,,,,,,,,,,,114.600,0.12010,142,74.11,114.600,0.14540,-39,-1.53,,,,,,,,
,,,,,,,,114.800,0.01719,58,18.80,,,,,,,,,,,,,,,,,,,,,,,,,114.800,0.12033,140,74.23,114.800,0.14538,-39,-1.92,,,,,,,,
,,,,,,,,115.000,0.01725,59,18.10,,,,,,,,,,,,,,,,,,,,,,,,,115.000,0.12058,142,78.38,115.000,0.14538,-39,-0.77,,,,,,,,
,,,,,,,,115.200,0.01732,58,17.02,,,,,,,,,,,,,,,,,,,,,,,,,115.200,0.12086,144,82.63,115.200,0.14538,-39,0.77,,,,,,,,
,,,,,,,,115.400,0.01736,59,16.98,,,,,,,,,,,,,,,,,,,,,,,,,115.400,0.12114,145,84.78,115.400,0.14539,-39,1.15,,,,,,,,
,,,,,,,,115.600,0.01743,57,16.48,,,,,,,,,,,,,,,,,,,,,,,,,115.600,0.12143,144,83.98,115.600,0.14539,-39,0.77,,,,,,,,
,,,,,,,,115.800,0.01748,56,15.04,,,,,,,,,,,,,,,,,,,,,,,,,115.800,0.12171,143,83.51,115.800,0.14540,-39,-3.05,,,,,,,,
,,,,,,,,116.000,0.01753,56,13.97,,,,,,,,,,,,,,,,,,,,,,,,,116.000,0.12197,145,84.08,116.000,0.14539,-39,-3.05,,,,,,,,
,,,,,,,,116.200,0.01756,58,13.88,,,,,,,,,,,,,,,,,,,,,,,,,116.200,0.12227,144,85.28,116.200,0.14533,-37,0.38,,,,,,,,
,,,,,,,,116.400,0.01762,58,14.79,,,,,,,,,,,,,,,,,,,,,,,,,116.400,0.12255,146,86.65,116.400,0.14540,-39,3.82,,,,,,,,
,,,,,,,,116.600,0.01766,58,16.16,,,,,,,,,,,,,,,,,,,,,,,,,116.600,0.12284,145,88.05,116.600,0.14540,-39,2.67,,,,,,,,
,,,,,,,,116.800,0.01772,58,16.71,,,,,,,,,,,,,,,,,,,,,,,,,116.800,0.12314,144,90.51,116.800,0.14540,-39,-2.30,,,,,,,,
,,,,,,,,117.000,0.01779,58,16.97,,,,,,,,,,,,,,,,,,,,,,,,,117.000,0.12344,145,90.54,117.000,0.14538,-39,-1.92,,,,,,,,
,,,,,,,,117.200,0.01783,59,16.14,,,,,,,,,,,,,,,,,,,,,,,,,117.200,0.12375,144,87.58,117.200,0.14537,-38,0.38,,,,,,,,
,,,,,,,,117.400,0.01789,57,16.20,,,,,,,,,,,,,,,,,,,,,,,,,117.400,0.12403,143,83.79,117.400,0.14539,-39,1.53,,,,,,,,
,,,,,,,,117.600,0.01794,58,17.24,,,,,,,,,,,,,,,,,,,,,,,,,117.600,0.12430,143,81.49,117.600,0.14540,-39,1.53,,,,,,,,
,,,,,,,,117.800,0.01800,58,18.66,,,,,,,,,,,,,,,,,,,,,,,,,117.800,0.12457,143,80.65,117.800,0.14538,-39,0.38,,,,,,,,
,,,,,,,,118.000,0.01807,58,19.81,,,,,,,,,,,,,,,,,,,,,,,,,118.000,0.12484,143,80.83,118.000,0.14540,-39,-5.13E-4,,,,,,,,
,,,,,,,,118.200,0.01814,58,19.77,,,,,,,,,,,,,,,,,,,,,,,,,118.200,0.12510,142,82.17,118.200,0.14539,-39,0.00,,,,,,,,
,,,,,,,,118.400,0.01820,58,19.70,,,,,,,,,,,,,,,,,,,,,,,,,118.400,0.12539,143,84.21,118.400,0.14539,-39,-1.91,,,,,,,,
,,,,,,,,118.600,0.01826,59,19.77,,,,,,,,,,,,,,,,,,,,,,,,,118.600,0.12567,143,86.22,118.600,0.14540,-39,-1.15,,,,,,,,
,,,,,,,,118.800,0.01834,59,19.22,,,,,,,,,,,,,,,,,,,,,,,,,118.800,0.12596,148,86.46,118.800,0.14536,-38,-8.33E-12,,,,,,,,
,,,,,,,,119.000,0.01840,58,18.45,,,,,,,,,,,,,,,,,,,,,,,,,119.000,0.12626,145,85.94,119.000,0.14540,-39,-0.38,,,,,,,,
,,,,,,,,119.200,0.01845,58,17.21,,,,,,,,,,,,,,,,,,,,,,,,,119.200,0.12653,143,85.41,119.200,0.14539,-39,-1.15,,,,,,,,
,,,,,,,,119.400,0.01852,57,16.23,,,,,,,,,,,,,,,,,,,,,,,,,119.400,0.12682,145,85.41,119.400,0.14536,-38,-2.30,,,,,,,,
,,,,,,,,119.600,0.01856,57,16.07,,,,,,,,,,,,,,,,,,,,,,,,,119.600,0.12711,144,83.74,119.600,0.14537,-38,0.38,,,,,,,,
,,,,,,,,119.800,0.01861,57,16.39,,,,,,,,,,,,,,,,,,,,,,,,,119.800,0.12739,144,80.46,119.800,0.14537,-38,1.53,,,,,,,,
,,,,,,,,120.000,0.01868,56,17.52,,,,,,,,,,,,,,,,,,,,,,,,,120.000,0.12763,143,78.36,120.000,0.14539,-39,-0.38,,,,,,,,
,,,,,,,,120.200,0.01873,57,17.49,,,,,,,,,,,,,,,,,,,,,,,,,120.200,0.12790,143,78.80,120.200,0.14537,-38,-1.15,,,,,,,,
,,,,,,,,120.400,0.01879,58,17.78,,,,,,,,,,,,,,,,,,,,,,,,,120.400,0.12816,143,80.17,120.400,0.14536,-38,-0.38,,,,,,,,
,,,,,,,,120.600,0.01885,58,18.51,,,,,,,,,,,,,,,,,,,,,,,,,120.600,0.12844,143,80.71,120.600,0.14537,-38,0.76,,,,,,,,
,,,,,,,,120.800,0.01892,58,19.44,,,,,,,,,,,,,,,,,,,,,,,,,120.800,0.12870,145,82.56,120.800,0.14538,-39,0.76,,,,,,,,
,,,,,,,,121.000,0.01898,59,20.21,,,,,,,,,,,,,,,,,,,,,,,,,121.000,0.12897,144,84.83,121.000,0.14537,-38,0.38,,,,,,,,
,,,,,,,,121.200,0.01905,59,20.31,,,,,,,,,,,,,,,,,,,,,,,,,121.200,0.12928,144,88.08,121.200,0.14538,-39,-1.52,,,,,,,,
,,,,,,,,121.400,0.01911,58,20.62,,,,,,,,,,,,,,,,,,,,,,,,,121.400,0.12956,147,90.46,121.400,0.14538,-39,-1.14,,,,,,,,
,,,,,,,,121.600,0.01919,58,20.73,,,,,,,,,,,,,,,,,,,,,,,,,121.600,0.12988,143,91.23,121.600,0.14534,-37,-0.38,,,,,,,,
,,,,,,,,121.800,0.01926,58,20.98,,,,,,,,,,,,,,,,,,,,,,,,,121.800,0.13018,145,89.96,121.800,0.14539,-39,1.52,,,,,,,,
,,,,,,,,122.000,0.01932,59,21.62,,,,,,,,,,,,,,,,,,,,,,,,,122.000,0.13048,145,87.50,122.000,0.14537,-38,0.38,,,,,,,,
,,,,,,,,122.200,0.01940,59,24.05,,,,,,,,,,,,,,,,,,,,,,,,,122.200,0.13076,144,86.77,122.200,0.14538,-39,-0.38,,,,,,,,
,,,,,,,,122.400,0.01948,59,26.47,,,,,,,,,,,,,,,,,,,,,,,,,122.400,0.13105,143,86.51,122.400,0.14535,-38,2.30,,,,,,,,
,,,,,,,,122.600,0.01958,57,27.45,,,,,,,,,,,,,,,,,,,,,,,,,122.600,0.13134,143,84.99,122.600,0.14540,-39,2.68,,,,,,,,
,,,,,,,,122.800,0.01967,58,26.20,,,,,,,,,,,,,,,,,,,,,,,,,122.800,0.13162,143,82.63,122.800,0.14540,-39,1.14,,,,,,,,
,,,,,,,,123.000,0.01976,58,23.82,,,,,,,,,,,,,,,,,,,,,,,,,123.000,0.13188,143,80.82,123.000,0.14539,-39,-2.30,,,,,,,,
,,,,,,,,123.200,0.01983,56,22.99,,,,,,,,,,,,,,,,,,,,,,,,,123.200,0.13216,142,80.30,123.200,0.14538,-39,-3.82,,,,,,,,
,,,,,,,,123.400,0.01990,56,22.13,,,,,,,,,,,,,,,,,,,,,,,,,123.400,0.13242,144,80.27,123.400,0.14537,-38,-2.29,,,,,,,,
,,,,,,,,123.600,0.01999,56,21.44,,,,,,,,,,,,,,,,,,,,,,,,,123.600,0.13269,144,80.83,123.600,0.14534,-37,1.15,,,,,,,,
,,,,,,,,123.800,0.02004,57,21.93,,,,,,,,,,,,,,,,,,,,,,,,,123.800,0.13296,145,83.15,123.800,0.14538,-39,2.29,,,,,,,,
,,,,,,,,124.000,0.02011,57,23.07,,,,,,,,,,,,,,,,,,,,,,,,,124.000,0.13324,146,86.41,124.000,0.14539,-39,0.76,,,,,,,,
,,,,,,,,124.200,0.02021,56,22.83,,,,,,,,,,,,,,,,,,,,,,,,,124.200,0.13354,149,89.01,124.200,0.14537,-38,-0.77,,,,,,,,
,,,,,,,,124.400,0.02028,57,19.55,,,,,,,,,,,,,,,,,,,,,,,,,124.400,0.13384,146,89.23,124.400,0.14537,-38,0.00,,,,,,,,
,,,,,,,,124.600,0.02033,55,17.23,,,,,,,,,,,,,,,,,,,,,,,,,124.600,0.13414,144,88.67,124.600,0.14538,-39,-0.38,,,,,,,,
,,,,,,,,124.800,0.02038,56,18.31,,,,,,,,,,,,,,,,,,,,,,,,,124.800,0.13443,145,87.21,124.800,0.14537,-38,-0.38,,,,,,,,
,,,,,,,,125.000,0.02045,56,20.96,,,,,,,,,,,,,,,,,,,,,,,,,125.000,0.13473,144,83.81,125.000,0.14536,-38,1.15,,,,,,,,
,,,,,,,,125.200,0.02052,57,23.41,,,,,,,,,,,,,,,,,,,,,,,,,125.200,0.13500,144,80.18,125.200,0.14539,-39,2.30,,,,,,,,
,,,,,,,,125.400,0.02061,57,25.23,,,,,,,,,,,,,,,,,,,,,,,,,125.400,0.13524,144,80.06,125.400,0.14539,-39,0.00,,,,,,,,
,,,,,,,,125.600,0.02070,57,26.09,,,,,,,,,,,,,,,,,,,,,,,,,125.600,0.13551,146,84.73,125.600,0.14539,-39,-2.68,,,,,,,,
,,,,,,,,125.800,0.02079,57,26.16,,,,,,,,,,,,,,,,,,,,,,,,,125.800,0.13581,146,89.74,125.800,0.14536,-38,-1.15,,,,,,,,
,,,,,,,,126.000,0.02087,58,26.77,,,,,,,,,,,,,,,,,,,,,,,,,126.000,0.13612,146,90.78,126.000,0.14537,-38,1.15,,,,,,,,
,,,,,,,,126.200,0.02096,58,27.38,,,,,,,,,,,,,,,,,,,,,,,,,126.200,0.13643,147,88.02,126.200,0.14539,-39,2.68,,,,,,,,
,,,,,,,,126.400,0.02106,57,25.88,,,,,,,,,,,,,,,,,,,,,,,,,126.400,0.13671,146,83.91,126.400,0.14538,-39,2.30,,,,,,,,
,,,,,,,,126.600,0.02114,56,22.34,,,,,,,,,,,,,,,,,,,,,,,,,126.600,0.13698,143,81.26,126.600,0.14540,-39,0.77,,,,,,,,
,,,,,,,,126.800,0.02120,56,20.15,,,,,,,,,,,,,,,,,,,,,,,,,126.800,0.13725,144,81.75,126.800,0.14540,-39,-0.38,,,,,,,,
,,,,,,,,127.000,0.02126,56,21.26,,,,,,,,,,,,,,,,,,,,,,,,,127.000,0.13752,145,84.00,127.000,0.14538,-39,-1.15,,,,,,,,
,,,,,,,,127.200,0.02134,56,23.94,,,,,,,,,,,,,,,,,,,,,,,,,127.200,0.13781,147,85.63,127.200,0.14539,-39,0.38,,,,,,,,
,,,,,,,,127.400,0.02143,57,26.16,,,,,,,,,,,,,,,,,,,,,,,,,127.400,0.13810,147,87.54,127.400,0.14539,-39,1.53,,,,,,,,
,,,,,,,,127.600,0.02151,58,27.72,,,,,,,,,,,,,,,,,,,,,,,,,127.600,0.13838,146,88.93,127.600,0.14540,-39,0.38,,,,,,,,
,,,,,,,,127.800,0.02161,59,29.03,,,,,,,,,,,,,,,,,,,,,,,,,127.800,0.13870,146,86.82,127.800,0.14540,-39,-1.92,,,,,,,,
,,,,,,,,128.000,0.02171,58,30.23,,,,,,,,,,,,,,,,,,,,,,,,,128.000,0.13899,145,82.01,128.000,0.14539,-39,-3.45,,,,,,,,
,,,,,,,,128.200,0.02181,58,29.74,,,,,,,,,,,,,,,,,,,,,,,,,128.200,0.13923,144,78.76,128.200,0.14537,-38,-3.06,,,,,,,,
,,,,,,,,128.400,0.02192,57,27.50,,,,,,,,,,,,,,,,,,,,,,,,,128.400,0.13949,145,79.50,128.400,0.14537,-38,0.00,,,,,,,,
,,,,,,,,128.600,0.02200,57,25.09,,,,,,,,,,,,,,,,,,,,,,,,,128.600,0.13977,145,80.14,128.600,0.14536,-38,2.30,,,,,,,,
,,,,,,,,128.800,0.02207,55,23.97,,,,,,,,,,,,,,,,,,,,,,,,,128.800,0.14003,144,78.30,128.800,0.14540,-39,1.15,,,,,,,,
,,,,,,,,129.000,0.02216,56,24.36,,,,,,,,,,,,,,,,,,,,,,,,,129.000,0.14029,144,76.82,129.000,0.14538,-39,-0.39,,,,,,,,
,,,,,,,,129.200,0.02224,56,23.64,,,,,,,,,,,,,,,,,,,,,,,,,129.200,0.14054,145,77.49,129.200,0.14537,-38,4.16E-12,,,,,,,,
,,,,,,,,129.400,0.02232,56,22.90,,,,,,,,,,,,,,,,,,,,,,,,,129.400,0.14080,145,78.74,129.400,0.14538,-39,1.15,,,,,,,,
,,,,,,,,129.600,0.02238,57,23.88,,,,,,,,,,,,,,,,,,,,,,,,,129.600,0.14107,145,79.66,129.600,0.14540,-39,-5.12E-4,,,,,,,,
,,,,,,,,129.800,0.02247,56,24.66,,,,,,,,,,,,,,,,,,,,,,,,,129.800,0.14133,146,81.08,129.800,0.14537,-38,-0.77,,,,,,,,
,,,,,,,,130.000,0.02257,56,24.46,,,,,,,,,,,,,,,,,,,,,,,,,130.000,0.14160,144,82.93,130.000,0.14537,-38,0.00,,,,,,,,
,,,,,,,,130.200,0.02263,56,24.42,,,,,,,,,,,,,,,,,,,,,,,,,130.200,0.14189,146,84.69,130.200,0.14539,-39,0.77,,,,,,,,
,,,,,,,,130.400,0.02271,57,25.94,,,,,,,,,,,,,,,,,,,,,,,,,130.400,0.14217,147,84.60,130.400,0.14538,-39,0.77,,,,,,,,
,,,,,,,,130.600,0.02281,56,27.41,,,,,,,,,,,,,,,,,,,,,,,,,130.600,0.14246,146,82.71,130.600,0.14538,-39,-0.38,,,,,,,,
,,,,,,,,130.800,0.02290,57,27.31,,,,,,,,,,,,,,,,,,,,,,,,,130.800,0.14273,147,80.37,130.800,0.14540,-39,-1.15,,,,,,,,
,,,,,,,,131.000,0.02299,57,27.36,,,,,,,,,,,,,,,,,,,,,,,,,131.000,0.14299,144,78.97,131.000,0.14537,-38,-2.68,,,,,,,,
,,,,,,,,131.200,0.02308,57,29.55,,,,,,,,,,,,,,,,,,,,,,,,,131.200,0.14325,144,80.38,131.200,0.14537,-38,-1.91,,,,,,,,
,,,,,,,,131.400,0.02318,58,30.65,,,,,,,,,,,,,,,,,,,,,,,,,131.400,0.14352,144,82.73,131.400,0.14535,-38,1.92,,,,,,,,
,,,,,,,,131.600,0.02330,57,29.11,,,,,,,,,,,,,,,,,,,,,,,,,131.600,0.14381,145,84.24,131.600,0.14537,-38,-0.74,,,,,,,,
,,,,,,,,131.800,0.02338,57,25.88,,,,,,,,,,,,,,,,,,,,,,,,,131.800,0.14408,146,83.21,131.800,0.14540,-39,-2.28,,,,,,,,
,,,,,,,,132.000,0.02346,56,22.78,,,,,,,,,,,,,,,,,,,,,,,,,132.000,0.14437,144,81.72,132.000,0.14530,-36,-1.53,,,,,,,,
,,,,,,,,132.200,0.02354,56,21.47,,,,,,,,,,,,,,,,,,,,,,,,,132.200,0.14462,144,81.91,132.200,0.14537,-38,2.27,,,,,,,,
,,,,,,,,132.400,0.02360,56,20.90,,,,,,,,,,,,,,,,,,,,,,,,,132.400,0.14490,145,81.79,132.400,0.14537,-38,2.28,,,,,,,,
,,,,,,,,132.600,0.02367,56,20.71,,,,,,,,,,,,,,,,,,,,,,,,,132.600,0.14519,144,80.91,132.600,0.14538,-39,-1.91,,,,,,,,
,,,,,,,,132.800,0.02375,56,20.21,,,,,,,,,,,,,,,,,,,,,,,,,132.800,0.14544,145,79.67,132.800,0.14534,-37,-1.15,,,,,,,,
,,,,,,,,133.000,0.02381,55,20.30,,,,,,,,,,,,,,,,,,,,,,,,,133.000,0.14570,146,80.88,133.000,0.14537,-38,2.29,,,,,,,,
,,,,,,,,133.200,0.02387,56,21.12,,,,,,,,,,,,,,,,,,,,,,,,,133.200,0.14598,145,84.25,133.200,0.14537,-38,3.44,,,,,,,,
,,,,,,,,133.400,0.02395,56,22.22,,,,,,,,,,,,,,,,,,,,,,,,,133.400,0.14626,145,86.33,133.400,0.14540,-39,1.53,,,,,,,,
,,,,,,,,133.600,0.02402,57,22.80,,,,,,,,,,,,,,,,,,,,,,,,,133.600,0.14656,145,85.52,133.600,0.14537,-38,-0.77,,,,,,,,
,,,,,,,,133.800,0.02410,58,24.10,,,,,,,,,,,,,,,,,,,,,,,,,133.800,0.14684,146,83.14,133.800,0.14539,-39,-1.92,,,,,,,,
,,,,,,,,134.000,0.02418,58,24.61,,,,,,,,,,,,,,,,,,,,,,,,,134.000,0.14711,145,81.67,134.000,0.14537,-38,-1.53,,,,,,,,
,,,,,,,,134.200,0.02428,57,23.52,,,,,,,,,,,,,,,,,,,,,,,,,134.200,0.14738,145,84.75,134.200,0.14537,-38,-0.38,,,,,,,,
,,,,,,,,134.400,0.02434,58,22.07,,,,,,,,,,,,,,,,,,,,,,,,,134.400,0.14766,146,88.40,134.400,0.14536,-38,2.30,,,,,,,,
,,,,,,,,134.600,0.02441,58,20.99,,,,,,,,,,,,,,,,,,,,,,,,,134.600,0.14799,146,89.29,134.600,0.14539,-39,3.06,,,,,,,,
,,,,,,,,134.800,0.02449,57,22.50,,,,,,,,,,,,,,,,,,,,,,,,,134.800,0.14827,147,86.90,134.800,0.14540,-39,2.30,,,,,,,,
,,,,,,,,135.000,0.02455,57,24.35,,,,,,,,,,,,,,,,,,,,,,,,,135.000,0.14856,146,84.52,135.000,0.14540,-39,-1.53,,,,,,,,
,,,,,,,,135.200,0.02465,57,26.04,,,,,,,,,,,,,,,,,,,,,,,,,135.200,0.14883,144,84.91,135.200,0.14540,-39,-3.06,,,,,,,,
,,,,,,,,135.400,0.02474,56,26.47,,,,,,,,,,,,,,,,,,,,,,,,,135.400,0.14912,145,87.23,135.400,0.14536,-38,-1.53,,,,,,,,
,,,,,,,,135.600,0.02482,56,25.87,,,,,,,,,,,,,,,,,,,,,,,,,135.600,0.14941,147,91.08,135.600,0.14537,-38,0.76,,,,,,,,
,,,,,,,,135.800,0.02491,57,25.49,,,,,,,,,,,,,,,,,,,,,,,,,135.800,0.14972,150,91.18,135.800,0.14539,-39,1.15,,,,,,,,
,,,,,,,,136.000,0.02500,58,26.09,,,,,,,,,,,,,,,,,,,,,,,,,136.000,0.15005,145,86.53,136.000,0.14538,-39,-1.53,,,,,,,,
,,,,,,,,136.200,0.02507,59,27.69,,,,,,,,,,,,,,,,,,,,,,,,,136.200,0.15030,144,78.68,136.200,0.14537,-38,-2.29,,,,,,,,
,,,,,,,,136.400,0.02518,58,28.10,,,,,,,,,,,,,,,,,,,,,,,,,136.400,0.15056,144,72.06,136.400,0.14536,-38,-2.29,,,,,,,,
,,,,,,,,136.600,0.02528,57,25.88,,,,,,,,,,,,,,,,,,,,,,,,,136.600,0.15079,143,70.01,136.600,0.14537,-38,0.39,,,,,,,,
,,,,,,,,136.800,0.02535,57,21.49,,,,,,,,,,,,,,,,,,,,,,,,,136.800,0.15100,143,71.12,136.800,0.14534,-37,3.06,,,,,,,,
,,,,,,,,137.000,0.02542,57,19.74,,,,,,,,,,,,,,,,,,,,,,,,,137.000,0.15126,143,74.29,137.000,0.14540,-39,3.82,,,,,,,,
,,,,,,,,137.200,0.02547,56,20.53,,,,,,,,,,,,,,,,,,,,,,,,,137.200,0.15151,143,74.60,137.200,0.14539,-39,1.91,,,,,,,,
,,,,,,,,137.400,0.02555,56,21.99,,,,,,,,,,,,,,,,,,,,,,,,,137.400,0.15177,145,71.77,137.400,0.14540,-39,-2.30,,,,,,,,
,,,,,,,,137.600,0.02563,57,22.28,,,,,,,,,,,,,,,,,,,,,,,,,137.600,0.15199,144,69.81,137.600,0.14538,-39,-3.44,,,,,,,,
,,,,,,,,137.800,0.02570,56,22.24,,,,,,,,,,,,,,,,,,,,,,,,,137.800,0.15222,145,66.05,137.800,0.14536,-38,-2.30,,,,,,,,
,,,,,,,,138.000,0.02577,57,23.36,,,,,,,,,,,,,,,,,,,,,,,,,138.000,0.15246,145,60.78,138.000,0.14536,-38,0.00,,,,,,,,
,,,,,,,,138.200,0.02586,57,25.87,,,,,,,,,,,,,,,,,,,,,,,,,138.200,0.15262,143,56.36,138.200,0.14537,-38,0.76,,,,,,,,
,,,,,,,,138.400,0.02594,58,27.81,,,,,,,,,,,,,,,,,,,,,,,,,138.400,0.15280,140,57.45,138.400,0.14537,-38,0.76,,,,,,,,
,,,,,,,,138.600,0.02605,58,28.57,,,,,,,,,,,,,,,,,,,,,,,,,138.600,0.15300,142,62.51,138.600,0.14537,-38,0.38,,,,,,,,
,,,,,,,,138.800,0.02613,59,28.98,,,,,,,,,,,,,,,,,,,,,,,,,138.800,0.15322,147,65.98,138.800,0.14538,-39,1.92,,,,,,,,
,,,,,,,,139.000,0.02624,57,29.03,,,,,,,,,,,,,,,,,,,,,,,,,139.000,0.15344,147,69.04,139.000,0.14537,-38,0.01,,,,,,,,
,,,,,,,,139.200,0.02633,58,28.39,,,,,,,,,,,,,,,,,,,,,,,,,139.200,0.15367,146,72.17,139.200,0.14540,-39,-1.14,,,,,,,,
,,,,,,,,139.400,0.02643,57,26.77,,,,,,,,,,,,,,,,,,,,,,,,,139.400,0.15393,149,73.39,139.400,0.14534,-37,-1.15,,,,,,,,
,,,,,,,,139.600,0.02651,57,26.15,,,,,,,,,,,,,,,,,,,,,,,,,139.600,0.15418,148,72.74,139.600,0.14538,-39,-1.15,,,,,,,,
,,,,,,,,139.800,0.02660,56,24.99,,,,,,,,,,,,,,,,,,,,,,,,,139.800,0.15440,146,72.40,139.800,0.14537,-38,0.00,,,,,,,,
,,,,,,,,140.000,0.02669,56,23.04,,,,,,,,,,,,,,,,,,,,,,,,,140.000,0.15465,147,72.56,140.000,0.14536,-38,-0.38,,,,,,,,
,,,,,,,,140.200,0.02675,57,21.43,,,,,,,,,,,,,,,,,,,,,,,,,140.200,0.15491,148,67.31,140.200,0.14537,-38,1.15,,,,,,,,
,,,,,,,,140.400,0.02682,57,22.11,,,,,,,,,,,,,,,,,,,,,,,,,140.400,0.15513,145,56.26,140.400,0.14537,-38,1.15,,,,,,,,
,,,,,,,,140.600,0.02690,57,23.74,,,,,,,,,,,,,,,,,,,,,,,,,140.600,0.15527,142,43.23,140.600,0.14537,-38,0.00,,,,,,,,
,,,,,,,,140.800,0.02698,57,23.65,,,,,,,,,,,,,,,,,,,,,,,,,140.800,0.15541,138,30.66,140.800,0.14537,-38,5.12E-4,,,,,,,,
,,,,,,,,141.000,0.02706,57,22.48,,,,,,,,,,,,,,,,,,,,,,,,,141.000,0.15549,133,23.53,141.000,0.14537,-38,1.15,,,,,,,,
,,,,,,,,141.200,0.02713,57,22.69,,,,,,,,,,,,,,,,,,,,,,,,,141.200,0.15553,130,24.57,141.200,0.14538,-39,1.15,,,,,,,,
,,,,,,,,141.400,0.02720,57,24.69,,,,,,,,,,,,,,,,,,,,,,,,,141.400,0.15563,131,33.80,141.400,0.14539,-39,-5.12E-4,,,,,,,,
,,,,,,,,141.600,0.02729,57,27.24,,,,,,,,,,,,,,,,,,,,,,,,,141.600,0.15577,138,45.88,141.600,0.14537,-38,0.00,,,,,,,,
,,,,,,,,141.800,0.02739,57,28.11,,,,,,,,,,,,,,,,,,,,,,,,,141.800,0.15593,144,54.80,141.800,0.14537,-38,1.15,,,,,,,,
,,,,,,,,142.000,0.02749,58,26.98,,,,,,,,,,,,,,,,,,,,,,,,,142.000,0.15614,148,60.13,142.000,0.14540,-39,1.53,,,,,,,,
,,,,,,,,142.200,0.02757,57,26.14,,,,,,,,,,,,,,,,,,,,,,,,,142.200,0.15635,148,61.92,142.200,0.14539,-39,1.15,,,,,,,,
,,,,,,,,142.400,0.02765,57,25.71,,,,,,,,,,,,,,,,,,,,,,,,,142.400,0.15655,149,64.84,142.400,0.14539,-39,-0.76,,,,,,,,
,,,,,,,,142.600,0.02774,57,24.38,,,,,,,,,,,,,,,,,,,,,,,,,142.600,0.15676,150,71.27,142.600,0.14540,-39,-1.53,,,,,,,,
,,,,,,,,142.800,0.02783,57,22.00,,,,,,,,,,,,,,,,,,,,,,,,,142.800,0.15703,155,77.17,142.800,0.14537,-38,-0.38,,,,,,,,
,,,,,,,,143.000,0.02788,57,20.16,,,,,,,,,,,,,,,,,,,,,,,,,143.000,0.15729,152,82.02,143.000,0.14538,-39,1.53,,,,,,,,
,,,,,,,,143.200,0.02795,56,20.70,,,,,,,,,,,,,,,,,,,,,,,,,143.200,0.15756,152,83.78,143.200,0.14540,-39,1.15,,,,,,,,
,,,,,,,,143.400,0.02802,56,22.01,,,,,,,,,,,,,,,,,,,,,,,,,143.400,0.15787,150,83.54,143.400,0.14540,-39,-1.15,,,,,,,,
,,,,,,,,143.600,0.02810,56,22.54,,,,,,,,,,,,,,,,,,,,,,,,,143.600,0.15813,150,82.12,143.600,0.14537,-38,-0.77,,,,,,,,
,,,,,,,,143.800,0.02817,57,22.51,,,,,,,,,,,,,,,,,,,,,,,,,143.800,0.15839,148,80.83,143.800,0.14539,-39,1.15,,,,,,,,
,,,,,,,,144.000,0.02825,57,22.76,,,,,,,,,,,,,,,,,,,,,,,,,144.000,0.15867,147,81.05,144.000,0.14540,-39,1.92,,,,,,,,
,,,,,,,,144.200,0.02832,57,24.17,,,,,,,,,,,,,,,,,,,,,,,,,144.200,0.15894,146,78.47,144.200,0.14540,-39,1.15,,,,,,,,
,,,,,,,,144.400,0.02841,57,25.27,,,,,,,,,,,,,,,,,,,,,,,,,144.400,0.15921,144,76.25,144.400,0.14540,-39,-0.38,,,,,,,,
,,,,,,,,144.600,0.02850,58,25.52,,,,,,,,,,,,,,,,,,,,,,,,,144.600,0.15943,146,76.08,144.600,0.14540,-39,-1.53,,,,,,,,
,,,,,,,,144.800,0.02858,59,25.92,,,,,,,,,,,,,,,,,,,,,,,,,144.800,0.15971,148,77.80,144.800,0.14538,-39,-2.68,,,,,,,,
,,,,,,,,145.000,0.02866,58,25.74,,,,,,,,,,,,,,,,,,,,,,,,,145.000,0.15996,146,79.57,145.000,0.14539,-39,-1.15,,,,,,,,
,,,,,,,,145.200,0.02876,57,23.07,,,,,,,,,,,,,,,,,,,,,,,,,145.200,0.16023,145,78.42,145.200,0.14537,-38,0.00,,,,,,,,
,,,,,,,,145.400,0.02883,57,19.30,,,,,,,,,,,,,,,,,,,,,,,,,145.400,0.16050,146,77.91,145.400,0.14540,-39,0.00,,,,,,,,
,,,,,,,,145.600,0.02887,56,18.03,,,,,,,,,,,,,,,,,,,,,,,,,145.600,0.16074,145,78.75,145.600,0.14537,-38,1.15,,,,,,,,
,,,,,,,,145.800,0.02894,56,20.70,,,,,,,,,,,,,,,,,,,,,,,,,145.800,0.16101,145,81.16,145.800,0.14538,-39,0.38,,,,,,,,
,,,,,,,,146.000,0.02901,57,22.88,,,,,,,,,,,,,,,,,,,,,,,,,146.000,0.16129,146,82.72,146.000,0.14540,-39,-0.38,,,,,,,,
,,,,,,,,146.200,0.02910,57,24.33,,,,,,,,,,,,,,,,,,,,,,,,,146.200,0.16157,144,84.21,146.200,0.14537,-38,0.00,,,,,,,,
,,,,,,,,146.400,0.02917,58,23.37,,,,,,,,,,,,,,,,,,,,,,,,,146.400,0.16184,146,85.15,146.400,0.14537,-38,1.92,,,,,,,,
,,,,,,,,146.600,0.02927,56,23.50,,,,,,,,,,,,,,,,,,,,,,,,,146.600,0.16215,146,86.01,146.600,0.14541,-39,0.01,,,,,,,,
,,,,,,,,146.800,0.02931,60,25.88,,,,,,,,,,,,,,,,,,,,,,,,,146.800,0.16241,146,88.15,146.800,0.14540,-39,-1.91,,,,,,,,
,,,,,,,,147.000,0.02943,59,28.14,,,,,,,,,,,,,,,,,,,,,,,,,147.000,0.16272,145,89.73,147.000,0.14534,-37,-1.15,,,,,,,,
,,,,,,,,147.200,0.02953,58,29.08,,,,,,,,,,,,,,,,,,,,,,,,,147.200,0.16304,146,87.94,147.200,0.14540,-39,2.29,,,,,,,,
,,,,,,,,147.400,0.02962,57,24.56,,,,,,,,,,,,,,,,,,,,,,,,,147.400,0.16332,145,82.49,147.400,0.14539,-39,1.91,,,,,,,,
,,,,,,,,147.600,0.02970,56,21.72,,,,,,,,,,,,,,,,,,,,,,,,,147.600,0.16357,142,79.77,147.600,0.14540,-39,-0.77,,,,,,,,
,,,,,,,,147.800,0.02974,56,20.96,,,,,,,,,,,,,,,,,,,,,,,,,147.800,0.16383,143,81.94,147.800,0.14538,-39,0.38,,,,,,,,
,,,,,,,,148.000,0.02984,56,21.83,,,,,,,,,,,,,,,,,,,,,,,,,148.000,0.16412,143,86.16,148.000,0.14540,-39,0.38,,,,,,,,
,,,,,,,,148.200,0.02990,57,23.35,,,,,,,,,,,,,,,,,,,,,,,,,148.200,0.16441,143,87.11,148.200,0.14540,-39,-0.38,,,,,,,,
,,,,,,,,148.400,0.02998,58,23.41,,,,,,,,,,,,,,,,,,,,,,,,,148.400,0.16472,144,86.05,148.400,0.14539,-39,-1.53,,,,,,,,
,,,,,,,,148.600,0.03007,57,23.49,,,,,,,,,,,,,,,,,,,,,,,,,148.600,0.16498,145,85.78,148.600,0.14538,-39,-0.77,,,,,,,,
,,,,,,,,148.800,0.03014,56,22.97,,,,,,,,,,,,,,,,,,,,,,,,,148.800,0.16527,143,86.83,148.800,0.14539,-39,-0.76,,,,,,,,
,,,,,,,,149.000,0.03021,56,22.41,,,,,,,,,,,,,,,,,,,,,,,,,149.000,0.16557,143,86.01,149.000,0.14539,-39,-0.38,,,,,,,,
,,,,,,,,149.200,0.03029,57,23.31,,,,,,,,,,,,,,,,,,,,,,,,,149.200,0.16586,143,82.54,149.200,0.14537,-38,1.15,,,,,,,,
,,,,,,,,149.400,0.03036,58,24.87,,,,,,,,,,,,,,,,,,,,,,,,,149.400,0.16611,142,80.25,149.400,0.14540,-39,1.15,,,,,,,,
,,,,,,,,149.600,0.03046,57,25.06,,,,,,,,,,,,,,,,,,,,,,,,,149.600,0.16638,142,80.64,149.600,0.14540,-39,-0.38,,,,,,,,
,,,,,,,,149.800,0.03055,57,24.58,,,,,,,,,,,,,,,,,,,,,,,,,149.800,0.16665,143,82.86,149.800,0.14537,-38,-2.30,,,,,,,,
,,,,,,,,150.000,0.03061,57,23.40,,,,,,,,,,,,,,,,,,,,,,,,,150.000,0.16693,144,86.22,150.000,0.14538,-39,0.00,,,,,,,,
,,,,,,,,150.200,0.03070,57,23.62,,,,,,,,,,,,,,,,,,,,,,,,,150.200,0.16722,147,89.15,150.200,0.14537,-38,1.92,,,,,,,,
,,,,,,,,150.400,0.03077,58,24.89,,,,,,,,,,,,,,,,,,,,,,,,,150.400,0.16754,144,91.33,150.400,0.14540,-39,1.53,,,,,,,,
,,,,,,,,150.600,0.03086,58,27.44,,,,,,,,,,,,,,,,,,,,,,,,,150.600,0.16782,144,91.72,150.600,0.14539,-39,-0.38,,,,,,,,
,,,,,,,,150.800,0.03095,59,29.88,,,,,,,,,,,,,,,,,,,,,,,,,150.800,0.16815,145,91.41,150.800,0.14540,-39,-1.53,,,,,,,,
,,,,,,,,151.000,0.03107,59,28.66,,,,,,,,,,,,,,,,,,,,,,,,,151.000,0.16844,144,90.65,151.000,0.14537,-38,-8.33E-12,,,,,,,,
,,,,,,,,151.200,0.03116,59,27.05,,,,,,,,,,,,,,,,,,,,,,,,,151.200,0.16875,145,87.35,151.200,0.14539,-39,4.16E-12,,,,,,,,
,,,,,,,,151.400,0.03122,59,26.18,,,,,,,,,,,,,,,,,,,,,,,,,151.400,0.16904,143,82.99,151.400,0.14540,-39,-0.38,,,,,,,,
,,,,,,,,151.600,0.03134,58,26.63,,,,,,,,,,,,,,,,,,,,,,,,,151.600,0.16930,141,78.39,151.600,0.14537,-38,-1.53,,,,,,,,
,,,,,,,,151.800,0.03141,57,25.39,,,,,,,,,,,,,,,,,,,,,,,,,151.800,0.16955,141,76.45,151.800,0.14538,-39,-0.38,,,,,,,,
,,,,,,,,152.000,0.03150,57,23.78,,,,,,,,,,,,,,,,,,,,,,,,,152.000,0.16981,142,77.24,152.000,0.14537,-38,1.53,,,,,,,,
,,,,,,,,152.200,0.03157,59,24.38,,,,,,,,,,,,,,,,,,,,,,,,,152.200,0.17006,141,76.93,152.200,0.14539,-39,2.69,,,,,,,,
,,,,,,,,152.400,0.03166,59,26.61,,,,,,,,,,,,,,,,,,,,,,,,,152.400,0.17033,142,74.98,152.400,0.14540,-39,3.07,,,,,,,,
,,,,,,,,152.600,0.03174,60,28.39,,,,,,,,,,,,,,,,,,,,,,,,,152.600,0.17056,142,72.83,152.600,0.14541,-39,1.92,,,,,,,,
,,,,,,,,152.800,0.03186,58,27.62,,,,,,,,,,,,,,,,,,,,,,,,,152.800,0.17081,140,72.40,152.800,0.14541,-39,0.77,,,,,,,,
,,,,,,,,153.000,0.03194,59,26.68,,,,,,,,,,,,,,,,,,,,,,,,,153.000,0.17104,142,75.05,153.000,0.14541,-39,-0.38,,,,,,,,
,,,,,,,,153.200,0.03202,59,25.55,,,,,,,,,,,,,,,,,,,,,,,,,153.200,0.17130,144,78.91,153.200,0.14541,-39,-1.92,,,,,,,,
,,,,,,,,153.400,0.03212,58,26.75,,,,,,,,,,,,,,,,,,,,,,,,,153.400,0.17157,144,81.16,153.400,0.14540,-39,-2.30,,,,,,,,
,,,,,,,,153.600,0.03219,60,26.26,,,,,,,,,,,,,,,,,,,,,,,,,153.600,0.17186,143,77.87,153.600,0.14538,-39,-1.92,,,,,,,,
,,,,,,,,153.800,0.03230,57,25.98,,,,,,,,,,,,,,,,,,,,,,,,,153.800,0.17211,145,72.03,153.800,0.14540,-39,-0.38,,,,,,,,
,,,,,,,,154.000,0.03236,59,25.56,,,,,,,,,,,,,,,,,,,,,,,,,154.000,0.17232,142,69.54,154.000,0.14538,-39,-0.38,,,,,,,,
,,,,,,,,154.200,0.03247,59,25.37,,,,,,,,,,,,,,,,,,,,,,,,,154.200,0.17255,140,66.33,154.200,0.14540,-39,-1.53,,,,,,,,
,,,,,,,,154.400,0.03254,59,26.22,,,,,,,,,,,,,,,,,,,,,,,,,154.400,0.17281,143,58.46,154.400,0.14537,-38,-2.30,,,,,,,,
,,,,,,,,154.600,0.03263,58,26.02,,,,,,,,,,,,,,,,,,,,,,,,,154.600,0.17295,138,51.46,154.600,0.14537,-38,-0.76,,,,,,,,
,,,,,,,,154.800,0.03272,59,26.54,,,,,,,,,,,,,,,,,,,,,,,,,154.800,0.17309,136,51.21,154.800,0.14536,-38,1.92,,,,,,,,
,,,,,,,,155.000,0.03281,59,26.14,,,,,,,,,,,,,,,,,,,,,,,,,155.000,0.17330,140,57.97,155.000,0.14540,-39,3.06,,,,,,,,
,,,,,,,,155.200,0.03289,59,25.28,,,,,,,,,,,,,,,,,,,,,,,,,155.200,0.17348,141,64.93,155.200,0.14539,-39,0.77,,,,,,,,
,,,,,,,,155.400,0.03298,59,24.01,,,,,,,,,,,,,,,,,,,,,,,,,155.400,0.17372,144,66.46,155.400,0.14540,-39,-2.30,,,,,,,,
,,,,,,,,155.600,0.03305,59,23.31,,,,,,,,,,,,,,,,,,,,,,,,,155.600,0.17397,144,60.41,155.600,0.14537,-38,-2.68,,,,,,,,
,,,,,,,,155.800,0.03313,58,23.38,,,,,,,,,,,,,,,,,,,,,,,,,155.800,0.17414,142,51.87,155.800,0.14537,-38,0.38,,,,,,,,
,,,,,,,,156.000,0.03321,58,24.88,,,,,,,,,,,,,,,,,,,,,,,,,156.000,0.17427,138,47.87,156.000,0.14537,-38,3.45,,,,,,,,
,,,,,,,,156.200,0.03329,60,26.38,,,,,,,,,,,,,,,,,,,,,,,,,156.200,0.17445,138,51.49,156.200,0.14541,-39,1.91,,,,,,,,
,,,,,,,,156.400,0.03339,60,27.33,,,,,,,,,,,,,,,,,,,,,,,,,156.400,0.17461,140,57.79,156.400,0.14540,-39,0.38,,,,,,,,
,,,,,,,,156.600,0.03348,60,27.36,,,,,,,,,,,,,,,,,,,,,,,,,156.600,0.17483,143,62.99,156.600,0.14538,-39,-1.53,,,,,,,,
,,,,,,,,156.800,0.03357,60,26.04,,,,,,,,,,,,,,,,,,,,,,,,,156.800,0.17505,146,67.08,156.800,0.14540,-39,-1.53,,,,,,,,
,,,,,,,,157.000,0.03366,60,24.94,,,,,,,,,,,,,,,,,,,,,,,,,157.000,0.17527,145,63.68,157.000,0.14537,-38,-0.77,,,,,,,,
,,,,,,,,157.200,0.03373,60,24.60,,,,,,,,,,,,,,,,,,,,,,,,,157.200,0.17551,146,53.00,157.200,0.14537,-38,0.38,,,,,,,,
,,,,,,,,157.400,0.03381,59,24.91,,,,,,,,,,,,,,,,,,,,,,,,,157.400,0.17565,145,39.14,157.400,0.14540,-39,0.77,,,,,,,,
,,,,,,,,157.600,0.03390,60,26.48,,,,,,,,,,,,,,,,,,,,,,,,,157.600,0.17574,135,31.40,157.600,0.14539,-39,-0.77,,,,,,,,
,,,,,,,,157.800,0.03398,61,27.39,,,,,,,,,,,,,,,,,,,,,,,,,157.800,0.17582,131,35.24,157.800,0.14537,-38,-0.38,,,,,,,,
,,,,,,,,158.000,0.03409,60,27.21,,,,,,,,,,,,,,,,,,,,,,,,,158.000,0.17596,135,44.09,158.000,0.14538,-39,1.92,,,,,,,,
,,,,,,,,158.200,0.03417,60,26.15,,,,,,,,,,,,,,,,,,,,,,,,,158.200,0.17613,140,52.45,158.200,0.14540,-39,0.77,,,,,,,,
,,,,,,,,158.400,0.03425,60,25.40,,,,,,,,,,,,,,,,,,,,,,,,,158.400,0.17631,141,59.15,158.400,0.14540,-39,-1.15,,,,,,,,
,,,,,,,,158.600,0.03434,60,26.05,,,,,,,,,,,,,,,,,,,,,,,,,158.600,0.17652,145,65.82,158.600,0.14537,-38,-1.92,,,,,,,,
,,,,,,,,158.800,0.03443,61,25.27,,,,,,,,,,,,,,,,,,,,,,,,,158.800,0.17676,148,72.16,158.800,0.14539,-39,0.38,,,,,,,,
,,,,,,,,159.000,0.03452,60,23.91,,,,,,,,,,,,,,,,,,,,,,,,,159.000,0.17700,149,77.85,159.000,0.14537,-38,2.30,,,,,,,,
,,,,,,,,159.200,0.03458,60,24.62,,,,,,,,,,,,,,,,,,,,,,,,,159.200,0.17727,149,83.65,159.200,0.14540,-39,-1.52,,,,,,,,
,,,,,,,,159.400,0.03467,61,27.01,,,,,,,,,,,,,,,,,,,,,,,,,159.400,0.17756,149,88.10,159.400,0.14540,-39,-2.29,,,,,,,,
,,,,,,,,159.600,0.03477,61,29.45,,,,,,,,,,,,,,,,,,,,,,,,,159.600,0.17787,150,89.34,159.600,0.14534,-37,-0.38,,,,,,,,
,,,,,,,,159.800,0.03486,61,29.02,,,,,,,,,,,,,,,,,,,,,,,,,159.800,0.17816,149,90.22,159.800,0.14540,-39,2.29,,,,,,,,
,,,,,,,,160.000,0.03497,60,28.93,,,,,,,,,,,,,,,,,,,,,,,,,160.000,0.17845,146,93.12,160.000,0.14540,-39,1.52,,,,,,,,
,,,,,,,,160.200,0.03505,61,29.31,,,,,,,,,,,,,,,,,,,,,,,,,160.200,0.17878,144,95.38,160.200,0.14538,-39,-1.15,,,,,,,,
,,,,,,,,160.400,0.03517,60,29.30,,,,,,,,,,,,,,,,,,,,,,,,,160.400,0.17911,146,94.67,160.400,0.14538,-39,-5.13E-4,,,,,,,,
,,,,,,,,160.600,0.03526,62,27.08,,,,,,,,,,,,,,,,,,,,,,,,,160.600,0.17941,144,91.19,160.600,0.14539,-39,0.77,,,,,,,,
,,,,,,,,160.800,0.03535,60,24.14,,,,,,,,,,,,,,,,,,,,,,,,,160.800,0.17972,144,88.33,160.800,0.14539,-39,0.00,,,,,,,,
,,,,,,,,161.000,0.03541,61,22.30,,,,,,,,,,,,,,,,,,,,,,,,,161.000,0.18000,144,87.54,161.000,0.14539,-39,,,,,,,,,
,,,,,,,,161.200,0.03550,59,22.05,,,,,,,,,,,,,,,,,,,,,,,,,161.200,0.18029,142,87.67,,,,,,,,,,,,
,,,,,,,,161.400,0.03555,59,23.32,,,,,,,,,,,,,,,,,,,,,,,,,161.400,0.18059,143,87.33,,,,,,,,,,,,
,,,,,,,,161.600,0.03565,59,23.56,,,,,,,,,,,,,,,,,,,,,,,,,161.600,0.18088,143,86.40,,,,,,,,,,,,
,,,,,,,,161.800,0.03573,59,23.99,,,,,,,,,,,,,,,,,,,,,,,,,161.800,0.18116,143,86.33,,,,,,,,,,,,
,,,,,,,,162.000,0.03580,60,23.63,,,,,,,,,,,,,,,,,,,,,,,,,162.000,0.18145,143,85.70,,,,,,,,,,,,
,,,,,,,,162.200,0.03588,60,24.89,,,,,,,,,,,,,,,,,,,,,,,,,162.200,0.18175,141,79.80,,,,,,,,,,,,
,,,,,,,,162.400,0.03597,61,26.60,,,,,,,,,,,,,,,,,,,,,,,,,162.400,0.18201,140,72.16,,,,,,,,,,,,
,,,,,,,,162.600,0.03606,62,26.56,,,,,,,,,,,,,,,,,,,,,,,,,162.600,0.18220,138,69.86,,,,,,,,,,,,
,,,,,,,,162.800,0.03615,61,23.88,,,,,,,,,,,,,,,,,,,,,,,,,162.800,0.18244,137,75.53,,,,,,,,,,,,
,,,,,,,,163.000,0.03622,61,20.99,,,,,,,,,,,,,,,,,,,,,,,,,163.000,0.18271,141,82.31,,,,,,,,,,,,
,,,,,,,,163.200,0.03628,61,20.04,,,,,,,,,,,,,,,,,,,,,,,,,163.200,0.18301,142,83.32,,,,,,,,,,,,
,,,,,,,,163.400,0.03635,60,20.55,,,,,,,,,,,,,,,,,,,,,,,,,163.400,0.18328,143,79.96,,,,,,,,,,,,
,,,,,,,,163.600,0.03642,60,21.07,,,,,,,,,,,,,,,,,,,,,,,,,163.600,0.18354,142,75.29,,,,,,,,,,,,
,,,,,,,,163.800,0.03649,60,21.25,,,,,,,,,,,,,,,,,,,,,,,,,163.800,0.18378,141,73.67,,,,,,,,,,,,
,,,,,,,,164.000,0.03656,62,23.21,,,,,,,,,,,,,,,,,,,,,,,,,164.000,0.18402,141,71.91,,,,,,,,,,,,
,,,,,,,,164.200,0.03664,63,25.79,,,,,,,,,,,,,,,,,,,,,,,,,164.200,0.18427,142,69.24,,,,,,,,,,,,
,,,,,,,,164.400,0.03674,63,27.21,,,,,,,,,,,,,,,,,,,,,,,,,164.400,0.18448,138,68.96,,,,,,,,,,,,
,,,,,,,,164.600,0.03683,63,27.08,,,,,,,,,,,,,,,,,,,,,,,,,164.600,0.18470,139,71.99,,,,,,,,,,,,
,,,,,,,,164.800,0.03692,63,25.18,,,,,,,,,,,,,,,,,,,,,,,,,164.800,0.18497,142,75.37,,,,,,,,,,,,
,,,,,,,,165.000,0.03700,63,24.63,,,,,,,,,,,,,,,,,,,,,,,,,165.000,0.18522,144,75.31,,,,,,,,,,,,
,,,,,,,,165.200,0.03707,63,26.00,,,,,,,,,,,,,,,,,,,,,,,,,165.200,0.18546,143,72.56,,,,,,,,,,,,
,,,,,,,,165.400,0.03717,62,26.65,,,,,,,,,,,,,,,,,,,,,,,,,165.400,0.18571,143,67.01,,,,,,,,,,,,
,,,,,,,,165.600,0.03727,63,26.63,,,,,,,,,,,,,,,,,,,,,,,,,165.600,0.18593,143,60.95,,,,,,,,,,,,
,,,,,,,,165.800,0.03734,63,25.58,,,,,,,,,,,,,,,,,,,,,,,,,165.800,0.18610,137,58.91,,,,,,,,,,,,
,,,,,,,,166.000,0.03744,63,26.43,,,,,,,,,,,,,,,,,,,,,,,,,166.000,0.18630,138,63.54,,,,,,,,,,,,
,,,,,,,,166.200,0.03751,64,28.48,,,,,,,,,,,,,,,,,,,,,,,,,166.200,0.18652,142,64.47,,,,,,,,,,,,
,,,,,,,,166.400,0.03762,64,28.65,,,,,,,,,,,,,,,,,,,,,,,,,166.400,0.18677,144,57.01,,,,,,,,,,,,
,,,,,,,,166.600,0.03772,63,27.21,,,,,,,,,,,,,,,,,,,,,,,,,166.600,0.18691,140,52.23,,,,,,,,,,,,
,,,,,,,,166.800,0.03780,63,25.40,,,,,,,,,,,,,,,,,,,,,,,,,166.800,0.18705,136,54.81,,,,,,,,,,,,
,,,,,,,,167.000,0.03788,63,26.48,,,,,,,,,,,,,,,,,,,,,,,,,167.000,0.18729,140,60.42,,,,,,,,,,,,
,,,,,,,,167.200,0.03797,62,27.64,,,,,,,,,,,,,,,,,,,,,,,,,167.200,0.18749,143,56.85,,,,,,,,,,,,
,,,,,,,,167.400,0.03808,63,27.73,,,,,,,,,,,,,,,,,,,,,,,,,167.400,0.18768,144,47.80,,,,,,,,,,,,
,,,,,,,,167.600,0.03815,64,26.97,,,,,,,,,,,,,,,,,,,,,,,,,167.600,0.18780,139,46.15,,,,,,,,,,,,
,,,,,,,,167.800,0.03825,63,27.20,,,,,,,,,,,,,,,,,,,,,,,,,167.800,0.18794,137,52.02,,,,,,,,,,,,
,,,,,,,,168.000,0.03834,64,28.01,,,,,,,,,,,,,,,,,,,,,,,,,168.000,0.18816,144,56.86,,,,,,,,,,,,
,,,,,,,,168.200,0.03844,64,27.37,,,,,,,,,,,,,,,,,,,,,,,,,168.200,0.18836,144,51.25,,,,,,,,,,,,
,,,,,,,,168.400,0.03853,63,25.65,,,,,,,,,,,,,,,,,,,,,,,,,168.400,0.18851,142,41.82,,,,,,,,,,,,
,,,,,,,,168.600,0.03861,63,23.48,,,,,,,,,,,,,,,,,,,,,,,,,168.600,0.18861,137,39.25,,,,,,,,,,,,
,,,,,,,,168.800,0.03868,64,22.59,,,,,,,,,,,,,,,,,,,,,,,,,168.800,0.18875,137,45.25,,,,,,,,,,,,
,,,,,,,,169.000,0.03876,63,24.02,,,,,,,,,,,,,,,,,,,,,,,,,169.000,0.18891,139,53.58,,,,,,,,,,,,
,,,,,,,,169.200,0.03883,63,26.02,,,,,,,,,,,,,,,,,,,,,,,,,169.200,0.18911,143,53.52,,,,,,,,,,,,
,,,,,,,,169.400,0.03893,63,26.21,,,,,,,,,,,,,,,,,,,,,,,,,169.400,0.18931,147,44.71,,,,,,,,,,,,
,,,,,,,,169.600,0.03902,64,26.26,,,,,,,,,,,,,,,,,,,,,,,,,169.600,0.18941,140,35.30,,,,,,,,,,,,
,,,,,,,,169.800,0.03910,66,25.92,,,,,,,,,,,,,,,,,,,,,,,,,169.800,0.18950,137,34.34,,,,,,,,,,,,
,,,,,,,,170.000,0.03920,65,26.55,,,,,,,,,,,,,,,,,,,,,,,,,170.000,0.18963,137,39.25,,,,,,,,,,,,
,,,,,,,,170.200,0.03928,65,26.12,,,,,,,,,,,,,,,,,,,,,,,,,170.200,0.18978,141,41.86,,,,,,,,,,,,
,,,,,,,,170.400,0.03937,64,24.86,,,,,,,,,,,,,,,,,,,,,,,,,170.400,0.18992,141,40.87,,,,,,,,,,,,
,,,,,,,,170.600,0.03944,65,25.08,,,,,,,,,,,,,,,,,,,,,,,,,170.600,0.19005,142,40.07,,,,,,,,,,,,
,,,,,,,,170.800,0.03953,65,25.05,,,,,,,,,,,,,,,,,,,,,,,,,170.800,0.19018,141,42.81,,,,,,,,,,,,
,,,,,,,,171.000,0.03962,64,24.89,,,,,,,,,,,,,,,,,,,,,,,,,171.000,0.19033,143,43.79,,,,,,,,,,,,
,,,,,,,,171.200,0.03970,63,25.48,,,,,,,,,,,,,,,,,,,,,,,,,171.200,0.19050,145,38.22,,,,,,,,,,,,
,,,,,,,,171.400,0.03977,63,26.66,,,,,,,,,,,,,,,,,,,,,,,,,171.400,0.19061,145,30.52,,,,,,,,,,,,
,,,,,,,,171.600,0.03988,64,27.12,,,,,,,,,,,,,,,,,,,,,,,,,171.600,0.19066,138,31.80,,,,,,,,,,,,
,,,,,,,,171.800,0.03997,65,26.72,,,,,,,,,,,,,,,,,,,,,,,,,171.800,0.19077,137,40.87,,,,,,,,,,,,
,,,,,,,,172.000,0.04005,65,26.27,,,,,,,,,,,,,,,,,,,,,,,,,172.000,0.19097,143,48.26,,,,,,,,,,,,
,,,,,,,,172.200,0.04015,64,26.80,,,,,,,,,,,,,,,,,,,,,,,,,172.200,0.19112,146,51.10,,,,,,,,,,,,
,,,,,,,,172.400,0.04023,65,26.80,,,,,,,,,,,,,,,,,,,,,,,,,172.400,0.19129,147,55.10,,,,,,,,,,,,
,,,,,,,,172.600,0.04032,65,26.08,,,,,,,,,,,,,,,,,,,,,,,,,172.600,0.19148,148,60.91,,,,,,,,,,,,
,,,,,,,,172.800,0.04041,64,25.27,,,,,,,,,,,,,,,,,,,,,,,,,172.800,0.19171,149,65.11,,,,,,,,,,,,
,,,,,,,,173.000,0.04049,64,24.50,,,,,,,,,,,,,,,,,,,,,,,,,173.000,0.19191,150,61.85,,,,,,,,,,,,
,,,,,,,,173.200,0.04056,65,25.05,,,,,,,,,,,,,,,,,,,,,,,,,173.200,0.19215,150,54.51,,,,,,,,,,,,
,,,,,,,,173.400,0.04065,65,27.00,,,,,,,,,,,,,,,,,,,,,,,,,173.400,0.19227,142,53.01,,,,,,,,,,,,
,,,,,,,,173.600,0.04074,65,29.87,,,,,,,,,,,,,,,,,,,,,,,,,173.600,0.19244,142,58.64,,,,,,,,,,,,
,,,,,,,,173.800,0.04085,66,31.68,,,,,,,,,,,,,,,,,,,,,,,,,173.800,0.19269,147,68.97,,,,,,,,,,,,
,,,,,,,,174.000,0.04097,65,31.86,,,,,,,,,,,,,,,,,,,,,,,,,174.000,0.19291,149,74.74,,,,,,,,,,,,
,,,,,,,,174.200,0.04106,65,31.77,,,,,,,,,,,,,,,,,,,,,,,,,174.200,0.19318,149,76.31,,,,,,,,,,,,
,,,,,,,,174.400,0.04117,65,31.57,,,,,,,,,,,,,,,,,,,,,,,,,174.400,0.19344,148,74.59,,,,,,,,,,,,
,,,,,,,,174.600,0.04129,65,31.25,,,,,,,,,,,,,,,,,,,,,,,,,174.600,0.19368,147,68.26,,,,,,,,,,,,
,,,,,,,,174.800,0.04138,65,31.26,,,,,,,,,,,,,,,,,,,,,,,,,174.800,0.19390,145,62.11,,,,,,,,,,,,
,,,,,,,,175.000,0.04148,65,33.44,,,,,,,,,,,,,,,,,,,,,,,,,175.000,0.19409,140,61.76,,,,,,,,,,,,
,,,,,,,,175.200,0.04160,63,36.40,,,,,,,,,,,,,,,,,,,,,,,,,175.200,0.19428,140,66.62,,,,,,,,,,,,
,,,,,,,,175.400,0.04173,64,36.90,,,,,,,,,,,,,,,,,,,,,,,,,175.400,0.19454,143,75.56,,,,,,,,,,,,
,,,,,,,,175.600,0.04185,65,34.60,,,,,,,,,,,,,,,,,,,,,,,,,175.600,0.19478,143,86.66,,,,,,,,,,,,
,,,,,,,,175.800,0.04196,62,30.94,,,,,,,,,,,,,,,,,,,,,,,,,175.800,0.19510,145,96.29,,,,,,,,,,,,
,,,,,,,,176.000,0.04206,61,28.44,,,,,,,,,,,,,,,,,,,,,,,,,176.000,0.19546,151,104.00,,,,,,,,,,,,
,,,,,,,,176.200,0.04214,61,28.76,,,,,,,,,,,,,,,,,,,,,,,,,176.200,0.19579,149,106.90,,,,,,,,,,,,
,,,,,,,,176.400,0.04224,60,29.96,,,,,,,,,,,,,,,,,,,,,,,,,176.400,0.19617,144,106.07,,,,,,,,,,,,
,,,,,,,,176.600,0.04236,60,30.37,,,,,,,,,,,,,,,,,,,,,,,,,176.600,0.19652,144,106.72,,,,,,,,,,,,
,,,,,,,,176.800,0.04244,61,30.31,,,,,,,,,,,,,,,,,,,,,,,,,176.800,0.19685,144,105.46,,,,,,,,,,,,
,,,,,,,,177.000,0.04255,62,31.18,,,,,,,,,,,,,,,,,,,,,,,,,177.000,0.19725,141,101.80,,,,,,,,,,,,
,,,,,,,,177.200,0.04266,61,32.07,,,,,,,,,,,,,,,,,,,,,,,,,177.200,0.19755,143,97.80,,,,,,,,,,,,
,,,,,,,,177.400,0.04277,60,31.94,,,,,,,,,,,,,,,,,,,,,,,,,177.400,0.19785,145,95.05,,,,,,,,,,,,
,,,,,,,,177.600,0.04287,61,31.73,,,,,,,,,,,,,,,,,,,,,,,,,177.600,0.19820,143,91.48,,,,,,,,,,,,
,,,,,,,,177.800,0.04298,60,30.95,,,,,,,,,,,,,,,,,,,,,,,,,177.800,0.19850,140,81.77,,,,,,,,,,,,
,,,,,,,,178.000,0.04308,59,28.62,,,,,,,,,,,,,,,,,,,,,,,,,178.000,0.19873,139,72.49,,,,,,,,,,,,
,,,,,,,,178.200,0.04317,59,27.26,,,,,,,,,,,,,,,,,,,,,,,,,178.200,0.19895,134,68.82,,,,,,,,,,,,
,,,,,,,,178.400,0.04325,59,27.46,,,,,,,,,,,,,,,,,,,,,,,,,178.400,0.19920,136,72.46,,,,,,,,,,,,
,,,,,,,,178.600,0.04336,59,28.87,,,,,,,,,,,,,,,,,,,,,,,,,178.600,0.19941,137,79.70,,,,,,,,,,,,
,,,,,,,,178.800,0.04344,61,29.19,,,,,,,,,,,,,,,,,,,,,,,,,178.800,0.19972,140,86.76,,,,,,,,,,,,
,,,,,,,,179.000,0.04355,60,27.38,,,,,,,,,,,,,,,,,,,,,,,,,179.000,0.20002,144,90.29,,,,,,,,,,,,
,,,,,,,,179.200,0.04364,59,26.95,,,,,,,,,,,,,,,,,,,,,,,,,179.200,0.20032,142,89.10,,,,,,,,,,,,
,,,,,,,,179.400,0.04371,59,27.23,,,,,,,,,,,,,,,,,,,,,,,,,179.400,0.20062,141,88.04,,,,,,,,,,,,
,,,,,,,,179.600,0.04382,59,28.02,,,,,,,,,,,,,,,,,,,,,,,,,179.600,0.20091,142,90.16,,,,,,,,,,,,
,,,,,,,,179.800,0.04391,61,28.23,,,,,,,,,,,,,,,,,,,,,,,,,179.800,0.20120,146,94.95,,,,,,,,,,,,
,,,,,,,,180.000,0.04400,60,27.78,,,,,,,,,,,,,,,,,,,,,,,,,180.000,0.20154,145,100.48,,,,,,,,,,,,
,,,,,,,,180.200,0.04410,59,29.55,,,,,,,,,,,,,,,,,,,,,,,,,180.200,0.20188,142,101.27,,,,,,,,,,,,
,,,,,,,,180.400,0.04419,61,32.50,,,,,,,,,,,,,,,,,,,,,,,,,180.400,0.20223,141,97.66,,,,,,,,,,,,
,,,,,,,,180.600,0.04431,61,34.04,,,,,,,,,,,,,,,,,,,,,,,,,180.600,0.20253,141,95.91,,,,,,,,,,,,
,,,,,,,,180.800,0.04444,61,34.75,,,,,,,,,,,,,,,,,,,,,,,,,180.800,0.20284,141,97.18,,,,,,,,,,,,
,,,,,,,,181.000,0.04453,60,33.99,,,,,,,,,,,,,,,,,,,,,,,,,181.000,0.20319,142,98.90,,,,,,,,,,,,
,,,,,,,,181.200,0.04466,59,33.23,,,,,,,,,,,,,,,,,,,,,,,,,181.200,0.20352,139,97.51,,,,,,,,,,,,
,,,,,,,,181.400,0.04477,60,33.97,,,,,,,,,,,,,,,,,,,,,,,,,181.400,0.20383,143,94.76,,,,,,,,,,,,
,,,,,,,,181.600,0.04487,59,33.96,,,,,,,,,,,,,,,,,,,,,,,,,181.600,0.20415,140,94.17,,,,,,,,,,,,
,,,,,,,,181.800,0.04501,58,34.75,,,,,,,,,,,,,,,,,,,,,,,,,181.800,0.20446,138,94.50,,,,,,,,,,,,
,,,,,,,,182.000,0.04510,59,33.67,,,,,,,,,,,,,,,,,,,,,,,,,182.000,0.20478,139,93.36,,,,,,,,,,,,
,,,,,,,,182.200,0.04523,58,32.13,,,,,,,,,,,,,,,,,,,,,,,,,182.200,0.20509,138,93.43,,,,,,,,,,,,
,,,,,,,,182.400,0.04532,58,32.02,,,,,,,,,,,,,,,,,,,,,,,,,182.400,0.20538,137,93.03,,,,,,,,,,,,
,,,,,,,,182.600,0.04543,57,31.18,,,,,,,,,,,,,,,,,,,,,,,,,182.600,0.20572,138,92.25,,,,,,,,,,,,
,,,,,,,,182.800,0.04554,59,30.07,,,,,,,,,,,,,,,,,,,,,,,,,182.800,0.20601,138,92.17,,,,,,,,,,,,
,,,,,,,,183.000,0.04563,59,27.87,,,,,,,,,,,,,,,,,,,,,,,,,183.000,0.20631,137,93.16,,,,,,,,,,,,
,,,,,,,,183.200,0.04572,57,27.17,,,,,,,,,,,,,,,,,,,,,,,,,183.200,0.20664,140,95.27,,,,,,,,,,,,
,,,,,,,,183.400,0.04581,57,28.18,,,,,,,,,,,,,,,,,,,,,,,,,183.400,0.20696,140,96.57,,,,,,,,,,,,
,,,,,,,,183.600,0.04591,57,28.55,,,,,,,,,,,,,,,,,,,,,,,,,183.600,0.20727,140,96.08,,,,,,,,,,,,
,,,,,,,,183.800,0.04601,58,28.37,,,,,,,,,,,,,,,,,,,,,,,,,183.800,0.20761,138,93.61,,,,,,,,,,,,
,,,,,,,,184.000,0.04609,59,28.46,,,,,,,,,,,,,,,,,,,,,,,,,184.000,0.20791,137,90.65,,,,,,,,,,,,
,,,,,,,,184.200,0.04619,58,30.21,,,,,,,,,,,,,,,,,,,,,,,,,184.200,0.20819,138,89.34,,,,,,,,,,,,
,,,,,,,,184.400,0.04629,59,32.05,,,,,,,,,,,,,,,,,,,,,,,,,184.400,0.20850,141,90.80,,,,,,,,,,,,
,,,,,,,,184.600,0.04641,58,33.48,,,,,,,,,,,,,,,,,,,,,,,,,184.600,0.20880,138,91.06,,,,,,,,,,,,
,,,,,,,,184.800,0.04651,59,34.81,,,,,,,,,,,,,,,,,,,,,,,,,184.800,0.20911,137,90.43,,,,,,,,,,,,
,,,,,,,,185.000,0.04664,58,35.28,,,,,,,,,,,,,,,,,,,,,,,,,185.000,0.20941,137,92.33,,,,,,,,,,,,
,,,,,,,,185.200,0.04676,58,34.85,,,,,,,,,,,,,,,,,,,,,,,,,185.200,0.20971,139,95.00,,,,,,,,,,,,
,,,,,,,,185.400,0.04687,58,33.09,,,,,,,,,,,,,,,,,,,,,,,,,185.400,0.21005,138,99.86,,,,,,,,,,,,
,,,,,,,,185.600,0.04698,57,32.64,,,,,,,,,,,,,,,,,,,,,,,,,185.600,0.21037,138,100.05,,,,,,,,,,,,
,,,,,,,,185.800,0.04708,58,32.12,,,,,,,,,,,,,,,,,,,,,,,,,185.800,0.21075,136,94.51,,,,,,,,,,,,
,,,,,,,,186.000,0.04720,57,31.65,,,,,,,,,,,,,,,,,,,,,,,,,186.000,0.21101,138,88.90,,,,,,,,,,,,
,,,,,,,,186.200,0.04729,57,31.37,,,,,,,,,,,,,,,,,,,,,,,,,186.200,0.21129,136,87.84,,,,,,,,,,,,
,,,,,,,,186.400,0.04740,56,30.94,,,,,,,,,,,,,,,,,,,,,,,,,186.400,0.21160,137,91.85,,,,,,,,,,,,
,,,,,,,,186.600,0.04751,56,31.26,,,,,,,,,,,,,,,,,,,,,,,,,186.600,0.21192,137,92.68,,,,,,,,,,,,
,,,,,,,,186.800,0.04760,57,31.69,,,,,,,,,,,,,,,,,,,,,,,,,186.800,0.21222,136,90.33,,,,,,,,,,,,
,,,,,,,,187.000,0.04771,57,32.17,,,,,,,,,,,,,,,,,,,,,,,,,187.000,0.21252,136,91.65,,,,,,,,,,,,
,,,,,,,,187.200,0.04783,57,32.26,,,,,,,,,,,,,,,,,,,,,,,,,187.200,0.21280,141,94.47,,,,,,,,,,,,
,,,,,,,,187.400,0.04793,57,30.97,,,,,,,,,,,,,,,,,,,,,,,,,187.400,0.21317,136,95.29,,,,,,,,,,,,
,,,,,,,,187.600,0.04804,56,29.19,,,,,,,,,,,,,,,,,,,,,,,,,187.600,0.21346,140,93.95,,,,,,,,,,,,
,,,,,,,,187.800,0.04813,57,27.25,,,,,,,,,,,,,,,,,,,,,,,,,187.800,0.21377,137,92.00,,,,,,,,,,,,
,,,,,,,,188.000,0.04821,57,27.01,,,,,,,,,,,,,,,,,,,,,,,,,188.000,0.21409,137,92.12,,,,,,,,,,,,
,,,,,,,,188.200,0.04829,57,30.43,,,,,,,,,,,,,,,,,,,,,,,,,188.200,0.21439,139,93.64,,,,,,,,,,,,
,,,,,,,,188.400,0.04841,57,33.84,,,,,,,,,,,,,,,,,,,,,,,,,188.400,0.21469,138,95.53,,,,,,,,,,,,
,,,,,,,,188.600,0.04854,57,34.26,,,,,,,,,,,,,,,,,,,,,,,,,188.600,0.21504,137,95.08,,,,,,,,,,,,
,,,,,,,,188.800,0.04864,57,32.77,,,,,,,,,,,,,,,,,,,,,,,,,188.800,0.21534,139,92.71,,,,,,,,,,,,
,,,,,,,,189.000,0.04874,58,31.35,,,,,,,,,,,,,,,,,,,,,,,,,189.000,0.21563,139,90.19,,,,,,,,,,,,
,,,,,,,,189.200,0.04886,57,31.25,,,,,,,,,,,,,,,,,,,,,,,,,189.200,0.21595,138,90.74,,,,,,,,,,,,
,,,,,,,,189.400,0.04895,57,30.42,,,,,,,,,,,,,,,,,,,,,,,,,189.400,0.21624,138,90.54,,,,,,,,,,,,
,,,,,,,,189.600,0.04906,57,28.93,,,,,,,,,,,,,,,,,,,,,,,,,189.600,0.21655,137,90.38,,,,,,,,,,,,
,,,,,,,,189.800,0.04915,57,28.14,,,,,,,,,,,,,,,,,,,,,,,,,189.800,0.21684,140,91.06,,,,,,,,,,,,
,,,,,,,,190.000,0.04924,57,27.17,,,,,,,,,,,,,,,,,,,,,,,,,190.000,0.21715,138,90.73,,,,,,,,,,,,
,,,,,,,,190.200,0.04933,57,27.78,,,,,,,,,,,,,,,,,,,,,,,,,190.200,0.21746,136,91.44,,,,,,,,,,,,
,,,,,,,,190.400,0.04942,58,29.68,,,,,,,,,,,,,,,,,,,,,,,,,190.400,0.21775,137,91.88,,,,,,,,,,,,
,,,,,,,,190.600,0.04953,58,31.83,,,,,,,,,,,,,,,,,,,,,,,,,190.600,0.21807,136,92.16,,,,,,,,,,,,
,,,,,,,,190.800,0.04964,58,33.15,,,,,,,,,,,,,,,,,,,,,,,,,190.800,0.21837,140,86.91,,,,,,,,,,,,
,,,,,,,,191.000,0.04975,58,33.38,,,,,,,,,,,,,,,,,,,,,,,,,191.000,0.21868,137,75.21,,,,,,,,,,,,
,,,,,,,,191.200,0.04986,59,32.14,,,,,,,,,,,,,,,,,,,,,,,,,191.200,0.21889,135,59.39,,,,,,,,,,,,
,,,,,,,,191.400,0.04998,58,31.22,,,,,,,,,,,,,,,,,,,,,,,,,191.400,0.21907,130,46.96,,,,,,,,,,,,
,,,,,,,,191.600,0.05006,57,32.21,,,,,,,,,,,,,,,,,,,,,,,,,191.600,0.21917,127,41.92,,,,,,,,,,,,
,,,,,,,,191.800,0.05018,57,33.28,,,,,,,,,,,,,,,,,,,,,,,,,191.800,0.21933,127,38.39,,,,,,,,,,,,
,,,,,,,,192.000,0.05030,57,33.87,,,,,,,,,,,,,,,,,,,,,,,,,192.000,0.21946,128,31.71,,,,,,,,,,,,
,,,,,,,,192.200,0.05039,58,35.23,,,,,,,,,,,,,,,,,,,,,,,,,192.200,0.21955,123,20.89,,,,,,,,,,,,
,,,,,,,,192.400,0.05052,59,38.02,,,,,,,,,,,,,,,,,,,,,,,,,192.400,0.21959,119,10.94,,,,,,,,,,,,
,,,,,,,,192.600,0.05067,58,40.18,,,,,,,,,,,,,,,,,,,,,,,,,192.600,0.21962,117,5.47,,,,,,,,,,,,
,,,,,,,,192.800,0.05079,59,41.82,,,,,,,,,,,,,,,,,,,,,,,,,192.800,0.21961,117,3.26,,,,,,,,,,,,
,,,,,,,,193.000,0.05092,59,43.31,,,,,,,,,,,,,,,,,,,,,,,,,193.000,0.21964,115,2.87,,,,,,,,,,,,
,,,,,,,,193.200,0.05110,58,43.59,,,,,,,,,,,,,,,,,,,,,,,,,193.200,0.21964,115,3.87,,,,,,,,,,,,
,,,,,,,,193.400,0.05123,57,40.45,,,,,,,,,,,,,,,,,,,,,,,,,193.400,0.21965,114,4.19,,,,,,,,,,,,
,,,,,,,,193.600,0.05136,56,36.66,,,,,,,,,,,,,,,,,,,,,,,,,193.600,0.21968,112,4.78,,,,,,,,,,,,
,,,,,,,,193.800,0.05147,57,34.77,,,,,,,,,,,,,,,,,,,,,,,,,193.800,0.21968,111,3.40,,,,,,,,,,,,
,,,,,,,,194.000,0.05159,56,33.54,,,,,,,,,,,,,,,,,,,,,,,,,194.000,0.21970,110,2.14,,,,,,,,,,,,
,,,,,,,,194.200,0.05169,57,32.07,,,,,,,,,,,,,,,,,,,,,,,,,194.200,0.21969,110,1.87,,,,,,,,,,,,
,,,,,,,,194.400,0.05181,56,30.07,,,,,,,,,,,,,,,,,,,,,,,,,194.400,0.21971,109,1.59,,,,,,,,,,,,
,,,,,,,,194.600,0.05189,56,29.90,,,,,,,,,,,,,,,,,,,,,,,,,194.600,0.21971,109,0.58,,,,,,,,,,,,
,,,,,,,,194.800,0.05199,57,32.82,,,,,,,,,,,,,,,,,,,,,,,,,194.800,0.21971,109,0.44,,,,,,,,,,,,
,,,,,,,,195.000,0.05211,57,36.55,,,,,,,,,,,,,,,,,,,,,,,,,195.000,0.21970,110,1.31,,,,,,,,,,,,
,,,,,,,,195.200,0.05225,57,38.22,,,,,,,,,,,,,,,,,,,,,,,,,195.200,0.21973,107,0.44,,,,,,,,,,,,
,,,,,,,,195.400,0.05237,58,37.51,,,,,,,,,,,,,,,,,,,,,,,,,195.400,0.21972,108,-1.02,,,,,,,,,,,,
,,,,,,,,195.600,0.05250,57,35.13,,,,,,,,,,,,,,,,,,,,,,,,,195.600,0.21970,110,-2.32,,,,,,,,,,,,
,,,,,,,,195.800,0.05261,56,34.07,,,,,,,,,,,,,,,,,,,,,,,,,195.800,0.21971,109,0.15,,,,,,,,,,,,
,,,,,,,,196.000,0.05271,56,35.33,,,,,,,,,,,,,,,,,,,,,,,,,196.000,0.21970,110,2.76,,,,,,,,,,,,
,,,,,,,,196.200,0.05284,56,39.11,,,,,,,,,,,,,,,,,,,,,,,,,196.200,0.21973,107,2.18,,,,,,,,,,,,
,,,,,,,,196.400,0.05297,56,41.54,,,,,,,,,,,,,,,,,,,,,,,,,196.400,0.21973,107,0.43,,,,,,,,,,,,
,,,,,,,,196.600,0.05312,57,41.53,,,,,,,,,,,,,,,,,,,,,,,,,196.600,0.21971,109,-0.44,,,,,,,,,,,,
,,,,,,,,196.800,0.05325,57,39.80,,,,,,,,,,,,,,,,,,,,,,,,,196.800,0.21972,108,0.88,,,,,,,,,,,,
,,,,,,,,197.000,0.05339,56,36.57,,,,,,,,,,,,,,,,,,,,,,,,,197.000,0.21973,107,1.46,,,,,,,,,,,,
,,,,,,,,197.200,0.05350,56,34.65,,,,,,,,,,,,,,,,,,,,,,,,,197.200,0.21973,107,0.59,,,,,,,,,,,,
,,,,,,,,197.400,0.05361,56,34.79,,,,,,,,,,,,,,,,,,,,,,,,,197.400,0.21973,107,-0.59,,,,,,,,,,,,
,,,,,,,,197.600,0.05373,56,36.81,,,,,,,,,,,,,,,,,,,,,,,,,197.600,0.21973,107,-0.29,,,,,,,,,,,,
,,,,,,,,197.800,0.05386,56,37.87,,,,,,,,,,,,,,,,,,,,,,,,,197.800,0.21972,108,1.18,,,,,,,,,,,,
,,,,,,,,198.000,0.05398,56,38.01,,,,,,,,,,,,,,,,,,,,,,,,,198.000,0.21974,107,1.18,,,,,,,,,,,,
,,,,,,,,198.200,0.05411,57,38.32,,,,,,,,,,,,,,,,,,,,,,,,,198.200,0.21975,105,0.88,,,,,,,,,,,,
,,,,,,,,198.400,0.05424,58,38.99,,,,,,,,,,,,,,,,,,,,,,,,,198.400,0.21972,108,0.29,,,,,,,,,,,,
,,,,,,,,198.600,0.05437,57,39.03,,,,,,,,,,,,,,,,,,,,,,,,,198.600,0.21975,106,0.14,,,,,,,,,,,,
,,,,,,,,198.800,0.05451,57,38.10,,,,,,,,,,,,,,,,,,,,,,,,,198.800,0.21974,106,-0.74,,,,,,,,,,,,
,,,,,,,,199.000,0.05463,57,37.39,,,,,,,,,,,,,,,,,,,,,,,,,199.000,0.21973,107,-1.62,,,,,,,,,,,,
,,,,,,,,199.200,0.05475,56,38.50,,,,,,,,,,,,,,,,,,,,,,,,,199.200,0.21972,108,-1.18,,,,,,,,,,,,
,,,,,,,,199.400,0.05488,58,39.28,,,,,,,,,,,,,,,,,,,,,,,,,199.400,0.21974,107,-0.59,,,,,,,,,,,,
,,,,,,,,199.600,0.05502,57,38.28,,,,,,,,,,,,,,,,,,,,,,,,,199.600,0.21972,108,0.29,,,,,,,,,,,,
,,,,,,,,199.800,0.05513,57,37.60,,,,,,,,,,,,,,,,,,,,,,,,,199.800,0.21973,107,1.77,,,,,,,,,,,,
,,,,,,,,200.000,0.05526,58,38.61,,,,,,,,,,,,,,,,,,,,,,,,,200.000,0.21974,106,1.91,,,,,,,,,,,,
,,,,,,,,200.200,0.05540,57,39.93,,,,,,,,,,,,,,,,,,,,,,,,,200.200,0.21975,105,-0.15,,,,,,,,,,,,
,,,,,,,,200.400,0.05553,56,39.74,,,,,,,,,,,,,,,,,,,,,,,,,200.400,0.21973,107,-1.03,,,,,,,,,,,,
,,,,,,,,200.600,0.05565,57,40.49,,,,,,,,,,,,,,,,,,,,,,,,,200.600,0.21973,107,-0.45,,,,,,,,,,,,
,,,,,,,,200.800,0.05579,57,42.76,,,,,,,,,,,,,,,,,,,,,,,,,200.800,0.21974,106,0.15,,,,,,,,,,,,
,,,,,,,,201.000,0.05595,58,43.53,,,,,,,,,,,,,,,,,,,,,,,,,201.000,0.21974,107,0.30,,,,,,,,,,,,
,,,,,,,,201.200,0.05610,57,40.23,,,,,,,,,,,,,,,,,,,,,,,,,201.200,0.21973,107,0.00,,,,,,,,,,,,
,,,,,,,,201.400,0.05622,57,35.61,,,,,,,,,,,,,,,,,,,,,,,,,201.400,0.21974,106,0.15,,,,,,,,,,,,
,,,,,,,,201.600,0.05632,56,34.07,,,,,,,,,,,,,,,,,,,,,,,,,201.600,0.21973,107,0.00,,,,,,,,,,,,
,,,,,,,,201.800,0.05643,56,36.06,,,,,,,,,,,,,,,,,,,,,,,,,201.800,0.21974,106,0.74,,,,,,,,,,,,
,,,,,,,,202.000,0.05657,57,38.96,,,,,,,,,,,,,,,,,,,,,,,,,202.000,0.21974,107,1.18,,,,,,,,,,,,
,,,,,,,,202.200,0.05670,57,39.64,,,,,,,,,,,,,,,,,,,,,,,,,202.200,0.21975,105,0.15,,,,,,,,,,,,
,,,,,,,,202.400,0.05683,57,38.95,,,,,,,,,,,,,,,,,,,,,,,,,202.400,0.21974,106,0.00,,,,,,,,,,,,
,,,,,,,,202.600,0.05696,57,38.91,,,,,,,,,,,,,,,,,,,,,,,,,202.600,0.21974,106,0.30,,,,,,,,,,,,
,,,,,,,,202.800,0.05709,58,38.86,,,,,,,,,,,,,,,,,,,,,,,,,202.800,0.21975,105,0.30,,,,,,,,,,,,
,,,,,,,,203.000,0.05722,57,39.37,,,,,,,,,,,,,,,,,,,,,,,,,203.000,0.21975,106,-0.15,,,,,,,,,,,,
,,,,,,,,203.200,0.05734,57,39.78,,,,,,,,,,,,,,,,,,,,,,,,,203.200,0.21974,107,-0.30,,,,,,,,,,,,
,,,,,,,,203.400,0.05749,57,39.23,,,,,,,,,,,,,,,,,,,,,,,,,203.400,0.21975,105,-1.03,,,,,,,,,,,,
,,,,,,,,203.600,0.05762,57,38.44,,,,,,,,,,,,,,,,,,,,,,,,,203.600,0.21974,106,-0.58,,,,,,,,,,,,
,,,,,,,,203.800,0.05773,57,37.47,,,,,,,,,,,,,,,,,,,,,,,,,203.800,0.21972,108,-0.44,,,,,,,,,,,,
,,,,,,,,204.000,0.05787,57,38.68,,,,,,,,,,,,,,,,,,,,,,,,,204.000,0.21975,105,0.59,,,,,,,,,,,,
,,,,,,,,204.200,0.05799,57,39.60,,,,,,,,,,,,,,,,,,,,,,,,,204.200,0.21973,107,-0.01,,,,,,,,,,,,
,,,,,,,,204.400,0.05814,57,39.55,,,,,,,,,,,,,,,,,,,,,,,,,204.400,0.21974,106,-0.15,,,,,,,,,,,,
,,,,,,,,204.600,0.05825,58,38.27,,,,,,,,,,,,,,,,,,,,,,,,,204.600,0.21973,107,0.00,,,,,,,,,,,,
,,,,,,,,204.800,0.05839,56,36.67,,,,,,,,,,,,,,,,,,,,,,,,,204.800,0.21975,105,0.45,,,,,,,,,,,,
,,,,,,,,205.000,0.05850,57,38.63,,,,,,,,,,,,,,,,,,,,,,,,,205.000,0.21972,108,0.89,,,,,,,,,,,,
,,,,,,,,205.200,0.05863,58,42.85,,,,,,,,,,,,,,,,,,,,,,,,,205.200,0.21976,105,0.59,,,,,,,,,,,,
,,,,,,,,205.400,0.05879,58,46.97,,,,,,,,,,,,,,,,,,,,,,,,,205.400,0.21974,106,-0.45,,,,,,,,,,,,
,,,,,,,,205.600,0.05896,59,46.49,,,,,,,,,,,,,,,,,,,,,,,,,205.600,0.21975,106,-0.44,,,,,,,,,,,,
,,,,,,,,205.800,0.05911,57,42.49,,,,,,,,,,,,,,,,,,,,,,,,,205.800,0.21973,107,0.71,,,,,,,,,,,,
,,,,,,,,206.000,0.05924,57,40.21,,,,,,,,,,,,,,,,,,,,,,,,,206.000,0.21976,104,1.12,,,,,,,,,,,,
,,,,,,,,206.200,0.05936,58,39.94,,,,,,,,,,,,,,,,,,,,,,,,,206.200,0.21974,106,-0.07,,,,,,,,,,,,
,,,,,,,,206.400,0.05951,57,40.63,,,,,,,,,,,,,,,,,,,,,,,,,206.400,0.21976,105,-1.66,,,,,,,,,,,,
,,,,,,,,206.600,0.05964,57,41.13,,,,,,,,,,,,,,,,,,,,,,,,,206.600,0.21973,107,-0.45,,,,,,,,,,,,
,,,,,,,,206.800,0.05977,57,42.13,,,,,,,,,,,,,,,,,,,,,,,,,206.800,0.21974,106,0.29,,,,,,,,,,,,
,,,,,,,,207.000,0.05992,58,43.52,,,,,,,,,,,,,,,,,,,,,,,,,207.000,0.21975,105,0.89,,,,,,,,,,,,
,,,,,,,,207.200,0.06007,58,41.93,,,,,,,,,,,,,,,,,,,,,,,,,207.200,0.21974,106,-0.74,,,,,,,,,,,,
,,,,,,,,207.400,0.06021,58,38.19,,,,,,,,,,,,,,,,,,,,,,,,,207.400,0.21974,106,-0.29,,,,,,,,,,,,
,,,,,,,,207.600,0.06032,56,36.40,,,,,,,,,,,,,,,,,,,,,,,,,207.600,0.21973,107,1.19,,,,,,,,,,,,
,,,,,,,,207.800,0.06043,57,38.59,,,,,,,,,,,,,,,,,,,,,,,,,207.800,0.21976,105,1.78,,,,,,,,,,,,
,,,,,,,,208.000,0.06058,57,41.38,,,,,,,,,,,,,,,,,,,,,,,,,208.000,0.21975,105,0.00,,,,,,,,,,,,
,,,,,,,,208.200,0.06073,57,41.82,,,,,,,,,,,,,,,,,,,,,,,,,208.200,0.21976,105,-0.89,,,,,,,,,,,,
,,,,,,,,208.400,0.06086,57,40.53,,,,,,,,,,,,,,,,,,,,,,,,,208.400,0.21973,107,0.30,,,,,,,,,,,,
,,,,,,,,208.600,0.06099,57,40.57,,,,,,,,,,,,,,,,,,,,,,,,,208.600,0.21976,105,0.29,,,,,,,,,,,,
,,,,,,,,208.800,0.06112,58,41.43,,,,,,,,,,,,,,,,,,,,,,,,,208.800,0.21976,105,-1.33,,,,,,,,,,,,
,,,,,,,,209.000,0.06127,57,39.20,,,,,,,,,,,,,,,,,,,,,,,,,209.000,0.21974,106,-3.11,,,,,,,,,,,,
,,,,,,,,209.200,0.06140,56,36.38,,,,,,,,,,,,,,,,,,,,,,,,,209.200,0.21973,107,-0.59,,,,,,,,,,,,
,,,,,,,,209.400,0.06149,57,36.01,,,,,,,,,,,,,,,,,,,,,,,,,209.400,0.21973,107,1.63,,,,,,,,,,,,
,,,,,,,,209.600,0.06163,57,38.18,,,,,,,,,,,,,,,,,,,,,,,,,209.600,0.21976,105,2.07,,,,,,,,,,,,
,,,,,,,,209.800,0.06177,57,40.22,,,,,,,,,,,,,,,,,,,,,,,,,209.800,0.21974,106,0.74,,,,,,,,,,,,
,,,,,,,,210.000,0.06189,58,39.06,,,,,,,,,,,,,,,,,,,,,,,,,210.000,0.21975,105,-0.30,,,,,,,,,,,,
,,,,,,,,210.200,0.06203,58,38.56,,,,,,,,,,,,,,,,,,,,,,,,,210.200,0.21974,106,-0.30,,,,,,,,,,,,
,,,,,,,,210.400,0.06214,58,39.15,,,,,,,,,,,,,,,,,,,,,,,,,210.400,0.21975,106,-0.30,,,,,,,,,,,,
,,,,,,,,210.600,0.06229,57,38.63,,,,,,,,,,,,,,,,,,,,,,,,,210.600,0.21974,106,0.15,,,,,,,,,,,,
,,,,,,,,210.800,0.06242,57,37.53,,,,,,,,,,,,,,,,,,,,,,,,,210.800,0.21975,105,0.30,,,,,,,,,,,,
,,,,,,,,211.000,0.06253,59,35.61,,,,,,,,,,,,,,,,,,,,,,,,,211.000,0.21974,106,0.89,,,,,,,,,,,,
,,,,,,,,211.200,0.06265,58,36.17,,,,,,,,,,,,,,,,,,,,,,,,,211.200,0.21975,105,0.00,,,,,,,,,,,,
,,,,,,,,211.400,0.06277,58,36.98,,,,,,,,,,,,,,,,,,,,,,,,,211.400,0.21976,105,-0.44,,,,,,,,,,,,
,,,,,,,,211.600,0.06291,57,35.78,,,,,,,,,,,,,,,,,,,,,,,,,211.600,0.21974,107,-2.07,,,,,,,,,,,,
,,,,,,,,211.800,0.06302,58,33.80,,,,,,,,,,,,,,,,,,,,,,,,,211.800,0.21975,105,-0.43,,,,,,,,,,,,
,,,,,,,,212.000,0.06312,58,32.72,,,,,,,,,,,,,,,,,,,,,,,,,212.000,0.21972,108,2.09,,,,,,,,,,,,
,,,,,,,,212.200,0.06323,59,33.86,,,,,,,,,,,,,,,,,,,,,,,,,212.200,0.21977,104,1.77,,,,,,,,,,,,
,,,,,,,,212.400,0.06335,59,35.92,,,,,,,,,,,,,,,,,,,,,,,,,212.400,0.21976,105,1.32,,,,,,,,,,,,
,,,,,,,,212.600,0.06347,59,38.14,,,,,,,,,,,,,,,,,,,,,,,,,212.600,0.21974,106,0.60,,,,,,,,,,,,
,,,,,,,,212.800,0.06360,59,39.44,,,,,,,,,,,,,,,,,,,,,,,,,212.800,0.21977,104,1.05,,,,,,,,,,,,
,,,,,,,,213.000,0.06374,60,40.91,,,,,,,,,,,,,,,,,,,,,,,,,213.000,0.21977,104,-0.30,,,,,,,,,,,,
,,,,,,,,213.200,0.06387,61,42.28,,,,,,,,,,,,,,,,,,,,,,,,,213.200,0.21975,105,-2.24,,,,,,,,,,,,
,,,,,,,,213.400,0.06402,60,44.24,,,,,,,,,,,,,,,,,,,,,,,,,213.400,0.21975,105,-0.90,,,,,,,,,,,,
,,,,,,,,213.600,0.06416,61,44.48,,,,,,,,,,,,,,,,,,,,,,,,,213.600,0.21974,106,1.05,,,,,,,,,,,,
,,,,,,,,213.800,0.06432,59,41.89,,,,,,,,,,,,,,,,,,,,,,,,,213.800,0.21976,104,1.19,,,,,,,,,,,,
,,,,,,,,214.000,0.06445,58,37.84,,,,,,,,,,,,,,,,,,,,,,,,,214.000,0.21976,104,-0.74,,,,,,,,,,,,
,,,,,,,,214.200,0.06457,58,35.74,,,,,,,,,,,,,,,,,,,,,,,,,214.200,0.21976,105,-1.64,,,,,,,,,,,,
,,,,,,,,214.400,0.06467,60,36.98,,,,,,,,,,,,,,,,,,,,,,,,,214.400,0.21974,107,0.45,,,,,,,,,,,,
,,,,,,,,214.600,0.06482,59,39.54,,,,,,,,,,,,,,,,,,,,,,,,,214.600,0.21976,105,0.75,,,,,,,,,,,,
,,,,,,,,214.800,0.06495,60,40.46,,,,,,,,,,,,,,,,,,,,,,,,,214.800,0.21977,104,0.00,,,,,,,,,,,,
,,,,,,,,215.000,0.06509,60,41.41,,,,,,,,,,,,,,,,,,,,,,,,,215.000,0.21974,106,-1.49,,,,,,,,,,,,
,,,,,,,,215.200,0.06521,61,42.65,,,,,,,,,,,,,,,,,,,,,,,,,215.200,0.21976,105,-0.75,,,,,,,,,,,,
,,,,,,,,215.400,0.06538,59,42.22,,,,,,,,,,,,,,,,,,,,,,,,,215.400,0.21974,106,1.04,,,,,,,,,,,,
,,,,,,,,215.600,0.06551,60,40.74,,,,,,,,,,,,,,,,,,,,,,,,,215.600,0.21975,105,1.64,,,,,,,,,,,,
,,,,,,,,215.800,0.06564,60,38.48,,,,,,,,,,,,,,,,,,,,,,,,,215.800,0.21976,104,2.39,,,,,,,,,,,,
,,,,,,,,216.000,0.06577,59,38.35,,,,,,,,,,,,,,,,,,,,,,,,,216.000,0.21976,104,0.15,,,,,,,,,,,,
,,,,,,,,216.200,0.06589,60,39.17,,,,,,,,,,,,,,,,,,,,,,,,,216.200,0.21977,104,-2.24,,,,,,,,,,,,
,,,,,,,,216.400,0.06602,60,40.63,,,,,,,,,,,,,,,,,,,,,,,,,216.400,0.21974,106,-1.91,,,,,,,,,,,,
,,,,,,,,216.600,0.06617,60,41.36,,,,,,,,,,,,,,,,,,,,,,,,,216.600,0.21974,106,0.81,,,,,,,,,,,,
,,,,,,,,216.800,0.06631,61,38.67,,,,,,,,,,,,,,,,,,,,,,,,,216.800,0.21976,105,2.15,,,,,,,,,,,,
,,,,,,,,217.000,0.06643,61,35.95,,,,,,,,,,,,,,,,,,,,,,,,,217.000,0.21977,104,0.93,,,,,,,,,,,,
,,,,,,,,217.200,0.06653,59,34.85,,,,,,,,,,,,,,,,,,,,,,,,,217.200,0.21975,105,0.30,,,,,,,,,,,,
,,,,,,,,217.400,0.06666,59,35.48,,,,,,,,,,,,,,,,,,,,,,,,,217.400,0.21977,104,0.15,,,,,,,,,,,,
,,,,,,,,217.600,0.06677,60,35.28,,,,,,,,,,,,,,,,,,,,,,,,,217.600,0.21977,104,-0.30,,,,,,,,,,,,
,,,,,,,,217.800,0.06690,60,35.40,,,,,,,,,,,,,,,,,,,,,,,,,217.800,0.21976,105,-1.35,,,,,,,,,,,,
,,,,,,,,218.000,0.06700,61,37.25,,,,,,,,,,,,,,,,,,,,,,,,,218.000,0.21976,105,-0.90,,,,,,,,,,,,
,,,,,,,,218.200,0.06715,61,38.71,,,,,,,,,,,,,,,,,,,,,,,,,218.200,0.21976,105,0.60,,,,,,,,,,,,
,,,,,,,,218.400,0.06727,61,39.21,,,,,,,,,,,,,,,,,,,,,,,,,218.400,0.21976,105,1.05,,,,,,,,,,,,
,,,,,,,,218.600,0.06740,63,40.04,,,,,,,,,,,,,,,,,,,,,,,,,218.600,0.21977,104,1.20,,,,,,,,,,,,
,,,,,,,,218.800,0.06753,63,42.05,,,,,,,,,,,,,,,,,,,,,,,,,218.800,0.21977,104,1.20,,,,,,,,,,,,
,,,,,,,,219.000,0.06769,62,42.94,,,,,,,,,,,,,,,,,,,,,,,,,219.000,0.21977,104,-0.74,,,,,,,,,,,,
,,,,,,,,219.200,0.06782,61,41.63,,,,,,,,,,,,,,,,,,,,,,,,,219.200,0.21978,103,-1.49,,,,,,,,,,,,
,,,,,,,,219.400,0.06796,61,39.62,,,,,,,,,,,,,,,,,,,,,,,,,219.400,0.21974,106,-1.65,,,,,,,,,,,,
,,,,,,,,219.600,0.06809,61,38.25,,,,,,,,,,,,,,,,,,,,,,,,,219.600,0.21977,104,-0.46,,,,,,,,,,,,
,,,,,,,,219.800,0.06822,61,38.61,,,,,,,,,,,,,,,,,,,,,,,,,219.800,0.21975,105,1.04,,,,,,,,,,,,
,,,,,,,,220.000,0.06833,62,40.22,,,,,,,,,,,,,,,,,,,,,,,,,220.000,0.21976,105,1.05,,,,,,,,,,,,
,,,,,,,,220.200,0.06849,62,41.00,,,,,,,,,,,,,,,,,,,,,,,,,220.200,0.21977,104,1.05,,,,,,,,,,,,
,,,,,,,,220.400,0.06862,63,39.99,,,,,,,,,,,,,,,,,,,,,,,,,220.400,0.21977,104,-0.45,,,,,,,,,,,,
,,,,,,,,220.600,0.06875,63,36.70,,,,,,,,,,,,,,,,,,,,,,,,,220.600,0.21976,104,-1.35,,,,,,,,,,,,
,,,,,,,,220.800,0.06887,64,34.63,,,,,,,,,,,,,,,,,,,,,,,,,220.800,0.21976,105,-1.05,,,,,,,,,,,,
,,,,,,,,221.000,0.06897,62,34.49,,,,,,,,,,,,,,,,,,,,,,,,,221.000,0.21975,105,-0.30,,,,,,,,,,,,
,,,,,,,,221.200,0.06909,61,35.44,,,,,,,,,,,,,,,,,,,,,,,,,221.200,0.21976,105,0.75,,,,,,,,,,,,
,,,,,,,,221.400,0.06922,61,74.68,,,,,,,,,,,,,,,,,,,,,,,,,221.400,0.21976,105,0.75,,,,,,,,,,,,
,,,,,,,,221.600,0.06933,62,157.97,,,,,,,,,,,,,,,,,,,,,,,,,221.600,0.21977,104,1.36,,,,,,,,,,,,
,,,,,,,,221.800,0.07023,23,201.04,,,,,,,,,,,,,,,,,,,,,,,,,221.800,0.21976,105,2.42,,,,,,,,,,,,
,,,,,,,,222.000,0.07124,-13,155.04,,,,,,,,,,,,,,,,,,,,,,,,,222.000,0.21978,103,0.91,,,,,,,,,,,,
,,,,,,,,222.200,0.07133,-13,61.37,,,,,,,,,,,,,,,,,,,,,,,,,222.200,0.21979,102,-0.30,,,,,,,,,,,,
,,,,,,,,222.400,0.07133,-12,7.90,,,,,,,,,,,,,,,,,,,,,,,,,222.400,0.21975,105,-1.96,,,,,,,,,,,,
,,,,,,,,222.600,0.07137,-13,3.38,,,,,,,,,,,,,,,,,,,,,,,,,222.600,0.21978,103,-1.66,,,,,,,,,,,,
,,,,,,,,222.800,0.07136,-12,1.12,,,,,,,,,,,,,,,,,,,,,,,,,222.800,0.21975,105,-0.15,,,,,,,,,,,,
,,,,,,,,223.000,0.07136,-12,-0.04,,,,,,,,,,,,,,,,,,,,,,,,,223.000,0.21976,105,-0.90,,,,,,,,,,,,
,,,,,,,,223.200,0.07136,-12,0.72,,,,,,,,,,,,,,,,,,,,,,,,,223.200,0.21977,104,0.46,,,,,,,,,,,,
,,,,,,,,223.400,0.07137,-13,0.66,,,,,,,,,,,,,,,,,,,,,,,,,223.400,0.21974,106,0.45,,,,,,,,,,,,
,,,,,,,,223.600,0.07137,-13,-0.33,,,,,,,,,,,,,,,,,,,,,,,,,223.600,0.21978,103,-0.16,,,,,,,,,,,,
,,,,,,,,223.800,0.07136,-12,-1.32,,,,,,,,,,,,,,,,,,,,,,,,,223.800,0.21976,104,0.29,,,,,,,,,,,,
,,,,,,,,224.000,0.07136,-12,-0.66,,,,,,,,,,,,,,,,,,,,,,,,,224.000,0.21975,105,-0.45,,,,,,,,,,,,
,,,,,,,,224.200,0.07136,-12,0.33,,,,,,,,,,,,,,,,,,,,,,,,,224.200,0.21977,104,0.50,,,,,,,,,,,,
,,,,,,,,224.400,0.07136,-12,4.65E-4,,,,,,,,,,,,,,,,,,,,,,,,,224.400,0.21976,105,-0.34,,,,,,,,,,,,
,,,,,,,,224.600,0.07136,-12,-0.66,,,,,,,,,,,,,,,,,,,,,,,,,224.600,0.21977,104,-6.18,,,,,,,,,,,,
,,,,,,,,224.800,0.07135,-12,0.75,,,,,,,,,,,,,,,,,,,,,,,,,224.800,0.21975,104,-15.93,,,,,,,,,,,,
,,,,,,,,225.000,0.07136,-12,2.52,,,,,,,,,,,,,,,,,,,,,,,,,225.000,0.21966,98,-27.56,,,,,,,,,,,,
,,,,,,,,225.200,0.07139,-12,3.33,,,,,,,,,,,,,,,,,,,,,,,,,225.200,0.21955,89,-35.93,,,,,,,,,,,,
,,,,,,,,225.400,0.07138,-12,,,,,,,,,,,,,,,,,,,,,,,,,,225.400,0.21942,81,-41.67,,,,,,,,,,,,
,,,,,,,,,,,,,,,,,,,,,,,,,,,,,,,,,,,,225.600,0.21927,76,-46.51,,,,,,,,,,,,
,,,,,,,,,,,,,,,,,,,,,,,,,,,,,,,,,,,,225.800,0.21910,71,-49.85,,,,,,,,,,,,
,,,,,,,,,,,,,,,,,,,,,,,,,,,,,,,,,,,,226.000,0.21894,67,-53.81,,,,,,,,,,,,
,,,,,,,,,,,,,,,,,,,,,,,,,,,,,,,,,,,,226.200,0.21876,61,-57.50,,,,,,,,,,,,
,,,,,,,,,,,,,,,,,,,,,,,,,,,,,,,,,,,,226.400,0.21854,56,-60.66,,,,,,,,,,,,
,,,,,,,,,,,,,,,,,,,,,,,,,,,,,,,,,,,,226.600,0.21835,52,-63.55,,,,,,,,,,,,
,,,,,,,,,,,,,,,,,,,,,,,,,,,,,,,,,,,,226.800,0.21813,48,-67.82,,,,,,,,,,,,
,,,,,,,,,,,,,,,,,,,,,,,,,,,,,,,,,,,,227.000,0.21789,45,-71.13,,,,,,,,,,,,
,,,,,,,,,,,,,,,,,,,,,,,,,,,,,,,,,,,,227.200,0.21764,41,-72.29,,,,,,,,,,,,
,,,,,,,,,,,,,,,,,,,,,,,,,,,,,,,,,,,,227.400,0.21742,37,-72.27,,,,,,,,,,,,
,,,,,,,,,,,,,,,,,,,,,,,,,,,,,,,,,,,,227.600,0.21716,35,-71.82,,,,,,,,,,,,
,,,,,,,,,,,,,,,,,,,,,,,,,,,,,,,,,,,,227.800,0.21693,32,-71.49,,,,,,,,,,,,
,,,,,,,,,,,,,,,,,,,,,,,,,,,,,,,,,,,,228.000,0.21669,31,-69.54,,,,,,,,,,,,
,,,,,,,,,,,,,,,,,,,,,,,,,,,,,,,,,,,,228.200,0.21645,29,-65.61,,,,,,,,,,,,
,,,,,,,,,,,,,,,,,,,,,,,,,,,,,,,,,,,,228.400,0.21624,28,-56.60,,,,,,,,,,,,
,,,,,,,,,,,,,,,,,,,,,,,,,,,,,,,,,,,,228.600,0.21607,28,-49.69,,,,,,,,,,,,
,,,,,,,,,,,,,,,,,,,,,,,,,,,,,,,,,,,,228.800,0.21595,27,-51.56,,,,,,,,,,,,
,,,,,,,,,,,,,,,,,,,,,,,,,,,,,,,,,,,,229.000,0.21575,24,-60.37,,,,,,,,,,,,
,,,,,,,,,,,,,,,,,,,,,,,,,,,,,,,,,,,,229.200,0.21553,22,-68.91,,,,,,,,,,,,
,,,,,,,,,,,,,,,,,,,,,,,,,,,,,,,,,,,,229.400,0.21528,19,-71.70,,,,,,,,,,,,
,,,,,,,,,,,,,,,,,,,,,,,,,,,,,,,,,,,,229.600,0.21504,17,-71.54,,,,,,,,,,,,
,,,,,,,,,,,,,,,,,,,,,,,,,,,,,,,,,,,,229.800,0.21480,14,-67.96,,,,,,,,,,,,
,,,,,,,,,,,,,,,,,,,,,,,,,,,,,,,,,,,,230.000,0.21457,13,-64.95,,,,,,,,,,,,
,,,,,,,,,,,,,,,,,,,,,,,,,,,,,,,,,,,,230.200,0.21439,11,-66.37,,,,,,,,,,,,
,,,,,,,,,,,,,,,,,,,,,,,,,,,,,,,,,,,,230.400,0.21415,9,-73.93,,,,,,,,,,,,
,,,,,,,,,,,,,,,,,,,,,,,,,,,,,,,,,,,,230.600,0.21390,7,,,,,,,,,,,,,
