"Time (s) Brass","Position (m) Brass","Force (N) Brass","Speed (mm/min) Brass","Time (s) Orange Coupon","Position (m) Orange Coupon","Force (N) Orange Coupon","Speed (mm/min) Orange Coupon","Time (s) Black Coupon","Position (m) Black Coupon","Force (N) Black Coupon","Speed (mm/min) Black Coupon","Time (s) Blue Coupon","Position (m) Blue Coupon","Force (N) Blue Coupon","Speed (mm/min) Blue Coupon","Time (s) Clear Coupon","Position (m) Clear Coupon","Force (N) Clear Coupon","Speed (mm/min) Clear Coupon","Time (s) Long 1","Position (m) Long 1","Force (N) Long 1","Speed (mm/min) Long 1","Time (s) Long 2","Position (m) Long 2","Force (N) Long 2","Speed (mm/min) Long 2","Time (s) Short 1","Position (m) Short 1","Force (N) Short 1","Speed (mm/min) Short 1","Time (s) Short 2","Position (m) Short 2","Force (N) Short 2","Speed (mm/min) Short 2","Time (s) Polythylene 1","Position (m) Polythylene 1","Force (N) Polythylene 1","Speed (mm/min) Polythylene 1","Time (s) Polythylene 2","Position (m) Polythylene 2","Force (N) Polythylene 2","Speed (mm/min) Polythylene 2","Time (s) Polythylene 3","Position (m) Polythylene 3","Force (N) Polythylene 3","Speed (mm/min) Polythylene 3"
0.000,2.83791E-4,1,,0.000,-1.38840E-4,-23,,0.000,-1.98855E-4,-49,,0.000,-1.57785E-4,8,,0.000,-6.46175E-5,-4,,0.000,-1.25493E-4,-58,,0.000,-1.33193E-4,-56,,0.000,-3.87213E-4,-194,,0.000,-4.32073E-4,-165,,0.000,-1.89990E-4,-31,,0.000,-2.88290E-4,0,,0.000,-8.97218E-9,0,
0.200,5.27005E-4,1,65.92,0.200,-2.28009E-4,-33,-25.94,0.200,-4.04848E-4,-59,-56.77,0.200,-2.96027E-4,3,-43.45,0.200,-2.17088E-4,-19,-40.55,0.200,-2.50230E-4,-85,-49.08,0.200,-1.84042E-4,-71,-49.59,0.200,-6.88354E-4,-314,-75.07,0.200,-7.24666E-4,-293,-75.83,0.200,-5.03772E-4,-80,-101.23,0.200,-5.85461E-4,0,-86.20,0.200,0.00000,0,-0.10
0.400,7.23229E-4,1,55.34,0.400,-3.11776E-4,-34,-38.32,0.400,-5.77302E-4,-66,-54.11,0.400,-4.47451E-4,-6,-41.67,0.400,-3.34984E-4,-25,-38.51,0.400,-4.52716E-4,-156,-57.46,0.400,-4.63799E-4,-149,-64.48,0.400,-8.87704E-4,-388,-70.49,0.400,-9.37631E-4,-376,-83.72,0.400,-8.64865E-4,-103,-111.01,0.400,-8.62965E-4,0,-86.77,0.400,-6.43972E-7,0,-17.76
0.600,8.90234E-4,1,53.18,0.600,-4.81196E-4,-38,-45.68,0.600,-7.50666E-4,-66,-53.92,0.600,-5.84262E-4,-15,-39.95,0.600,-4.59945E-4,-29,-38.51,0.600,-6.68947E-4,-218,-57.74,0.600,-7.15822E-4,-203,-64.04,0.600,-0.00110,-461,-74.27,0.600,-0.00127,-488,-81.09,0.600,-0.00124,-113,-117.48,0.600,-0.00116,0,-87.44,0.600,-1.07332E-4,-17,-32.29
0.800,0.00103,1,60.39,0.800,-6.52020E-4,-38,-46.01,0.800,-9.35167E-4,-74,-55.23,0.800,-7.03033E-4,-15,-38.68,0.800,-5.91936E-4,-31,-40.15,0.800,-8.56073E-4,-223,-53.75,0.800,-8.91004E-4,-205,-55.15,0.800,-0.00139,-590,-82.54,0.800,-0.00156,-622,-73.83,0.800,-0.00167,-113,-117.42,0.800,-0.00145,0,-86.77,0.800,-2.47786E-4,-48,-45.42
1.000,0.00129,0,65.25,1.000,-8.01290E-4,-36,-40.84,1.000,-0.00113,-83,-54.94,1.000,-8.39487E-4,-17,-39.33,1.000,-7.30393E-4,-30,-43.90,1.000,-0.00100,-251,-54.15,1.000,-0.00104,-224,-55.90,1.000,-0.00167,-730,-86.85,1.000,-0.00173,-708,-65.66,1.000,-0.00205,-103,-115.35,1.000,-0.00175,0,-86.49,1.000,-3.98725E-4,-70,-54.27
1.200,0.00153,1,58.61,1.200,-9.11824E-4,-35,-37.00,1.200,-0.00131,-94,-53.93,1.200,-9.65879E-4,-16,-41.97,1.200,-8.67526E-4,-31,-48.75,1.200,-0.00119,-284,-59.07,1.200,-0.00124,-271,-60.58,1.200,-0.00196,-864,-85.80,1.200,-0.00196,-818,-68.41,1.200,-0.00241,-92,-115.20,1.200,-0.00201,0,-87.15,1.200,-6.17639E-4,-92,-62.24
1.400,0.00169,1,41.97,1.400,-0.00104,-35,-39.43,1.400,-0.00148,-88,-52.98,1.400,-0.00111,-20,-43.65,1.400,-0.00106,-34,-53.14,1.400,-0.00141,-327,-60.69,1.400,-0.00148,-338,-60.88,1.400,-0.00226,-1003,-82.50,1.400,-0.00218,-927,-75.93,1.400,-0.00281,-82,-120.05,1.400,-0.00233,0,-87.98,1.400,-8.22964E-4,-103,-66.56
1.600,0.00180,1,30.42,1.600,-0.00116,-35,-45.77,1.600,-0.00166,-93,-50.35,1.600,-0.00127,-31,-43.87,1.600,-0.00123,-37,-53.84,1.600,-0.00163,-389,-53.66,1.600,-0.00166,-378,-56.49,1.600,-0.00252,-1123,-80.20,1.600,-0.00247,-1050,-79.49,1.600,-0.00321,-75,-121.03,1.600,-0.00261,0,-92.17,1.600,-0.00107,-111,-66.70
1.800,0.00186,1,24.45,1.800,-0.00135,-38,-47.87,1.800,-0.00183,-106,-44.72,1.800,-0.00140,-41,-42.58,1.800,-0.00143,-48,-51.11,1.800,-0.00178,-440,-46.49,1.800,-0.00184,-414,-53.73,1.800,-0.00277,-1223,-81.48,1.800,-0.00274,-1167,-80.85,1.800,-0.00365,-66,-118.87,1.800,-0.00291,0,-95.85,1.800,-0.00128,-115,-66.16
2.000,0.00197,1,11.72,2.000,-0.00152,-38,-41.35,2.000,-0.00196,-116,-39.17,2.000,-0.00155,-53,-41.55,2.000,-0.00158,-53,-50.68,2.000,-0.00190,-475,-45.62,2.000,-0.00201,-462,-54.29,2.000,-0.00306,-1328,-84.77,2.000,-0.00300,-1266,-77.45,2.000,-0.00399,-57,-118.24,2.000,-0.00327,0,-97.22,2.000,-0.00150,-117,-64.56
2.200,0.00201,1,-15.18,2.200,-0.00163,-35,-33.20,2.200,-0.00207,-124,-36.34,2.200,-0.00169,-67,-43.85,2.200,-0.00174,-56,-52.28,2.200,-0.00207,-531,-48.55,2.200,-0.00220,-521,-54.63,2.200,-0.00335,-1416,-86.50,2.200,-0.00327,-1347,-75.41,2.200,-0.00441,-50,-119.91,2.200,-0.00358,0,-91.57,2.200,-0.00172,-119,-62.26
2.400,0.00189,0,-48.93,2.400,-0.00170,-31,-34.45,2.400,-0.00220,-131,-36.58,2.400,-0.00182,-80,-46.32,2.400,-0.00194,-61,-55.08,2.400,-0.00225,-594,-49.25,2.400,-0.00239,-585,-54.05,2.400,-0.00363,-1476,-87.54,2.400,-0.00348,-1395,-77.07,2.400,-0.00482,-41,-121.86,2.400,-0.00388,0,-83.85,2.400,-0.00192,-118,-61.09
2.600,0.00164,1,-67.47,2.600,-0.00183,-35,-40.53,2.600,-0.00232,-135,-37.35,2.600,-0.00201,-98,-44.69,2.600,-0.00212,-63,-54.81,2.600,-0.00240,-652,-46.17,2.600,-0.00256,-645,-53.64,2.600,-0.00392,-1502,-95.86,2.600,-0.00376,-1431,-87.71,2.600,-0.00522,-36,-118.70,2.600,-0.00413,0,-82.07,2.600,-0.00210,-116,-64.11
2.800,0.00136,1,-66.33,2.800,-0.00201,-38,-42.76,2.800,-0.00245,-140,-38.61,2.800,-0.00215,-112,-37.51,2.800,-0.00230,-65,-51.30,2.800,-0.00255,-704,-43.74,2.800,-0.00273,-704,-56.14,2.800,-0.00423,-1446,-105.84,2.800,-0.00405,-1401,-98.76,2.800,-0.00561,-32,-115.88,2.800,-0.00440,0,-87.25,2.800,-0.00234,-117,-70.33
3.000,0.00119,1,-62.55,3.000,-0.00213,-35,-37.92,3.000,-0.00257,-141,-41.53,3.000,-0.00225,-114,-30.44,3.000,-0.00247,-65,-49.49,3.000,-0.00269,-755,-45.80,3.000,-0.00292,-765,-55.32,3.000,-0.00467,-71,-101.87,3.000,-0.00446,-4,-91.94,3.000,-0.00598,-32,-114.64,3.000,-0.00470,0,-96.32,3.000,-0.00258,-117,-74.59
3.200,0.00101,1,-66.39,3.200,-0.00225,-34,-32.31,3.200,-0.00272,-143,-43.61,3.200,-0.00233,-109,-29.88,3.200,-0.00261,-65,-50.70,3.200,-0.00283,-800,-48.56,3.200,-0.00315,-839,-50.17,3.200,-0.00501,-63,-74.62,3.200,-0.00476,8,-63.51,3.200,-0.00637,-30,-115.55,3.200,-0.00505,0,-102.13,3.200,-0.00284,-115,-71.88
3.400,7.32745E-4,1,-70.58,3.400,-0.00235,-32,-30.14,3.400,-0.00288,-146,-42.86,3.400,-0.00244,-106,-34.21,3.400,-0.00280,-66,-55.30,3.400,-0.00304,-868,-47.74,3.400,-0.00326,-881,-43.91,3.400,-0.00519,-44,-36.75,3.400,-0.00489,8,-28.12,3.400,-0.00675,-28,-116.98,3.400,-0.00541,-4,-99.50,3.400,-0.00309,-112,-68.94
3.600,4.85113E-4,1,-67.75,3.600,-0.00244,-32,-30.80,3.600,-0.00302,-143,-39.89,3.600,-0.00256,-101,-39.19,3.600,-0.00299,-66,-57.50,3.600,-0.00318,-924,-40.80,3.600,-0.00341,-924,-43.84,3.600,-0.00520,-45,-10.64,3.600,-0.00489,7,-6.54,3.600,-0.00715,-30,-119.29,3.600,-0.00574,-88,-90.45,3.600,-0.00327,-105,-67.96
3.800,3.04129E-4,1,-67.18,3.800,-0.00255,-33,-33.55,3.800,-0.00313,-142,-38.21,3.800,-0.00270,-97,-42.21,3.800,-0.00320,-66,-54.24,3.800,-0.00330,-960,-30.80,3.800,-0.00354,-967,-51.74,3.800,-0.00520,-44,-0.79,3.800,-0.00489,7,0.00,3.800,-0.00754,-28,-120.91,3.800,-0.00601,-141,-85.57,3.800,-0.00353,-104,-68.28
4.000,8.63151E-5,1,-69.22,4.000,-0.00267,-34,-36.95,4.000,-0.00326,-141,-40.36,4.000,-0.00285,-94,-42.94,4.000,-0.00336,-65,-49.83,4.000,-0.00338,-992,-27.28,4.000,-0.00374,-1024,-52.84,4.000,-0.00520,-45,0.00,4.000,-0.00489,7,0.03,4.000,-0.00797,-29,-122.37,4.000,-0.00626,-177,-88.05,4.000,-0.00375,-97,-68.00
4.200,-2.12027E-4,-2,-57.56,4.200,-0.00279,-34,-41.39,4.200,-0.00340,-142,-45.12,4.200,-0.00299,-90,-42.52,4.200,-0.00351,-63,-47.70,4.200,-0.00345,-1007,-33.07,4.200,-0.00396,-1089,-45.81,4.200,-0.00520,-45,0.00,4.200,-0.00489,7,0.03,4.200,-0.00835,-27,-122.91,4.200,-0.00660,-209,-94.79,4.200,-0.00397,-93,-68.69
4.400,-3.83207E-4,-993,-33.99,4.400,-0.00294,-35,-44.70,4.400,-0.00356,-142,-47.68,4.400,-0.00313,-86,-42.92,4.400,-0.00367,-63,-50.14,4.400,-0.00358,-1042,-42.82,4.400,-0.00404,-1118,-37.24,4.400,-0.00520,-45,-4.45E-4,4.400,-0.00489,7,0.00,4.400,-0.00879,-28,-123.58,4.400,-0.00691,-226,-99.01,4.400,-0.00420,-88,-71.49
4.600,-3.77456E-4,-1336,-15.57,4.600,-0.00311,-36,-44.45,4.600,-0.00374,-141,-46.84,4.600,-0.00327,-85,-43.14,4.600,-0.00384,-63,-51.66,4.600,-0.00377,-1105,-49.73,4.600,-0.00415,-1141,-37.42,4.600,-0.00520,-44,-4.45E-4,4.600,-0.00489,7,0.00,4.600,-0.00918,-26,-122.78,4.600,-0.00725,-239,-99.17,4.600,-0.00447,-84,-70.03
4.800,-4.28005E-4,-1695,-15.52,4.800,-0.00324,-35,-39.89,4.800,-0.00387,-132,-45.41,4.800,-0.00343,-83,-42.70,4.800,-0.00403,-62,-50.84,4.800,-0.00392,-1149,-50.97,4.800,-0.00429,-1181,-47.22,4.800,-0.00520,-45,4.45E-4,4.800,-0.00489,7,,4.800,-0.00961,-27,-118.21,4.800,-0.00759,-246,-97.73,4.800,-0.00469,-78,-64.86
5.000,-4.78664E-4,-2261,-31.86,5.000,-0.00337,-33,-34.88,5.000,-0.00402,-114,-45.81,5.000,-0.00356,-79,-41.59,5.000,-0.00418,-61,-50.65,5.000,-0.00410,-1200,-50.98,5.000,-0.00446,-1222,-55.54,5.000,-0.00520,-45,8.90E-4,,,,,5.000,-0.00999,-25,-116.15,5.000,-0.00791,-250,-95.41,5.000,-0.00488,-73,-62.49
5.200,-5.92318E-4,-2416,-46.06,5.200,-0.00347,-31,-32.71,5.200,-0.00419,24,-47.38,5.200,-0.00370,-77,-41.01,5.200,-0.00435,-61,-50.84,5.200,-0.00427,-1243,-53.46,5.200,-0.00468,-1279,-58.28,5.200,-0.00520,-45,0.00,,,,,5.200,-0.01035,-24,-118.36,5.200,-0.00821,-250,-95.37,5.200,-0.00508,-71,-66.71
5.400,-8.50375E-4,-2572,-50.93,5.400,-0.00358,-32,-33.15,5.400,-0.00434,25,-45.37,5.400,-0.00383,-75,-41.58,5.400,-0.00454,-60,-51.95,5.400,-0.00444,-1282,-54.56,5.400,-0.00488,-1322,-55.57,5.400,-0.00520,-45,-4.45E-4,,,,,5.400,-0.01077,-26,-123.34,5.400,-0.00853,-251,-97.00,5.400,-0.00532,-69,-69.53
5.600,-9.77498E-4,-2654,-45.00,5.600,-0.00369,-32,-33.97,5.600,-0.00450,24,-35.18,5.600,-0.00397,-73,-42.17,5.600,-0.00469,-59,-50.81,5.600,-0.00465,-1333,-52.73,5.600,-0.00504,-1355,-51.30,5.600,-0.00520,-45,0.00,,,,,5.600,-0.01120,-27,-124.27,5.600,-0.00887,-249,-97.17,5.600,-0.00558,-66,-68.63
5.800,-0.00111,-2724,-37.11,5.800,-0.00381,-32,-33.18,5.800,-0.00461,25,-19.91,5.800,-0.00412,-74,-42.07,5.800,-0.00488,-58,-49.70,5.800,-0.00481,-1365,-48.87,5.800,-0.00521,-1385,-51.05,5.800,-0.00520,-45,0.00,,,,,5.800,-0.01161,-25,-122.08,5.800,-0.00919,-248,-90.74,5.800,-0.00577,-59,-66.26
6.000,-0.00123,-2780,-35.99,6.000,-0.00392,-32,-33.21,6.000,-0.00462,25,-6.29,6.000,-0.00426,-73,-41.43,6.000,-0.00503,-57,-50.65,6.000,-0.00495,-1388,-46.81,6.000,-0.00537,-1408,-53.32,6.000,-0.00520,-44,-4.45E-4,,,,,6.000,-0.01200,-26,-121.06,6.000,-0.00950,-246,-87.06,6.000,-0.00600,-55,-67.14
6.200,-0.00134,-2832,-37.34,6.200,-0.00402,-30,-34.89,6.200,-0.00462,24,-0.25,6.200,-0.00439,-72,-41.21,6.200,-0.00520,-57,-52.64,6.200,-0.00511,-1412,-50.21,6.200,-0.00557,-1438,-58.92,6.200,-0.00520,-45,0.00,,,,,6.200,-0.01241,-25,-122.36,6.200,-0.00972,-239,-94.35,6.200,-0.00622,-49,-69.07
6.400,-0.00147,-2885,-35.97,6.400,-0.00415,-32,-38.09,6.400,-0.00462,24,4.51E-4,6.400,-0.00453,-75,-40.86,6.400,-0.00538,-57,-55.88,6.400,-0.00528,-1429,-55.36,6.400,-0.00575,-1443,-63.66,6.400,-0.00520,-45,,,,,,6.400,-0.01282,-25,-123.03,6.400,-0.01008,-242,-107.75,6.400,-0.00647,-48,-68.84
6.600,-0.00162,-2942,-36.00,6.600,-0.00428,-32,-40.83,6.600,-0.00462,24,-4.51E-4,6.600,-0.00467,-75,-40.99,6.600,-0.00557,-57,-56.40,6.600,-0.00549,-1431,-56.65,6.600,-0.00601,-236,-61.29,,,,,,,,,6.600,-0.01324,-25,-119.93,6.600,-0.01049,-239,-113.14,6.600,-0.00669,-43,-65.54
6.800,-0.00167,-2965,-38.39,6.800,-0.00442,-32,-42.39,6.800,-0.00462,24,0.00,6.800,-0.00479,-73,-41.59,6.800,-0.00577,-56,-56.78,6.800,-0.00569,-1417,-51.29,6.800,-0.00620,-67,-47.75,,,,,,,,,6.800,-0.01363,-25,-116.21,6.800,-0.01088,-232,-103.39,6.800,-0.00691,-41,-63.06
7.000,-0.00186,-3027,-39.16,7.000,-0.00456,-33,-42.80,7.000,-0.00462,25,0.00,7.000,-0.00494,-75,-42.61,7.000,-0.00594,-55,-58.62,7.000,-0.00584,-1381,-47.51,7.000,-0.00634,-67,-28.31,,,,,,,,,7.000,-0.01399,-22,-115.13,7.000,-0.01119,-224,-92.15,7.000,-0.00709,-35,-63.17
7.200,-0.00200,-3076,-35.94,7.200,-0.00471,-32,-41.44,7.200,-0.00462,25,0.00,7.200,-0.00509,-75,-44.35,7.200,-0.00615,-54,-61.83,7.200,-0.00595,-1319,-50.56,7.200,-0.00637,-67,-13.43,,,,,,,,,7.200,-0.01439,-24,-113.28,7.200,-0.01146,-216,-89.45,7.200,-0.00733,-38,-64.78
7.400,-0.00207,-3101,-36.41,7.400,-0.00484,-31,-39.22,7.400,-0.00462,25,,7.400,-0.00523,-74,-45.12,7.400,-0.00636,-53,-62.94,7.400,-0.00617,-470,-51.62,7.400,-0.00641,-67,-4.98,,,,,,,,,7.400,-0.01479,-26,-113.38,7.400,-0.01176,-211,-93.22,7.400,-0.00753,-34,-65.07
7.600,-0.00217,-3138,-46.96,7.600,-0.00497,-30,-37.31,,,,,7.600,-0.00540,-77,-44.58,7.600,-0.00658,-52,-60.38,7.600,-0.00637,-68,-49.06,7.600,-0.00641,-67,-1.62,,,,,,,,,7.600,-0.01510,-21,-114.30,7.600,-0.01210,-206,-96.49,7.600,-0.00776,-35,-64.11
7.800,-0.00241,-3197,-56.09,7.800,-0.00509,-29,-36.55,,,,,7.800,-0.00554,-74,-40.97,7.800,-0.00676,-49,-57.09,7.800,-0.00646,-68,-41.61,7.800,-0.00641,-67,0.00,,,,,,,,,7.800,-0.01554,-25,-117.51,7.800,-0.01241,-199,-96.49,7.800,-0.00796,-32,-64.33
8.000,-0.00260,-3249,-54.13,8.000,-0.00521,-30,-37.62,,,,,8.000,-0.00567,-73,-36.81,8.000,-0.00696,-47,-56.04,8.000,-0.00665,-69,-31.02,8.000,-0.00641,-67,8.87E-4,,,,,,,,,8.000,-0.01592,-24,-118.65,8.000,-0.01273,-193,-96.84,8.000,-0.00819,-35,-65.44
8.200,-0.00277,-3294,-46.33,8.200,-0.00533,-30,-40.95,,,,,8.200,-0.00577,-72,-36.13,8.200,-0.00713,-42,-55.44,8.200,-0.00672,-68,-16.99,8.200,-0.00641,-67,0.00,,,,,,,,,8.200,-0.01632,-24,-116.69,8.200,-0.01305,-187,-98.86,8.200,-0.00839,-32,-66.87
8.400,-0.00290,-3328,-44.29,8.400,-0.00548,-31,-43.33,,,,,8.400,-0.00590,-72,-38.19,8.400,-0.00734,-39,-50.24,8.400,-0.00672,-69,-3.81,8.400,-0.00641,-67,0.00,,,,,,,,,8.400,-0.01669,-22,-116.90,8.400,-0.01339,-184,-99.28,8.400,-0.00864,-34,-67.60
8.600,-0.00304,-3364,-47.18,8.600,-0.00564,-32,-42.55,,,,,8.600,-0.00603,-74,-41.80,8.600,-0.00749,-35,-42.80,8.600,-0.00672,-69,-8.87E-4,8.600,-0.00641,-67,0.00,,,,,,,,,8.600,-0.01710,-24,-115.79,8.600,-0.01373,-177,-97.32,8.600,-0.00885,-32,-70.13
8.800,-0.00322,-3400,-51.17,8.800,-0.00577,-30,-38.81,,,,,8.800,-0.00618,-75,-43.78,8.800,-0.00760,-33,-41.19,8.800,-0.00672,-68,-8.87E-4,8.800,-0.00641,-68,8.87E-4,,,,,,,,,8.800,-0.01748,-23,-116.68,8.800,-0.01404,-170,-94.94,8.800,-0.00909,-34,-72.00
9.000,-0.00340,-3437,-52.29,9.000,-0.00589,-28,-35.57,,,,,9.000,-0.00633,-76,-43.44,9.000,-0.00772,-32,-48.73,9.000,-0.00672,-68,4.43E-4,9.000,-0.00641,-68,8.87E-4,,,,,,,,,9.000,-0.01785,-23,-118.20,9.000,-0.01435,-163,-95.59,9.000,-0.00934,-35,-70.96
9.200,-0.00357,-3472,-50.48,9.200,-0.00600,-27,-35.56,,,,,9.200,-0.00647,-73,-40.84,9.200,-0.00793,-35,-57.80,9.200,-0.00672,-68,8.87E-4,9.200,-0.00641,-68,-1.82E-8,,,,,,,,,9.200,-0.01827,-25,-119.85,9.200,-0.01467,-161,-96.18,9.200,-0.00958,-34,-66.94
9.400,-0.00374,-3504,-48.69,9.400,-0.00612,-28,-37.97,,,,,9.400,-0.00660,-72,-38.24,9.400,-0.00814,-35,-60.22,9.400,-0.00672,-69,0.00,9.400,-0.00641,-68,-8.87E-4,,,,,,,,,9.400,-0.01867,-25,-119.32,9.400,-0.01501,-158,-95.67,9.400,-0.00978,-30,-66.62
9.600,-0.00389,-3533,-48.48,9.600,-0.00625,-29,-40.92,,,,,9.600,-0.00672,-71,-37.19,9.600,-0.00834,-36,-57.66,9.600,-0.00672,-68,-0.60,9.600,-0.00641,-67,-4.43E-4,,,,,,,,,9.600,-0.01906,-25,-116.65,9.600,-0.01531,-152,-94.17,9.600,-0.01000,-31,-69.46
9.800,-0.00405,-3566,-49.19,9.800,-0.00640,-30,-41.91,,,,,9.800,-0.00685,-71,-38.54,9.800,-0.00852,-34,-56.04,9.800,-0.00672,-69,-4.16,9.800,-0.00641,-67,0.00,,,,,,,,,9.800,-0.01945,-24,-114.05,9.800,-0.01563,-150,-93.53,9.800,-0.01026,-34,-71.30
10.000,-0.00422,-3584,-51.62,10.000,-0.00654,-30,-40.17,,,,,10.000,-0.00697,-71,-40.64,10.000,-0.00871,-34,-56.77,10.000,-0.00674,-69,-9.94,10.000,-0.00641,-68,8.87E-4,,,,,,,,,10.000,-0.01983,-24,-111.92,10.000,-0.01594,-149,-93.81,10.000,-0.01048,-33,-67.98
10.200,-0.00438,-3619,-50.16,10.200,-0.00667,-28,-37.38,,,,,10.200,-0.00713,-73,-41.21,10.200,-0.00890,-34,-57.15,10.200,-0.00679,-69,-13.27,10.200,-0.00641,-67,4.43E-4,,,,,,,,,10.200,-0.02019,-24,-109.92,10.200,-0.01625,-147,-92.91,10.200,-0.01071,-33,-65.70
10.400,-0.00458,-3649,-44.57,10.400,-0.00679,-28,-36.67,,,,,10.400,-0.00726,-71,-39.66,10.400,-0.00910,-34,-55.66,10.400,-0.00685,-69,-11.37,10.400,-0.00641,-68,0.00,,,,,,,,,10.400,-0.02056,-23,-109.19,10.400,-0.01656,-147,-92.68,10.400,-0.01090,-30,-66.11
10.600,-0.00469,-3669,-42.19,10.600,-0.00690,-27,-39.43,,,,,10.600,-0.00739,-70,-37.57,10.600,-0.00927,-33,-54.36,10.600,-0.00687,-68,-6.13,10.600,-0.00641,-68,,,,,,,,,,10.600,-0.02091,-22,-109.25,10.600,-0.01687,-146,-90.75,10.600,-0.01116,-33,-67.97
10.800,-0.00481,-3691,-45.87,10.800,-0.00704,-29,-44.50,,,,,10.800,-0.00750,-69,-37.44,10.800,-0.00945,-33,-54.74,10.800,-0.00688,-69,-2.19,,,,,,,,,,,,,10.800,-0.02128,-23,-110.20,10.800,-0.01718,-147,-87.96,10.800,-0.01136,-31,-71.24
11.000,-0.00501,-3712,-53.59,11.000,-0.00720,-30,-46.54,,,,,11.000,-0.00763,-70,-38.86,11.000,-0.00963,-33,-55.79,11.000,-0.00688,-69,-0.54,,,,,,,,,,,,,11.000,-0.02165,-23,-112.77,11.000,-0.01745,-143,-86.56,11.000,-0.01161,-35,-73.43
11.200,-0.00519,-3733,-55.98,11.200,-0.00738,-31,-43.35,,,,,11.200,-0.00776,-70,-41.21,11.200,-0.00983,-33,-52.49,11.200,-0.00688,-68,4.43E-4,,,,,,,,,,,,,11.200,-0.02203,-23,-115.06,11.200,-0.01773,-144,-86.87,11.200,-0.01187,-34,-73.28
11.400,-0.00538,-3760,-55.59,11.400,-0.00750,-28,-38.21,,,,,11.400,-0.00791,-71,-42.76,11.400,-0.01001,-33,-45.00,11.400,-0.00688,-69,4.43E-4,,,,,,,,,,,,,11.400,-0.02242,-25,-116.80,11.400,-0.01804,-146,-87.73,11.400,-0.01212,-34,-68.47
11.600,-0.00555,-3781,-56.00,11.600,-0.00761,-26,-36.36,,,,,11.600,-0.00805,-71,-42.61,11.600,-0.01013,-32,-39.54,11.600,-0.00688,-69,4.43E-4,,,,,,,,,,,,,11.600,-0.02281,-24,-116.65,11.600,-0.01832,-144,-89.15,11.600,-0.01233,-32,-65.99
11.800,-0.00576,-3802,-56.53,11.800,-0.00773,-27,-40.37,,,,,11.800,-0.00819,-70,-40.90,11.800,-0.01023,-31,-39.78,11.800,-0.00688,-68,-4.43E-4,,,,,,,,,,,,,11.800,-0.02320,-24,-116.97,11.800,-0.01861,-143,-92.20,11.800,-0.01253,-31,-66.68
12.000,-0.00593,-3822,-56.67,12.000,-0.00787,-29,-45.26,,,,,12.000,-0.00832,-69,-38.74,12.000,-0.01039,-32,-42.92,12.000,-0.00688,-69,-4.43E-4,,,,,,,,,,,,,12.000,-0.02358,-23,-117.48,12.000,-0.01894,-147,-93.69,12.000,-0.01278,-33,-69.14
12.200,-0.00613,-3842,-52.35,12.200,-0.00805,-32,-46.63,,,,,12.200,-0.00845,-69,-37.34,12.200,-0.01054,-33,-44.41,12.200,-0.00688,-68,0.00,,,,,,,,,,,,,12.200,-0.02399,-23,-116.62,12.200,-0.01926,-146,-91.70,12.200,-0.01300,-32,-68.07
12.400,-0.00631,-3851,-52.12,12.400,-0.00820,-31,-43.98,,,,,12.400,-0.00857,-70,-38.79,12.400,-0.01068,-32,-43.43,12.400,-0.00688,-68,,,,,,,,,,,,,,12.400,-0.02437,-23,-115.48,12.400,-0.01955,-143,-89.70,12.400,-0.01324,-33,-66.96
12.600,-0.00643,-3874,-54.96,12.600,-0.00833,-29,-39.95,,,,,12.600,-0.00870,-70,-42.27,12.600,-0.01083,-33,-44.35,,,,,,,,,,,,,,,,,12.600,-0.02475,-22,-114.30,12.600,-0.01984,-143,-90.20,12.600,-0.01343,-31,-67.44
12.800,-0.00668,-3891,-56.75,12.800,-0.00846,-29,-37.73,,,,,12.800,-0.00886,-74,-45.26,12.800,-0.01097,-32,-48.10,,,,,,,,,,,,,,,,,12.800,-0.02514,-22,-112.75,12.800,-0.02016,-144,-91.41,12.800,-0.01369,-34,-68.61
13.000,-0.00686,-3900,-53.93,13.000,-0.00858,-27,-38.13,,,,,13.000,-0.00901,-74,-45.58,13.000,-0.01114,-34,-53.08,,,,,,,,,,,,,,,,,13.000,-0.02551,-22,-111.00,13.000,-0.02046,-144,-92.90,13.000,-0.01390,-32,-69.27
13.200,-0.00701,-3920,-48.26,13.200,-0.00871,-28,-41.61,,,,,13.200,-0.00916,-75,-44.03,13.200,-0.01133,-34,-56.89,,,,,,,,,,,,,,,,,13.200,-0.02586,-21,-112.71,13.200,-0.02076,-143,-95.60,13.200,-0.01414,-34,-67.98
13.400,-0.00717,-3929,-52.47,13.400,-0.00885,-30,-44.88,,,,,13.400,-0.00930,-75,-43.56,13.400,-0.01153,-35,-56.61,,,,,,,,,,,,,,,,,13.400,-0.02624,-22,-117.59,13.400,-0.02110,-144,-96.45,13.400,-0.01436,-33,-66.49
13.600,-0.00733,-3943,-59.07,13.600,-0.00902,-32,-44.35,,,,,13.600,-0.00945,-75,-43.72,13.600,-0.01172,-34,-54.36,,,,,,,,,,,,,,,,,13.600,-0.02666,-24,-121.59,13.600,-0.02143,-146,-86.95,13.600,-0.01459,-33,-65.22
13.800,-0.00759,-3952,-61.65,13.800,-0.00916,-31,-39.95,,,,,13.800,-0.00960,-76,-43.56,13.800,-0.01189,-33,-52.11,,,,,,,,,,,,,,,,,13.800,-0.02706,-23,-121.44,13.800,-0.02172,-143,-72.65,13.800,-0.01478,-30,-66.23
14.000,-0.00777,-3965,-58.49,14.000,-0.00929,-30,-37.16,,,,,14.000,-0.00974,-76,-42.45,14.000,-0.01206,-33,-51.76,,,,,,,,,,,,,,,,,14.000,-0.02747,-25,-119.45,14.000,-0.02188,-136,-65.08,14.000,-0.01502,-32,-68.64
14.200,-0.00796,-3971,-58.37,14.200,-0.00939,-28,-40.38,,,,,14.200,-0.00988,-75,-39.69,14.200,-0.01223,-33,-52.93,,,,,,,,,,,,,,,,,14.200,-0.02786,-22,-116.50,14.200,-0.02210,-136,-67.75,14.200,-0.01525,-32,-72.44
14.400,-0.00813,-3993,-61.29,14.400,-0.00954,-31,-45.04,,,,,14.400,-0.01001,-76,-37.06,14.400,-0.01241,-33,-52.58,,,,,,,,,,,,,,,,,14.400,-0.02825,-22,-115.70,14.400,-0.02235,-139,-71.36,14.400,-0.01549,-34,-71.15
14.600,-0.00840,-3991,-61.08,14.600,-0.00972,-34,-45.87,,,,,14.600,-0.01012,-73,-37.43,14.600,-0.01259,-33,-51.02,,,,,,,,,,,,,,,,,14.600,-0.02861,-21,-116.84,14.600,-0.02260,-141,-72.25,14.600,-0.01576,-34,-65.03
14.800,-0.00856,-4004,-61.22,14.800,-0.00986,-33,-42.14,,,,,14.800,-0.01024,-75,-41.36,14.800,-0.01275,-33,-48.80,,,,,,,,,,,,,,,,,14.800,-0.02903,-23,-118.97,14.800,-0.02280,-138,-74.92,14.800,-0.01593,-31,-58.34
15.000,-0.00875,-4008,-64.73,15.000,-0.00999,-32,-36.84,,,,,15.000,-0.01040,-77,-45.55,15.000,-0.01291,-32,-49.56,,,,,,,,,,,,,,,,,15.000,-0.02942,-21,-122.26,15.000,-0.02309,-143,-80.63,15.000,-0.01611,-29,-57.19
15.200,-0.00900,-4013,-83.40,15.200,-0.01011,-31,-33.66,,,,,15.200,-0.01056,-78,-46.54,15.200,-0.01307,-33,-52.07,,,,,,,,,,,,,,,,,15.200,-0.02983,-23,-122.52,15.200,-0.02336,-143,-87.90,15.200,-0.01631,-30,-62.41
15.400,-0.00925,-4014,-85.29,15.400,-0.01020,-29,-33.24,,,,,15.400,-0.01071,-77,-43.60,15.400,-0.01326,-34,-51.31,,,,,,,,,,,,,,,,,15.400,-0.03026,-24,-121.76,15.400,-0.02366,-144,-93.87,15.400,-0.01653,-31,-69.38
15.600,-0.00973,-4,-60.71,15.600,-0.01032,-30,-36.40,,,,,15.600,-0.01086,-77,-38.78,15.600,-0.01344,-34,-46.20,,,,,,,,,,,,,,,,,15.600,-0.03064,-21,-119.80,15.600,-0.02399,-147,-95.65,15.600,-0.01677,-33,-73.58
15.800,-0.00973,1,-24.49,15.800,-0.01045,-32,-41.76,,,,,15.800,-0.01097,-74,-35.48,15.800,-0.01357,-32,-41.70,,,,,,,,,,,,,,,,,15.800,-0.03104,-22,-118.87,15.800,-0.02433,-148,-90.34,15.800,-0.01704,-37,-73.56
16.000,-0.00973,0,-0.35,16.000,-0.01060,-35,-43.42,,,,,16.000,-0.01108,-73,-37.52,16.000,-0.01368,-31,-43.75,,,,,,,,,,,,,,,,,16.000,-0.03144,-23,-118.33,16.000,-0.02460,-144,-83.90,16.000,-0.01726,-35,-71.09
16.200,-0.00973,-1,0.01,16.200,-0.01076,-36,-37.86,,,,,16.200,-0.01120,-75,-42.18,16.200,-0.01385,-32,-48.86,,,,,,,,,,,,,,,,,16.200,-0.03183,-22,-116.17,16.200,-0.02486,-143,-72.86,16.200,-0.01750,-34,-71.28
16.400,-0.00973,-1,0.00,16.400,-0.01087,-33,-29.36,,,,,16.400,-0.01138,-79,-44.15,16.400,-0.01403,-33,-50.32,,,,,,,,,,,,,,,,,16.400,-0.03222,-22,-114.90,16.400,-0.02514,-143,-63.43,16.400,-0.01773,-34,-73.82
16.600,-0.00973,-1,0.00,16.600,-0.01093,-28,-24.43,,,,,16.600,-0.01151,-78,-41.60,16.600,-0.01420,-33,-48.07,,,,,,,,,,,,,,,,,16.600,-0.03260,-23,-114.49,16.600,-0.02525,-134,-63.73,16.600,-0.01800,-36,-74.74
16.800,-0.00973,-1,0.00,16.800,-0.01102,-29,-24.73,,,,,16.800,-0.01165,-77,-37.73,16.800,-0.01434,-32,-47.44,,,,,,,,,,,,,,,,,16.800,-0.03298,-22,-114.37,16.800,-0.02548,-136,-79.70,16.800,-0.01824,-33,-75.72
17.000,-0.00973,-1,0.00,17.000,-0.01110,-30,-26.69,,,,,17.000,-0.01176,-75,-37.21,17.000,-0.01450,-32,-48.90,,,,,,,,,,,,,,,,,17.000,-0.03336,-22,-115.19,17.000,-0.02580,-143,-100.50,17.000,-0.01849,-34,-75.41
17.200,-0.00973,-2,0.00,17.200,-0.01119,-31,-27.29,,,,,17.200,-0.01188,-76,-39.36,17.200,-0.01468,-32,-51.85,,,,,,,,,,,,,,,,,17.200,-0.03374,-22,-118.05,17.200,-0.02619,-149,-109.12,17.200,-0.01876,-35,-74.14
17.400,-0.00973,-2,4.48E-4,17.400,-0.01129,-32,-28.94,,,,,17.400,-0.01203,-78,-41.90,17.400,-0.01484,-32,-52.39,,,,,,,,,,,,,,,,,17.400,-0.03414,-21,-120.87,17.400,-0.02655,-150,-104.71,17.400,-0.01899,-33,-72.08
17.600,-0.00973,-2,0.00,17.600,-0.01138,-34,-33.10,,,,,17.600,-0.01217,-79,-42.82,17.600,-0.01504,-32,-49.53,,,,,,,,,,,,,,,,,17.600,-0.03456,-23,-121.51,17.600,-0.02691,-149,-94.29,17.600,-0.01922,-33,-72.42
17.800,-0.00973,-2,0.00,17.800,-0.01149,-35,-37.99,,,,,17.800,-0.01231,-79,-42.45,17.800,-0.01519,-32,-45.12,,,,,,,,,,,,,,,,,17.800,-0.03496,-21,-120.81,17.800,-0.02717,-144,-89.49,17.800,-0.01947,-34,-74.07
18.000,-0.00973,-1,-8.97E-4,18.000,-0.01164,-38,-39.74,,,,,18.000,-0.01246,-80,-41.47,18.000,-0.01532,-30,-41.19,,,,,,,,,,,,,,,,,18.000,-0.03535,-22,-119.22,18.000,-0.02746,-143,-89.44,18.000,-0.01973,-35,-73.31
18.200,-0.00973,-2,1.90E-8,18.200,-0.01178,-38,-36.67,,,,,18.200,-0.01259,-79,-40.23,18.200,-0.01546,-30,-41.69,,,,,,,,,,,,,,,,,18.200,-0.03576,-22,-119.51,18.200,-0.02780,-146,-89.76,18.200,-0.01996,-33,-73.82
18.400,-0.00973,-2,0.00,18.400,-0.01189,-37,-33.09,,,,,18.400,-0.01272,-79,-40.70,18.400,-0.01559,-30,-46.19,,,,,,,,,,,,,,,,,18.400,-0.03614,-20,-121.35,18.400,-0.02807,-144,-87.09,18.400,-0.02019,-33,-74.71
18.600,-0.00973,-2,-1.90E-8,18.600,-0.01198,-35,-33.53,,,,,18.600,-0.01285,-80,-43.10,18.600,-0.01575,-31,-51.74,,,,,,,,,,,,,,,,,18.600,-0.03656,-23,-124.30,18.600,-0.02835,-143,-80.98,18.600,-0.02048,-36,-74.52
18.800,-0.00973,-1,8.97E-4,18.800,-0.01210,-36,-38.37,,,,,18.800,-0.01301,-84,-45.61,18.800,-0.01595,-33,-54.98,,,,,,,,,,,,,,,,,18.800,-0.03698,-21,-127.28,18.800,-0.02864,-144,-76.12,18.800,-0.02070,-33,-72.08
19.000,-0.00973,-2,4.48E-4,19.000,-0.01224,-38,-43.80,,,,,19.000,-0.01316,-84,-45.30,19.000,-0.01613,-32,-53.59,,,,,,,,,,,,,,,,,19.000,-0.03741,-23,-127.32,19.000,-0.02884,-138,-77.50,19.000,-0.02094,-33,-70.84
19.200,-0.00973,-2,0.00,19.200,-0.01240,-40,-45.93,,,,,19.200,-0.01332,-85,-43.21,19.200,-0.01631,-32,-51.28,,,,,,,,,,,,,,,,,19.200,-0.03784,-22,-125.04,19.200,-0.02910,-141,-82.89,19.200,-0.02117,-33,-70.87
19.400,-0.00973,-1,,19.400,-0.01256,-40,-43.12,,,,,19.400,-0.01345,-84,-42.80,19.400,-0.01647,-32,-51.88,,,,,,,,,,,,,,,,,19.400,-0.03825,-22,-120.37,19.400,-0.02944,-147,-89.04,19.400,-0.02143,-34,-69.09
,,,,19.600,-0.01270,-40,-38.17,,,,,19.600,-0.01359,-84,-45.10,19.600,-0.01664,-32,-54.70,,,,,,,,,,,,,,,,,19.600,-0.03864,-20,-117.10,19.600,-0.02970,-143,-91.15,19.600,-0.02164,-31,-70.35
,,,,19.800,-0.01280,-37,-35.75,,,,,19.800,-0.01375,-87,-47.83,19.800,-0.01684,-32,-57.43,,,,,,,,,,,,,,,,,19.800,-0.03901,-20,-118.80,19.800,-0.03002,-145,-93.66,19.800,-0.02186,-32,-72.70
,,,,20.000,-0.01292,-38,-37.14,,,,,20.000,-0.01392,-88,-47.68,20.000,-0.01703,-33,-55.88,,,,,,,,,,,,,,,,,20.000,-0.03942,-21,-122.20,20.000,-0.03034,-147,-96.17,20.000,-0.02215,-37,-73.94
,,,,20.200,-0.01305,-39,-40.47,,,,,20.200,-0.01407,-87,-43.88,20.200,-0.01722,-32,-53.03,,,,,,,,,,,,,,,,,20.200,-0.03985,-22,-122.90,20.200,-0.03067,-146,-93.26,20.200,-0.02237,-34,-71.38
,,,,20.400,-0.01319,-40,-41.84,,,,,20.400,-0.01422,-87,-40.14,20.400,-0.01737,-31,-52.04,,,,,,,,,,,,,,,,,20.400,-0.04025,-22,-121.86,20.400,-0.03097,-145,-90.02,20.400,-0.02260,-34,-68.56
,,,,20.600,-0.01334,-41,-39.24,,,,,20.600,-0.01433,-85,-40.22,20.600,-0.01756,-31,-53.66,,,,,,,,,,,,,,,,,20.600,-0.04064,-20,-121.41,20.600,-0.03126,-144,-88.20,20.600,-0.02283,-32,-66.55
,,,,20.800,-0.01347,-40,-35.72,,,,,20.800,-0.01447,-87,-41.74,20.800,-0.01774,-31,-55.56,,,,,,,,,,,,,,,,,20.800,-0.04106,-23,-121.82,20.800,-0.03156,-145,-87.15,20.800,-0.02306,-33,-65.28
,,,,21.000,-0.01356,-39,-34.93,,,,,21.000,-0.01463,-90,-41.30,21.000,-0.01793,-31,-55.05,,,,,,,,,,,,,,,,,21.000,-0.04146,-22,-119.57,21.000,-0.03185,-145,-86.71,21.000,-0.02325,-31,-68.42
,,,,21.200,-0.01369,-39,-36.41,,,,,21.200,-0.01476,-88,-38.48,21.200,-0.01811,-31,-55.05,,,,,,,,,,,,,,,,,21.200,-0.04186,-22,-116.94,21.200,-0.03212,-144,-87.98,21.200,-0.02349,-34,-71.37
,,,,21.400,-0.01382,-41,-39.23,,,,,21.400,-0.01487,-87,-36.32,21.400,-0.01829,-31,-55.94,,,,,,,,,,,,,,,,,21.400,-0.04223,-20,-116.84,21.400,-0.03243,-145,-89.40,21.400,-0.02376,-35,-70.83
,,,,21.600,-0.01394,-41,-41.77,,,,,21.600,-0.01500,-88,-36.82,21.600,-0.01849,-32,-57.88,,,,,,,,,,,,,,,,,21.600,-0.04263,-22,-117.63,21.600,-0.03274,-146,-87.47,21.600,-0.02397,-33,-67.16
,,,,21.800,-0.01410,-43,-43.61,,,,,21.800,-0.01511,-89,-39.58,21.800,-0.01868,-32,-58.64,,,,,,,,,,,,,,,,,21.800,-0.04303,-23,-117.95,21.800,-0.03302,-145,-84.62,21.800,-0.02419,-32,-66.71
,,,,22.000,-0.01425,-44,-43.40,,,,,22.000,-0.01525,-89,-43.89,22.000,-0.01888,-32,-58.26,,,,,,,,,,,,,,,,,22.000,-0.04342,-20,-119.03,22.000,-0.03328,-143,-83.50,22.000,-0.02441,-33,-66.80
,,,,22.200,-0.01438,-43,-42.23,,,,,22.200,-0.01541,-92,-46.18,22.200,-0.01906,-31,-56.30,,,,,,,,,,,,,,,,,22.200,-0.04381,-21,-120.36,22.200,-0.03358,-145,-85.53,22.200,-0.02465,-35,-66.33
,,,,22.400,-0.01452,-43,-42.26,,,,,22.400,-0.01558,-94,-43.56,22.400,-0.01926,-31,-53.41,,,,,,,,,,,,,,,,,22.400,-0.04424,-23,-119.13,22.400,-0.03385,-144,-88.38,22.400,-0.02484,-31,-67.63
,,,,22.600,-0.01467,-44,-43.27,,,,,22.600,-0.01571,-91,-39.63,22.600,-0.01942,-30,-52.99,,,,,,,,,,,,,,,,,22.600,-0.04462,-20,-114.65,22.600,-0.03416,-148,-82.87,22.600,-0.02509,-33,-73.05
,,,,22.800,-0.01481,-44,-43.75,,,,,22.800,-0.01582,-91,-39.02,22.800,-0.01959,-30,-55.21,,,,,,,,,,,,,,,,,22.800,-0.04499,-21,-112.77,22.800,-0.03447,-148,-76.21,22.800,-0.02533,-34,-78.82
,,,,23.000,-0.01496,-45,-41.62,,,,,23.000,-0.01596,-92,-41.48,23.000,-0.01979,-31,-57.81,,,,,,,,,,,,,,,,,23.000,-0.04535,-20,-116.96,23.000,-0.03462,-141,-76.05,23.000,-0.02562,-37,-79.31
,,,,23.200,-0.01510,-45,-35.92,,,,,23.200,-0.01611,-95,-42.53,23.200,-0.01999,-31,-55.91,,,,,,,,,,,,,,,,,23.200,-0.04576,-23,-122.70,23.200,-0.03491,-145,-82.38,23.200,-0.02588,-35,-78.90
,,,,23.400,-0.01521,-43,-29.83,,,,,23.400,-0.01625,-96,-41.81,23.400,-0.02018,-31,-52.99,,,,,,,,,,,,,,,,,23.400,-0.04618,-24,-125.82,23.400,-0.03524,-149,-85.46,23.400,-0.02613,-34,-76.78
,,,,23.600,-0.01528,-41,-28.26,,,,,23.600,-0.01638,-95,-41.02,23.600,-0.02033,-30,-52.13,,,,,,,,,,,,,,,,,23.600,-0.04661,-23,-122.85,23.600,-0.03550,-147,-80.81,23.600,-0.02641,-36,-74.71
,,,,23.800,-0.01538,-42,-31.42,,,,,23.800,-0.01652,-96,-40.83,23.800,-0.02052,-30,-53.53,,,,,,,,,,,,,,,,,23.800,-0.04702,-21,-119.64,23.800,-0.03574,-145,-81.28,23.800,-0.02663,-33,-72.36
,,,,24.000,-0.01549,-44,-37.26,,,,,24.000,-0.01666,-96,-40.51,24.000,-0.02069,-31,-54.13,,,,,,,,,,,,,,,,,24.000,-0.04738,-19,-117.80,24.000,-0.03602,-147,-87.71,24.000,-0.02687,-33,-72.58
,,,,24.200,-0.01562,-45,-42.21,,,,,24.200,-0.01679,-97,-39.90,24.200,-0.02088,-31,-52.77,,,,,,,,,,,,,,,,,24.200,-0.04780,-21,-117.38,24.200,-0.03634,-149,-91.11,24.200,-0.02711,-33,-74.55
,,,,24.400,-0.01578,-48,-44.28,,,,,24.400,-0.01692,-97,-41.83,24.400,-0.02105,-31,-52.96,,,,,,,,,,,,,,,,,24.400,-0.04818,-21,-115.95,24.400,-0.03666,-150,-89.18,24.400,-0.02738,-35,-71.60
,,,,24.600,-0.01593,-48,-42.99,,,,,24.600,-0.01706,-98,-45.26,24.600,-0.02122,-30,-53.94,,,,,,,,,,,,,,,,,24.600,-0.04857,-20,-111.64,24.600,-0.03693,-148,-87.63,24.600,-0.02761,-33,-69.98
,,,,24.800,-0.01607,-47,-41.21,,,,,24.800,-0.01723,-102,-46.60,24.800,-0.02142,-31,-55.69,,,,,,,,,,,,,,,,,24.800,-0.04893,-20,-110.37,24.800,-0.03722,-148,-89.60,24.800,-0.02780,-30,-72.58
,,,,25.000,-0.01620,-47,-41.43,,,,,25.000,-0.01739,-102,-44.45,25.000,-0.02159,-31,-55.94,,,,,,,,,,,,,,,,,25.000,-0.04928,-18,-111.15,25.000,-0.03753,-149,-92.33,25.000,-0.02809,-35,-75.90
,,,,25.200,-0.01634,-48,-43.01,,,,,25.200,-0.01752,-100,-41.05,25.200,-0.02179,-31,-55.75,,,,,,,,,,,,,,,,,25.200,-0.04968,-20,-114.35,25.200,-0.03785,-148,-92.80,25.200,-0.02835,-35,-75.88
,,,,25.400,-0.01649,-48,-43.93,,,,,25.400,-0.01765,-101,-39.52,25.400,-0.02197,-31,-55.91,,,,,,,,,,,,,,,,,25.400,-0.05005,-21,-116.38,25.400,-0.03815,-149,-93.15,25.400,-0.02858,-33,-73.38
,,,,25.600,-0.01664,-50,-43.81,,,,,25.600,-0.01778,-102,-39.87,25.600,-0.02216,-31,-54.83,,,,,,,,,,,,,,,,,25.600,-0.05045,-23,-116.55,25.600,-0.03846,-149,-94.30,25.600,-0.02883,-33,-74.48
,,,,25.800,-0.01678,-50,-42.84,,,,,25.800,-0.01791,-103,-41.26,25.800,-0.02234,-31,-53.82,,,,,,,,,,,,,,,,,25.800,-0.05083,-23,-117.53,25.800,-0.03878,-149,-94.56,25.800,-0.02908,-34,-75.02
,,,,26.000,-0.01692,-50,-41.65,,,,,26.000,-0.01806,-105,-42.92,26.000,-0.02251,-30,-52.52,,,,,,,,,,,,,,,,,26.000,-0.05122,-23,-117.06,26.000,-0.03910,-147,-94.46,26.000,-0.02934,-36,-73.37
,,,,26.200,-0.01706,77,-35.94,,,,,26.200,-0.01821,-106,-45.04,26.200,-0.02269,-30,-53.40,,,,,,,,,,,,,,,,,26.200,-0.05163,-23,-116.30,26.200,-0.03940,-147,-95.19,26.200,-0.02957,-34,-68.81
,,,,26.400,-0.01720,77,-23.70,,,,,26.400,-0.01835,-105,-45.52,26.400,-0.02286,-30,-55.12,,,,,,,,,,,,,,,,,26.400,-0.05200,-22,-116.14,26.400,-0.03973,-148,-95.35,26.400,-0.02981,-34,-64.59
,,,,26.600,-0.01723,77,-10.07,,,,,26.600,-0.01852,-108,-43.46,26.600,-0.02306,-31,-55.66,,,,,,,,,,,,,,,,,26.600,-0.05238,-22,-117.53,26.600,-0.04005,-148,-94.02,26.600,-0.02999,-30,-64.39
,,,,26.800,-0.01723,78,-1.49,,,,,26.800,-0.01865,-107,-39.28,26.800,-0.02324,-31,-54.13,,,,,,,,,,,,,,,,,26.800,-0.05279,-24,-120.33,26.800,-0.04035,-146,-92.08,26.800,-0.03021,-32,-68.04
,,,,27.000,-0.01723,77,0.03,,,,,27.000,-0.01877,-106,-36.93,27.000,-0.02342,-30,-50.23,,,,,,,,,,,,,,,,,27.000,-0.05318,-24,-120.02,27.000,-0.04066,-146,-94.96,27.000,-0.03045,-32,-73.17
,,,,27.200,-0.01723,77,0.00,,,,,27.200,-0.01888,-106,-37.93,27.200,-0.02358,-30,-48.74,,,,,,,,,,,,,,,,,27.200,-0.05360,-24,-117.10,27.200,-0.04096,-146,-100.77,27.200,-0.03070,-34,-73.75
,,,,27.400,-0.01723,77,2.00E-8,,,,,27.400,-0.01903,-109,-39.48,27.400,-0.02373,-30,-50.17,,,,,,,,,,,,,,,,,27.400,-0.05397,-22,-113.26,27.400,-0.04134,-149,-102.36,27.400,-0.03096,-34,-73.47
,,,,27.600,-0.01723,77,0.00,,,,,27.600,-0.01916,-110,-39.55,27.600,-0.02391,-30,-53.78,,,,,,,,,,,,,,,,,27.600,-0.05435,-22,-109.86,27.600,-0.04169,-148,-97.45,27.600,-0.03118,-33,-68.02
,,,,27.800,-0.01723,77,-4.55E-4,,,,,27.800,-0.01929,-111,-37.87,27.800,-0.02409,-30,-57.24,,,,,,,,,,,,,,,,,27.800,-0.05471,-21,-110.87,27.800,-0.04198,-146,-90.88,27.800,-0.03144,-35,-60.85
,,,,28.000,-0.01723,77,9.10E-4,,,,,28.000,-0.01941,-111,-37.02,28.000,-0.02429,-31,-59.47,,,,,,,,,,,,,,,,,28.000,-0.05506,-22,-114.83,28.000,-0.04227,-144,-87.61,28.000,-0.03158,-29,-58.24
,,,,28.200,-0.01723,77,0.00,,,,,28.200,-0.01953,-111,-38.22,28.200,-0.02449,-30,-60.32,,,,,,,,,,,,,,,,,28.200,-0.05547,-24,-118.64,28.200,-0.04258,-145,-86.65,28.200,-0.03178,-30,-64.47
,,,,28.400,-0.01723,77,-3.99E-8,,,,,28.400,-0.01966,-112,-40.69,28.400,-0.02470,-31,-59.60,,,,,,,,,,,,,,,,,28.400,-0.05588,-24,-117.95,28.400,-0.04285,-143,-85.70,28.400,-0.03201,-33,-72.18
,,,,28.600,-0.01723,77,0.00,,,,,28.600,-0.01981,-114,-41.90,28.600,-0.02489,-30,-57.98,,,,,,,,,,,,,,,,,28.600,-0.05626,-23,-113.99,28.600,-0.04314,-143,-84.68,28.600,-0.03230,-37,-72.38
,,,,28.800,-0.01723,77,0.00,,,,,28.800,-0.01995,-116,-41.84,28.800,-0.02509,-30,-54.71,,,,,,,,,,,,,,,,,28.800,-0.05663,-21,-110.97,28.800,-0.04342,-144,-84.52,28.800,-0.03250,-33,-67.38
,,,,29.000,-0.01723,77,,,,,,29.000,-0.02008,-115,-42.29,29.000,-0.02527,-27,-51.13,,,,,,,,,,,,,,,,,29.000,-0.05700,-21,-110.87,29.000,-0.04370,-143,-84.99,29.000,-0.03274,-35,-65.07
,,,,,,,,,,,,29.200,-0.02022,-116,-43.90,29.200,-0.02542,33,-42.20,,,,,,,,,,,,,,,,,29.200,-0.05736,-21,-114.83,29.200,-0.04398,-143,-86.96,29.200,-0.03292,-31,-65.79
,,,,,,,,,,,,29.400,-0.02038,-117,-44.28,29.400,-0.02558,34,-27.48,,,,,,,,,,,,,,,,,29.400,-0.05775,-22,-120.77,29.400,-0.04428,-145,-88.06,29.400,-0.03318,-34,-66.42
,,,,,,,,,,,,29.600,-0.02053,-118,-41.85,29.600,-0.02562,33,-11.81,,,,,,,,,,,,,,,,,29.600,-0.05818,-25,-125.31,29.600,-0.04458,-146,-88.26,29.600,-0.03337,-32,-66.96
,,,,,,,,,,,,29.800,-0.02066,-117,-37.98,29.800,-0.02562,33,-1.81,,,,,,,,,,,,,,,,,29.800,-0.05860,-23,-125.04,29.800,-0.04486,-145,-90.58,29.800,-0.03362,-34,-64.36
,,,,,,,,,,,,30.000,-0.02078,-116,-35.79,30.000,-0.02562,34,-4.51E-4,,,,,,,,,,,,,,,,,30.000,-0.05902,-23,-121.77,30.000,-0.04516,-146,-91.88,30.000,-0.03383,-32,-58.69
,,,,,,,,,,,,30.200,-0.02089,-115,-34.35,30.200,-0.02562,33,0.00,,,,,,,,,,,,,,,,,30.200,-0.05941,-22,-119.83,30.200,-0.04550,-148,-91.70,30.200,-0.03401,-31,-55.64
,,,,,,,,,,,,30.400,-0.02102,-118,-32.48,30.400,-0.02562,34,0.00,,,,,,,,,,,,,,,,,30.400,-0.05980,-21,-120.87,30.400,-0.04577,-145,-90.24,30.400,-0.03415,-26,-58.22
,,,,,,,,,,,,30.600,-0.02111,-116,-31.21,30.600,-0.02562,33,0.00,,,,,,,,,,,,,,,,,30.600,-0.06021,-23,-122.46,30.600,-0.04609,-146,-86.78,30.600,-0.03441,-33,-65.13
,,,,,,,,,,,,30.800,-0.02121,-116,-35.39,30.800,-0.02562,33,0.00,,,,,,,,,,,,,,,,,30.800,-0.06063,-23,-121.16,30.800,-0.04639,-146,-83.13,30.800,-0.03460,-33,-69.38
,,,,,,,,,,,,31.000,-0.02132,-117,-43.12,31.000,-0.02562,33,,,,,,,,,,,,,,,,,,31.000,-0.06103,-22,-117.74,31.000,-0.04662,-142,-83.53,31.000,-0.03487,-37,-68.39
,,,,,,,,,,,,31.200,-0.02151,-123,-46.42,,,,,,,,,,,,,,,,,,,,,31.200,-0.06141,-20,-117.83,31.200,-0.04690,-143,-89.24,31.200,-0.03508,-34,-65.63
,,,,,,,,,,,,31.400,-0.02167,-125,-44.13,,,,,,,,,,,,,,,,,,,,,31.400,-0.06179,-20,-122.70,31.400,-0.04725,-148,-95.68,31.400,-0.03530,-34,-63.98
,,,,,,,,,,,,31.600,-0.02179,-123,-40.65,,,,,,,,,,,,,,,,,,,,,31.600,-0.06223,-23,-126.32,31.600,-0.04755,-146,-97.63,31.600,-0.03548,-32,-65.44
,,,,,,,,,,,,31.800,-0.02192,-122,-40.70,,,,,,,,,,,,,,,,,,,,,31.800,-0.06266,-23,-125.16,31.800,-0.04789,-146,-97.70,31.800,-0.03574,-35,-65.40
,,,,,,,,,,,,32.000,-0.02206,-124,-43.01,,,,,,,,,,,,,,,,,,,,,32.000,-0.06306,-23,-122.46,32.000,-0.04821,-146,-97.98,32.000,-0.03594,-34,-63.63
,,,,,,,,,,,,32.200,-0.02221,-125,-44.18,,,,,,,,,,,,,,,,,,,,,32.200,-0.06346,-22,-121.42,32.200,-0.04854,-146,-94.97,32.200,-0.03614,-33,-62.52
,,,,,,,,,,,,32.400,-0.02237,-127,-44.22,,,,,,,,,,,,,,,,,,,,,32.400,-0.06388,-23,-119.54,32.400,-0.04885,-144,-91.96,32.400,-0.03635,-32,-62.65
,,,,,,,,,,,,32.600,-0.02250,-127,-43.40,,,,,,,,,,,,,,,,,,,,,32.600,-0.06427,-21,-112.50,32.600,-0.04914,-143,-90.90,32.600,-0.03658,-34,-60.62
,,,,,,,,,,,,32.800,-0.02265,-127,-42.04,,,,,,,,,,,,,,,,,,,,,32.800,-0.06464,-21,-100.73,32.800,-0.04945,-144,-89.63,32.800,-0.03676,-31,-56.81
,,,,,,,,,,,,33.000,-0.02279,-127,-41.30,,,,,,,,,,,,,,,,,,,,,33.000,-0.06495,-18,-95.04,33.000,-0.04976,-145,-87.60,33.000,-0.03695,-32,-55.82
,,,,,,,,,,,,33.200,-0.02292,-127,-42.16,,,,,,,,,,,,,,,,,,,,,33.200,-0.06522,-16,-99.27,33.200,-0.05002,-142,-86.68,33.200,-0.03712,-31,-59.59
,,,,,,,,,,,,33.400,-0.02306,-128,-44.18,,,,,,,,,,,,,,,,,,,,,33.400,-0.06560,-22,-109.54,33.400,-0.05032,-143,-87.22,33.400,-0.03734,-33,-61.40
,,,,,,,,,,,,33.600,-0.02323,-131,-44.34,,,,,,,,,,,,,,,,,,,,,33.600,-0.06598,-24,-115.46,33.600,-0.05063,-145,-88.61,33.600,-0.03756,-35,-59.34
,,,,,,,,,,,,33.800,-0.02337,-131,-42.99,,,,,,,,,,,,,,,,,,,,,33.800,-0.06638,-24,-114.65,33.800,-0.05090,-143,-88.61,33.800,-0.03773,-32,-55.16
,,,,,,,,,,,,34.000,-0.02350,-130,-42.86,,,,,,,,,,,,,,,,,,,,,34.000,-0.06674,-23,-111.90,34.000,-0.05121,-144,-88.71,34.000,-0.03791,-31,-54.61
,,,,,,,,,,,,34.200,-0.02365,-131,-45.58,,,,,,,,,,,,,,,,,,,,,34.200,-0.06712,-21,-109.48,34.200,-0.05151,-145,-88.83,34.200,-0.03809,-31,-56.70
,,,,,,,,,,,,34.400,-0.02381,-133,-47.80,,,,,,,,,,,,,,,,,,,,,34.400,-0.06747,-21,-110.80,34.400,-0.05180,-144,-89.66,34.400,-0.03829,-33,-58.41
,,,,,,,,,,,,34.600,-0.02398,-135,-46.41,,,,,,,,,,,,,,,,,,,,,34.600,-0.06784,-22,-114.89,34.600,-0.05209,-145,-92.67,34.600,-0.03848,-32,-57.82
,,,,,,,,,,,,34.800,-0.02413,-136,-43.75,,,,,,,,,,,,,,,,,,,,,34.800,-0.06825,-24,-119.24,34.800,-0.05242,-146,-94.26,34.800,-0.03869,-33,-57.18
,,,,,,,,,,,,35.000,-0.02425,-134,-42.77,,,,,,,,,,,,,,,,,,,,,35.000,-0.06865,-24,-120.56,35.000,-0.05274,-146,-91.38,35.000,-0.03886,-32,-55.60
,,,,,,,,,,,,35.200,-0.02440,-135,-42.92,,,,,,,,,,,,,,,,,,,,,35.200,-0.06905,-24,-119.96,35.200,-0.05303,-145,-88.78,35.200,-0.03906,-33,-53.28
,,,,,,,,,,,,35.400,-0.02456,-136,-42.69,,,,,,,,,,,,,,,,,,,,,35.400,-0.06945,-22,-117.07,35.400,-0.05330,-143,-89.09,35.400,-0.03922,-31,-53.02
,,,,,,,,,,,,35.600,-0.02468,-136,-42.15,,,,,,,,,,,,,,,,,,,,,35.600,-0.06985,-23,-112.50,35.600,-0.05363,-146,-91.19,35.600,-0.03939,-31,-55.62
,,,,,,,,,,,,35.800,-0.02483,-137,-43.33,,,,,,,,,,,,,,,,,,,,,35.800,-0.07019,-21,-106.12,35.800,-0.05393,-143,-93.60,35.800,-0.03959,-33,-61.17
,,,,,,,,,,,,36.000,-0.02497,-139,-46.05,,,,,,,,,,,,,,,,,,,,,36.000,-0.07055,-20,-100.02,36.000,-0.05424,-144,-97.53,36.000,-0.03980,-34,-61.37
,,,,,,,,,,,,36.200,-0.02513,-140,-46.95,,,,,,,,,,,,,,,,,,,,,36.200,-0.07086,-20,-99.72,36.200,-0.05457,-145,-102.61,36.200,-0.04003,-36,-58.39
,,,,,,,,,,,,36.400,-0.02530,-143,-46.00,,,,,,,,,,,,,,,,,,,,,36.400,-0.07118,-20,-106.54,36.400,-0.05494,-146,-105.60,36.400,-0.04018,-32,-54.90
,,,,,,,,,,,,36.600,-0.02544,-141,-45.37,,,,,,,,,,,,,,,,,,,,,36.600,-0.07156,-25,-116.16,36.600,-0.05528,-145,-107.28,36.600,-0.04038,-34,-54.87
,,,,,,,,,,,,36.800,-0.02559,-141,-45.37,,,,,,,,,,,,,,,,,,,,,36.800,-0.07198,-25,-118.83,36.800,-0.05564,-145,-110.52,36.800,-0.04055,-32,-55.79
,,,,,,,,,,,,37.000,-0.02575,-143,-46.03,,,,,,,,,,,,,,,,,,,,,37.000,-0.07238,-25,-116.31,37.000,-0.05601,-146,-113.70,37.000,-0.04076,-33,-54.23
,,,,,,,,,,,,37.200,-0.02589,-143,-44.95,,,,,,,,,,,,,,,,,,,,,37.200,-0.07274,-23,-114.28,37.200,-0.05641,-146,-108.09,37.200,-0.04092,-31,-53.72
,,,,,,,,,,,,37.400,-0.02605,-144,-41.56,,,,,,,,,,,,,,,,,,,,,37.400,-0.07314,-23,-113.77,37.400,-0.05678,-144,-100.09,37.400,-0.04109,-31,-55.02
,,,,,,,,,,,,37.600,-0.02619,-143,-37.98,,,,,,,,,,,,,,,,,,,,,37.600,-0.07351,-22,-115.48,37.600,-0.05704,-139,-97.73,37.600,-0.04128,-32,-58.67
,,,,,,,,,,,,37.800,-0.02629,-142,-35.72,,,,,,,,,,,,,,,,,,,,,37.800,-0.07388,-21,-115.70,37.800,-0.05739,-143,-102.77,37.800,-0.04149,-32,-59.08
,,,,,,,,,,,,38.000,-0.02641,-142,-36.03,,,,,,,,,,,,,,,,,,,,,38.000,-0.07430,-23,-117.13,38.000,-0.05776,-144,-106.39,38.000,-0.04170,-33,-58.39
,,,,,,,,,,,,38.200,-0.02654,-143,-31.21,,,,,,,,,,,,,,,,,,,,,38.200,-0.07466,-21,-117.03,38.200,-0.05811,-144,-101.35,38.200,-0.04187,-31,-57.78
,,,,,,,,,,,,38.400,-0.02666,-144,-24.18,,,,,,,,,,,,,,,,,,,,,38.400,-0.07508,-22,-116.20,38.400,-0.05844,-142,-95.87,38.400,-0.04208,-33,-59.81
,,,,,,,,,,,,38.600,-0.02667,-137,-20.82,,,,,,,,,,,,,,,,,,,,,38.600,-0.07545,-22,-117.18,38.600,-0.05873,-141,-93.92,38.600,-0.04226,-32,-60.67
,,,,,,,,,,,,38.800,-0.02677,-136,-22.36,,,,,,,,,,,,,,,,,,,,,38.800,-0.07584,-23,-117.76,38.800,-0.05905,-141,-98.42,38.800,-0.04249,-34,-58.27
,,,,,,,,,,,,39.000,-0.02685,-140,-25.42,,,,,,,,,,,,,,,,,,,,,39.000,-0.07624,-23,-119.51,39.000,-0.05938,-142,-104.98,39.000,-0.04267,-31,-55.32
,,,,,,,,,,,,39.200,-0.02693,-140,-30.83,,,,,,,,,,,,,,,,,,,,,39.200,-0.07664,-23,-116.05,39.200,-0.05976,-144,-107.94,39.200,-0.04284,-31,-53.13
,,,,,,,,,,,,39.400,-0.02702,-141,-39.33,,,,,,,,,,,,,,,,,,,,,39.400,-0.07704,-22,-101.31,39.400,-0.06012,-144,-104.68,39.400,-0.04302,-30,-53.72
,,,,,,,,,,,,39.600,-0.02722,-150,-43.71,,,,,,,,,,,,,,,,,,,,,39.600,-0.07736,-20,-83.54,39.600,-0.06047,-143,-95.78,39.600,-0.04320,-31,-53.62
,,,,,,,,,,,,39.800,-0.02735,-152,-40.24,,,,,,,,,,,,,,,,,,,,,39.800,-0.07754,-14,-81.54,39.800,-0.06077,-141,-87.39,39.800,-0.04338,-32,-53.28
,,,,,,,,,,,,40.000,-0.02747,-152,-34.90,,,,,,,,,,,,,,,,,,,,,40.000,-0.07780,-14,-95.98,40.000,-0.06103,-139,-85.57,40.000,-0.04355,-31,-52.07
,,,,,,,,,,,,40.200,-0.02757,-149,-33.82,,,,,,,,,,,,,,,,,,,,,40.200,-0.07823,-24,-111.63,40.200,-0.06131,-140,-90.06,40.200,-0.04373,-31,-52.26
,,,,,,,,,,,,40.400,-0.02770,-151,-35.27,,,,,,,,,,,,,,,,,,,,,40.400,-0.07860,-25,-114.28,40.400,-0.06164,-143,-93.87,40.400,-0.04389,-30,-55.33
,,,,,,,,,,,,40.600,-0.02780,-150,-39.48,,,,,,,,,,,,,,,,,,,,,40.600,-0.07898,-24,-110.62,40.600,-0.06196,-143,-95.02,40.600,-0.04409,-31,-58.66
,,,,,,,,,,,,40.800,-0.02794,-151,-42.84,,,,,,,,,,,,,,,,,,,,,40.800,-0.07933,-22,-112.62,40.800,-0.06226,-142,-96.55,40.800,-0.04431,-33,-60.54
,,,,,,,,,,,,41.000,-0.02811,-156,-43.17,,,,,,,,,,,,,,,,,,,,,41.000,-0.07970,-23,-116.90,41.000,-0.06259,-144,-98.96,41.000,-0.04449,-33,-59.62
,,,,,,,,,,,,41.200,-0.02824,-155,-38.74,,,,,,,,,,,,,,,,,,,,,41.200,-0.08013,-25,-121.12,41.200,-0.06294,-145,-97.57,41.200,-0.04470,-33,-57.44
,,,,,,,,,,,,41.400,-0.02836,-154,-35.51,,,,,,,,,,,,,,,,,,,,,41.400,-0.08053,-25,-120.81,41.400,-0.06326,-144,-94.15,41.400,-0.04489,-33,-55.03
,,,,,,,,,,,,41.600,-0.02846,-151,-35.25,,,,,,,,,,,,,,,,,,,,,41.600,-0.08093,-25,-117.64,41.600,-0.06355,-142,-94.43,41.600,-0.04506,-32,-54.24
,,,,,,,,,,,,41.800,-0.02860,-154,-37.65,,,,,,,,,,,,,,,,,,,,,41.800,-0.08131,-23,-116.43,41.800,-0.06387,-143,-100.42,41.800,-0.04523,-31,-55.69
,,,,,,,,,,,,42.000,-0.02871,-153,-41.70,,,,,,,,,,,,,,,,,,,,,42.000,-0.08169,-23,-113.61,42.000,-0.06421,-145,-105.43,42.000,-0.04544,-32,-56.26
,,,,,,,,,,,,42.200,-0.02887,-156,-44.46,,,,,,,,,,,,,,,,,,,,,42.200,-0.08210,-23,-108.91,42.200,-0.06460,-147,-105.12,42.200,-0.04562,-33,-54.17
,,,,,,,,,,,,42.400,-0.02903,-159,-44.02,,,,,,,,,,,,,,,,,,,,,42.400,-0.08243,-21,-107.54,42.400,-0.06493,-146,-99.54,42.400,-0.04579,-30,-52.62
,,,,,,,,,,,,42.600,-0.02917,-159,-40.48,,,,,,,,,,,,,,,,,,,,,42.600,-0.08276,-20,-113.21,42.600,-0.06526,-144,-94.82,42.600,-0.04596,-30,-56.29
,,,,,,,,,,,,42.800,-0.02929,-157,-36.90,,,,,,,,,,,,,,,,,,,,,42.800,-0.08318,-24,-121.31,42.800,-0.06554,-143,-96.02,42.800,-0.04615,-31,-60.25
,,,,,,,,,,,,43.000,-0.02942,-156,-34.43,,,,,,,,,,,,,,,,,,,,,43.000,-0.08361,-24,-123.12,43.000,-0.06588,-144,-99.44,43.000,-0.04639,-33,-58.55
,,,,,,,,,,,,43.200,-0.02952,-156,-36.89,,,,,,,,,,,,,,,,,,,,,43.200,-0.08401,-23,-120.27,43.200,-0.06623,-144,-101.22,43.200,-0.04657,-32,-54.17
,,,,,,,,,,,,43.400,-0.02963,-155,-42.20,,,,,,,,,,,,,,,,,,,,,43.400,-0.08440,-22,-119.07,43.400,-0.06656,-143,-99.06,43.400,-0.04672,-29,-55.28
,,,,,,,,,,,,43.600,-0.02982,-162,-45.76,,,,,,,,,,,,,,,,,,,,,43.600,-0.08479,-23,-119.25,43.600,-0.06689,-143,-97.06,43.600,-0.04691,-30,-61.84
,,,,,,,,,,,,43.800,-0.02997,-163,-44.40,,,,,,,,,,,,,,,,,,,,,43.800,-0.08520,-22,-119.50,43.800,-0.06720,-143,-97.32,43.800,-0.04715,-35,-65.36
,,,,,,,,,,,,44.000,-0.03010,-162,-39.66,,,,,,,,,,,,,,,,,,,,,44.000,-0.08559,-23,-120.04,44.000,-0.06753,-143,-97.86,44.000,-0.04737,-34,-63.18
,,,,,,,,,,,,44.200,-0.03023,-162,-36.96,,,,,,,,,,,,,,,,,,,,,44.200,-0.08599,-24,-119.73,44.200,-0.06787,-143,-98.62,44.200,-0.04757,-32,-60.62
,,,,,,,,,,,,44.400,-0.03034,-161,-37.36,,,,,,,,,,,,,,,,,,,,,44.400,-0.08640,-24,-119.22,44.400,-0.06818,-141,-92.56,44.400,-0.04776,-32,-59.00
,,,,,,,,,,,,44.600,-0.03046,59,-35.87,,,,,,,,,,,,,,,,,,,,,44.600,-0.08678,-24,-118.91,44.600,-0.06852,-142,-82.70,44.600,-0.04797,-33,-57.57
,,,,,,,,,,,,44.800,-0.03062,59,-27.39,,,,,,,,,,,,,,,,,,,,,44.800,-0.08719,-22,-117.57,44.800,-0.06872,-137,-80.59,44.800,-0.04814,-30,-57.09
,,,,,,,,,,,,45.000,-0.03068,59,-13.62,,,,,,,,,,,,,,,,,,,,,45.000,-0.08759,-24,-115.16,45.000,-0.06898,-136,-89.46,45.000,-0.04834,-30,-58.71
,,,,,,,,,,,,45.200,-0.03068,59,-2.92,,,,,,,,,,,,,,,,,,,,,45.200,-0.08795,-24,-111.73,45.200,-0.06934,-141,-100.27,45.200,-0.04854,-31,-60.26
,,,,,,,,,,,,45.400,-0.03068,59,-4.53E-4,,,,,,,,,,,,,,,,,,,,,45.400,-0.08832,-23,-111.73,45.400,-0.06970,-144,-99.46,45.400,-0.04875,-31,-59.28
,,,,,,,,,,,,45.600,-0.03068,59,-4.53E-4,,,,,,,,,,,,,,,,,,,,,45.600,-0.08868,-23,-114.55,45.600,-0.07001,-142,-94.02,45.600,-0.04894,-31,-57.44
,,,,,,,,,,,,45.800,-0.03068,60,-9.07E-4,,,,,,,,,,,,,,,,,,,,,45.800,-0.08908,-24,-117.38,45.800,-0.07030,-140,-92.37,45.800,-0.04913,-31,-55.66
,,,,,,,,,,,,46.000,-0.03068,59,0.00,,,,,,,,,,,,,,,,,,,,,46.000,-0.08948,-24,-118.96,46.000,-0.07062,-142,-95.50,46.000,-0.04931,-30,-56.61
,,,,,,,,,,,,46.200,-0.03068,60,-4.53E-4,,,,,,,,,,,,,,,,,,,,,46.200,-0.08988,-25,-119.06,46.200,-0.07093,-142,-101.31,46.200,-0.04949,-29,-61.33
,,,,,,,,,,,,46.400,-0.03068,60,0.00,,,,,,,,,,,,,,,,,,,,,46.400,-0.09027,-24,-118.14,46.400,-0.07128,-143,-104.42,46.400,-0.04971,-32,-67.74
,,,,,,,,,,,,46.600,-0.03068,59,,,,,,,,,,,,,,,,,,,,,,46.600,-0.09067,-25,-116.65,46.600,-0.07166,-144,-103.28,46.600,-0.04996,-33,-70.03
,,,,,,,,,,,,,,,,,,,,,,,,,,,,,,,,,,,,46.800,-0.09105,-25,-114.93,46.800,-0.07198,-142,-97.54,46.800,-0.05020,-34,-67.70
,,,,,,,,,,,,,,,,,,,,,,,,,,,,,,,,,,,,47.000,-0.09143,-24,-113.06,47.000,-0.07230,-142,-88.47,47.000,-0.05040,-31,-66.18
,,,,,,,,,,,,,,,,,,,,,,,,,,,,,,,,,,,,47.200,-0.09180,-25,-114.75,47.200,-0.07259,-141,-79.87,47.200,-0.05062,-31,-67.63
,,,,,,,,,,,,,,,,,,,,,,,,,,,,,,,,,,,,47.400,-0.09217,-24,-116.52,47.400,-0.07282,-137,-76.40,47.400,-0.05086,-32,-69.02
,,,,,,,,,,,,,,,,,,,,,,,,,,,,,,,,,,,,47.600,-0.09260,-25,-115.86,47.600,-0.07306,-137,-81.62,47.600,-0.05109,-32,-67.06
,,,,,,,,,,,,,,,,,,,,,,,,,,,,,,,,,,,,47.800,-0.09297,-24,-112.21,47.800,-0.07336,-140,-90.97,47.800,-0.05131,-30,-64.72
,,,,,,,,,,,,,,,,,,,,,,,,,,,,,,,,,,,,48.000,-0.09333,-23,-111.29,48.000,-0.07368,-143,-96.44,48.000,-0.05151,-30,-62.59
,,,,,,,,,,,,,,,,,,,,,,,,,,,,,,,,,,,,48.200,-0.09369,-23,-116.67,48.200,-0.07401,-143,-95.28,48.200,-0.05173,-30,-60.24
,,,,,,,,,,,,,,,,,,,,,,,,,,,,,,,,,,,,48.400,-0.09410,-26,-122.04,48.400,-0.07433,-143,-92.08,48.400,-0.05192,-28,-59.69
,,,,,,,,,,,,,,,,,,,,,,,,,,,,,,,,,,,,48.600,-0.09453,-26,-123.35,48.600,-0.07461,-141,-91.06,48.600,-0.05211,-28,-61.05
,,,,,,,,,,,,,,,,,,,,,,,,,,,,,,,,,,,,48.800,-0.09493,-26,-121.51,48.800,-0.07492,-142,-92.14,48.800,-0.05233,-30,-62.63
,,,,,,,,,,,,,,,,,,,,,,,,,,,,,,,,,,,,49.000,-0.09533,-24,-118.91,49.000,-0.07525,-143,-92.43,49.000,-0.05254,-31,-60.58
,,,,,,,,,,,,,,,,,,,,,,,,,,,,,,,,,,,,49.200,-0.09573,-24,-117.48,49.200,-0.07555,-141,-90.14,49.200,-0.05273,-31,-57.41
,,,,,,,,,,,,,,,,,,,,,,,,,,,,,,,,,,,,49.400,-0.09611,-24,-115.80,49.400,-0.07584,-141,-90.23,49.400,-0.05291,-29,-56.61
,,,,,,,,,,,,,,,,,,,,,,,,,,,,,,,,,,,,49.600,-0.09651,-23,-111.96,49.600,-0.07613,-141,-93.14,49.600,-0.05311,-30,-58.39
,,,,,,,,,,,,,,,,,,,,,,,,,,,,,,,,,,,,49.800,-0.09687,-23,-109.10,49.800,-0.07647,-143,-92.55,49.800,-0.05330,-30,-58.48
,,,,,,,,,,,,,,,,,,,,,,,,,,,,,,,,,,,,50.000,-0.09721,-21,-108.49,50.000,-0.07678,-144,-89.91,50.000,-0.05351,-31,-58.26
,,,,,,,,,,,,,,,,,,,,,,,,,,,,,,,,,,,,50.200,-0.09759,-23,-110.83,50.200,-0.07704,-141,-89.75,50.200,-0.05367,-28,-58.45
,,,,,,,,,,,,,,,,,,,,,,,,,,,,,,,,,,,,50.400,-0.09796,-23,-112.77,50.400,-0.07736,-144,-98.28,50.400,-0.05390,-30,-58.17
,,,,,,,,,,,,,,,,,,,,,,,,,,,,,,,,,,,,50.600,-0.09834,-24,-113.31,50.600,-0.07769,-145,-103.37,50.600,-0.05409,-30,-56.07
,,,,,,,,,,,,,,,,,,,,,,,,,,,,,,,,,,,,50.800,-0.09871,-24,-116.33,50.800,-0.07810,-148,-98.56,50.800,-0.05427,-29,-53.09
,,,,,,,,,,,,,,,,,,,,,,,,,,,,,,,,,,,,51.000,-0.09910,-24,-119.69,51.000,-0.07836,-142,-91.05,51.000,-0.05443,-27,-54.45
,,,,,,,,,,,,,,,,,,,,,,,,,,,,,,,,,,,,51.200,-0.09952,-26,-119.95,51.200,-0.07865,-142,-90.40,51.200,-0.05462,-28,-56.07
,,,,,,,,,,,,,,,,,,,,,,,,,,,,,,,,,,,,51.400,-0.09992,-25,-116.44,51.400,-0.07896,-142,-99.62,51.400,-0.05482,-30,-56.92
,,,,,,,,,,,,,,,,,,,,,,,,,,,,,,,,,,,,51.600,-0.10029,-22,-114.75,51.600,-0.07931,-143,-108.19,51.600,-0.05499,-29,-54.67
,,,,,,,,,,,,,,,,,,,,,,,,,,,,,,,,,,,,51.800,-0.10066,-22,-117.67,51.800,-0.07969,-146,-111.75,51.800,-0.05519,-31,-53.56
,,,,,,,,,,,,,,,,,,,,,,,,,,,,,,,,,,,,52.000,-0.10108,-23,-119.28,52.000,-0.08008,-146,-108.91,52.000,-0.05534,-28,-54.83
,,,,,,,,,,,,,,,,,,,,,,,,,,,,,,,,,,,,52.200,-0.10148,-24,-115.61,52.200,-0.08043,-144,-100.85,52.200,-0.05554,-30,-57.05
,,,,,,,,,,,,,,,,,,,,,,,,,,,,,,,,,,,,52.400,-0.10185,-21,-111.00,52.400,-0.08076,-144,-89.24,52.400,-0.05574,-30,-58.04
,,,,,,,,,,,,,,,,,,,,,,,,,,,,,,,,,,,,52.600,-0.10220,-21,-111.79,52.600,-0.08103,-141,-80.47,52.600,-0.05594,-31,-55.00
,,,,,,,,,,,,,,,,,,,,,,,,,,,,,,,,,,,,52.800,-0.10258,-23,-116.35,52.800,-0.08126,-138,-77.12,52.800,-0.05611,-29,-53.25
,,,,,,,,,,,,,,,,,,,,,,,,,,,,,,,,,,,,53.000,-0.10299,-25,-119.31,53.000,-0.08154,-141,-79.01,53.000,-0.05627,-28,-52.87
,,,,,,,,,,,,,,,,,,,,,,,,,,,,,,,,,,,,53.200,-0.10339,-26,-119.32,53.200,-0.08180,-142,-82.72,53.200,-0.05647,-30,-53.05
,,,,,,,,,,,,,,,,,,,,,,,,,,,,,,,,,,,,53.400,-0.10378,-24,-119.51,53.400,-0.08207,-144,-85.04,53.400,-0.05664,-29,-50.90
,,,,,,,,,,,,,,,,,,,,,,,,,,,,,,,,,,,,53.600,-0.10418,-25,-121.28,53.600,-0.08238,-146,-89.64,53.600,-0.05681,-29,-49.06
,,,,,,,,,,,,,,,,,,,,,,,,,,,,,,,,,,,,53.800,-0.10459,-26,-122.14,53.800,-0.08266,-146,-95.39,53.800,-0.05695,-27,-51.65
,,,,,,,,,,,,,,,,,,,,,,,,,,,,,,,,,,,,54.000,-0.10501,-25,-119.51,54.000,-0.08301,-149,-103.05,54.000,-0.05713,-28,-55.08
,,,,,,,,,,,,,,,,,,,,,,,,,,,,,,,,,,,,54.200,-0.10539,-24,-115.58,54.200,-0.08335,-149,-114.83,54.200,-0.05734,-31,-58.56
,,,,,,,,,,,,,,,,,,,,,,,,,,,,,,,,,,,,54.400,-0.10576,-24,-112.33,54.400,-0.08374,-150,-127.95,54.400,-0.05752,-31,-57.37
,,,,,,,,,,,,,,,,,,,,,,,,,,,,,,,,,,,,54.600,-0.10614,-24,-112.87,54.600,-0.08422,-152,-139.00,54.600,-0.05774,-33,-52.78
,,,,,,,,,,,,,,,,,,,,,,,,,,,,,,,,,,,,54.800,-0.10650,-24,-115.88,54.800,-0.08470,-150,-141.04,54.800,-0.05788,-30,-49.48
,,,,,,,,,,,,,,,,,,,,,,,,,,,,,,,,,,,,55.000,-0.10691,-25,-118.58,55.000,-0.08517,-149,-129.72,55.000,-0.05803,-28,-50.64
,,,,,,,,,,,,,,,,,,,,,,,,,,,,,,,,,,,,55.200,-0.10731,-26,-120.40,55.200,-0.08561,-148,-112.17,55.200,-0.05821,-30,-54.54
,,,,,,,,,,,,,,,,,,,,,,,,,,,,,,,,,,,,55.400,-0.10771,-25,-119.89,55.400,-0.08591,-142,-99.90,55.400,-0.05842,-32,-53.94
,,,,,,,,,,,,,,,,,,,,,,,,,,,,,,,,,,,,55.600,-0.10812,-24,-117.67,55.600,-0.08621,-142,-97.34,55.600,-0.05859,-30,-52.10
,,,,,,,,,,,,,,,,,,,,,,,,,,,,,,,,,,,,55.800,-0.10850,-25,-114.62,55.800,-0.08657,-145,-98.73,55.800,-0.05874,-29,-50.80
,,,,,,,,,,,,,,,,,,,,,,,,,,,,,,,,,,,,56.000,-0.10887,-24,-113.28,56.000,-0.08689,-146,-97.68,56.000,-0.05894,-31,-51.21
,,,,,,,,,,,,,,,,,,,,,,,,,,,,,,,,,,,,56.200,-0.10925,-25,-112.49,56.200,-0.08720,-146,-98.86,56.200,-0.05909,-30,-53.17
,,,,,,,,,,,,,,,,,,,,,,,,,,,,,,,,,,,,56.400,-0.10964,-25,-111.22,56.400,-0.08753,-148,-103.46,56.400,-0.05926,-30,-54.35
,,,,,,,,,,,,,,,,,,,,,,,,,,,,,,,,,,,,56.600,-0.10998,-24,-111.51,56.600,-0.08790,-150,-103.82,56.600,-0.05948,-33,-56.25
,,,,,,,,,,,,,,,,,,,,,,,,,,,,,,,,,,,,56.800,-0.11036,-24,-116.61,56.800,-0.08826,-149,-99.42,56.800,-0.05963,-32,-55.88
,,,,,,,,,,,,,,,,,,,,,,,,,,,,,,,,,,,,57.000,-0.11076,-25,-122.07,57.000,-0.08855,-146,-94.88,57.000,-0.05984,-34,-56.19
,,,,,,,,,,,,,,,,,,,,,,,,,,,,,,,,,,,,57.200,-0.11119,-26,-121.92,57.200,-0.08887,-147,-95.22,57.200,-0.06002,-33,-56.23
,,,,,,,,,,,,,,,,,,,,,,,,,,,,,,,,,,,,57.400,-0.11159,-26,-118.49,57.400,-0.08919,-147,-98.99,57.400,-0.06022,-34,-54.04
,,,,,,,,,,,,,,,,,,,,,,,,,,,,,,,,,,,,57.600,-0.11197,-25,-114.24,57.600,-0.08953,-148,-101.02,57.600,-0.06038,-33,-52.42
,,,,,,,,,,,,,,,,,,,,,,,,,,,,,,,,,,,,57.800,-0.11235,-25,-112.62,57.800,-0.08988,-149,-100.64,57.800,-0.06056,-32,-49.79
,,,,,,,,,,,,,,,,,,,,,,,,,,,,,,,,,,,,58.000,-0.11271,-24,-114.20,58.000,-0.09020,-149,-99.82,58.000,-0.06073,-32,-48.84
,,,,,,,,,,,,,,,,,,,,,,,,,,,,,,,,,,,,58.200,-0.11310,-25,-117.56,58.200,-0.09052,-149,-101.43,58.200,-0.06087,-30,-48.58
,,,,,,,,,,,,,,,,,,,,,,,,,,,,,,,,,,,,58.400,-0.11351,-26,-121.15,58.400,-0.09088,-151,-102.13,58.400,-0.06105,-31,-49.62
,,,,,,,,,,,,,,,,,,,,,,,,,,,,,,,,,,,,58.600,-0.11391,-26,-120.81,58.600,-0.09123,-152,-103.06,58.600,-0.06121,-31,-51.24
,,,,,,,,,,,,,,,,,,,,,,,,,,,,,,,,,,,,58.800,-0.11432,-26,-118.59,58.800,-0.09154,-150,-103.15,58.800,-0.06138,-32,-51.05
,,,,,,,,,,,,,,,,,,,,,,,,,,,,,,,,,,,,59.000,-0.11470,-25,-116.21,59.000,-0.09192,-153,-103.69,59.000,-0.06156,-33,-51.50
,,,,,,,,,,,,,,,,,,,,,,,,,,,,,,,,,,,,59.200,-0.11509,-24,-114.84,59.200,-0.09225,-152,-104.44,59.200,-0.06171,-31,-49.28
,,,,,,,,,,,,,,,,,,,,,,,,,,,,,,,,,,,,59.400,-0.11547,-24,-116.77,59.400,-0.09259,-155,-103.62,59.400,-0.06190,-33,-46.33
,,,,,,,,,,,,,,,,,,,,,,,,,,,,,,,,,,,,59.600,-0.11585,-25,-117.60,59.600,-0.09296,-156,-103.02,59.600,-0.06202,-30,-46.99
,,,,,,,,,,,,,,,,,,,,,,,,,,,,,,,,,,,,59.800,-0.11627,-26,-116.08,59.800,-0.09329,-156,-100.01,59.800,-0.06218,-30,-49.05
,,,,,,,,,,,,,,,,,,,,,,,,,,,,,,,,,,,,60.000,-0.11664,-24,-113.98,60.000,-0.09361,-157,-97.56,60.000,-0.06238,-33,-51.18
,,,,,,,,,,,,,,,,,,,,,,,,,,,,,,,,,,,,60.200,-0.11700,-25,-114.33,60.200,-0.09394,-157,-96.86,60.200,-0.06253,-31,-50.01
,,,,,,,,,,,,,,,,,,,,,,,,,,,,,,,,,,,,60.400,-0.11740,-25,-116.11,60.400,-0.09426,-158,-96.20,60.400,-0.06270,-32,-48.86
,,,,,,,,,,,,,,,,,,,,,,,,,,,,,,,,,,,,60.600,-0.11779,-26,-116.74,60.600,-0.09458,-158,-94.89,60.600,-0.06286,-32,-52.51
,,,,,,,,,,,,,,,,,,,,,,,,,,,,,,,,,,,,60.800,-0.11817,-24,-117.47,60.800,-0.09489,-159,-95.81,60.800,-0.06302,-32,-58.18
,,,,,,,,,,,,,,,,,,,,,,,,,,,,,,,,,,,,61.000,-0.11857,-26,-120.20,61.000,-0.09520,-160,-98.66,61.000,-0.06325,-36,-60.98
,,,,,,,,,,,,,,,,,,,,,,,,,,,,,,,,,,,,61.200,-0.11897,-26,-123.35,61.200,-0.09556,-164,-99.33,61.200,-0.06347,-36,-58.64
,,,,,,,,,,,,,,,,,,,,,,,,,,,,,,,,,,,,61.400,-0.11939,-26,-122.56,61.400,-0.09589,-164,-98.83,61.400,-0.06363,-34,-57.63
,,,,,,,,,,,,,,,,,,,,,,,,,,,,,,,,,,,,61.600,-0.11981,-26,-117.81,61.600,-0.09619,-164,-97.87,61.600,-0.06381,-33,-60.42
,,,,,,,,,,,,,,,,,,,,,,,,,,,,,,,,,,,,61.800,-0.12018,-23,-112.03,61.800,-0.09654,-167,-99.36,61.800,-0.06406,-37,-63.34
,,,,,,,,,,,,,,,,,,,,,,,,,,,,,,,,,,,,62.000,-0.12054,-22,-111.13,62.000,-0.09686,-168,-101.84,62.000,-0.06425,-35,-63.12
,,,,,,,,,,,,,,,,,,,,,,,,,,,,,,,,,,,,62.200,-0.12091,-22,-117.05,62.200,-0.09721,-169,-99.34,62.200,-0.06446,-35,-63.98
,,,,,,,,,,,,,,,,,,,,,,,,,,,,,,,,,,,,62.400,-0.12131,-24,-123.56,62.400,-0.09756,-171,-96.20,62.400,-0.06467,-35,-65.72
,,,,,,,,,,,,,,,,,,,,,,,,,,,,,,,,,,,,62.600,-0.12175,-25,-123.89,62.600,-0.09783,-169,-93.37,62.600,-0.06492,-36,-65.03
,,,,,,,,,,,,,,,,,,,,,,,,,,,,,,,,,,,,62.800,-0.12216,-24,-118.15,62.800,-0.09816,-172,-95.02,62.800,-0.06511,-34,-62.05
,,,,,,,,,,,,,,,,,,,,,,,,,,,,,,,,,,,,63.000,-0.12253,-22,-110.72,63.000,-0.09847,-173,-97.74,63.000,-0.06533,-33,-59.80
,,,,,,,,,,,,,,,,,,,,,,,,,,,,,,,,,,,,63.200,-0.12290,-22,-105.16,63.200,-0.09882,-174,-98.73,63.200,-0.06551,-31,-58.02
,,,,,,,,,,,,,,,,,,,,,,,,,,,,,,,,,,,,63.400,-0.12323,-21,-106.58,63.400,-0.09913,-175,-100.54,63.400,-0.06572,-32,-54.14
,,,,,,,,,,,,,,,,,,,,,,,,,,,,,,,,,,,,63.600,-0.12356,-20,-113.56,63.600,-0.09948,-178,-100.57,63.600,-0.06588,-30,-50.56
,,,,,,,,,,,,,,,,,,,,,,,,,,,,,,,,,,,,63.800,-0.12400,-25,-120.82,63.800,-0.09982,-178,-101.33,63.800,-0.06604,-29,-45.99
,,,,,,,,,,,,,,,,,,,,,,,,,,,,,,,,,,,,64.000,-0.12441,-26,-120.96,64.000,-0.10014,-179,-101.17,64.000,-0.06620,-29,-47.91
,,,,,,,,,,,,,,,,,,,,,,,,,,,,,,,,,,,,64.200,-0.12481,-25,-116.37,64.200,-0.10050,-182,-101.08,64.200,-0.06632,-26,-54.15
,,,,,,,,,,,,,,,,,,,,,,,,,,,,,,,,,,,,64.400,-0.12517,-23,-114.75,64.400,-0.10083,-182,-98.77,64.400,-0.06656,-31,-60.43
,,,,,,,,,,,,,,,,,,,,,,,,,,,,,,,,,,,,64.600,-0.12556,-23,-116.27,64.600,-0.10115,-182,-94.62,64.600,-0.06676,-33,-60.41
,,,,,,,,,,,,,,,,,,,,,,,,,,,,,,,,,,,,64.800,-0.12595,-24,-119.15,64.800,-0.10146,-182,-91.00,64.800,-0.06696,-33,-53.16
,,,,,,,,,,,,,,,,,,,,,,,,,,,,,,,,,,,,65.000,-0.12635,-24,-119.41,65.000,-0.10176,-181,-90.91,65.000,-0.06712,-32,-48.15
,,,,,,,,,,,,,,,,,,,,,,,,,,,,,,,,,,,,65.200,-0.12676,-24,-117.99,65.200,-0.10204,-179,-93.69,65.200,-0.06726,-30,-45.35
,,,,,,,,,,,,,,,,,,,,,,,,,,,,,,,,,,,,65.400,-0.12714,-24,-117.06,65.400,-0.10239,-182,-94.74,65.400,-0.06743,-30,-45.18
,,,,,,,,,,,,,,,,,,,,,,,,,,,,,,,,,,,,65.600,-0.12753,-23,-119.98,65.600,-0.10270,-181,-92.37,65.600,-0.06756,-29,-46.67
,,,,,,,,,,,,,,,,,,,,,,,,,,,,,,,,,,,,65.800,-0.12793,-24,-124.29,65.800,-0.10299,-178,-91.49,65.800,-0.06772,-30,-47.71
,,,,,,,,,,,,,,,,,,,,,,,,,,,,,,,,,,,,66.000,-0.12837,-26,-125.44,66.000,-0.10329,-176,-97.07,66.000,-0.06790,-32,-50.79
,,,,,,,,,,,,,,,,,,,,,,,,,,,,,,,,,,,,66.200,-0.12878,-25,-122.15,66.200,-0.10363,-177,-102.65,66.200,-0.06804,-31,-54.28
,,,,,,,,,,,,,,,,,,,,,,,,,,,,,,,,,,,,66.400,-0.12918,-25,-119.71,66.400,-0.10400,-177,-101.21,66.400,-0.06826,-34,-60.44
,,,,,,,,,,,,,,,,,,,,,,,,,,,,,,,,,,,,66.600,-0.12956,-22,-119.99,66.600,-0.10433,-174,-96.71,66.600,-0.06845,-34,-64.22
,,,,,,,,,,,,,,,,,,,,,,,,,,,,,,,,,,,,66.800,-0.12999,-25,-121.60,66.800,-0.10461,-169,-91.69,66.800,-0.06870,-37,-63.28
,,,,,,,,,,,,,,,,,,,,,,,,,,,,,,,,,,,,67.000,-0.13038,-23,-118.78,67.000,-0.10495,-170,-85.15,67.000,-0.06888,-35,-61.19
,,,,,,,,,,,,,,,,,,,,,,,,,,,,,,,,,,,,67.200,-0.13080,-24,-111.45,67.200,-0.10521,-167,-81.81,67.200,-0.06909,-34,-58.97
,,,,,,,,,,,,,,,,,,,,,,,,,,,,,,,,,,,,67.400,-0.13112,-22,-107.42,67.400,-0.10544,-162,-84.97,67.400,-0.06929,-34,-57.67
,,,,,,,,,,,,,,,,,,,,,,,,,,,,,,,,,,,,67.600,-0.13147,-21,-106.50,67.600,-0.10577,-166,-95.94,67.600,-0.06948,-33,-53.26
,,,,,,,,,,,,,,,,,,,,,,,,,,,,,,,,,,,,67.800,-0.13185,-22,-105.35,67.800,-0.10610,-168,-101.08,67.800,-0.06965,-32,-51.67
,,,,,,,,,,,,,,,,,,,,,,,,,,,,,,,,,,,,68.000,-0.13220,-21,-97.20,68.000,-0.10647,-168,-95.30,68.000,-0.06979,-30,-53.12
,,,,,,,,,,,,,,,,,,,,,,,,,,,,,,,,,,,,68.200,-0.13250,-19,-91.64,68.200,-0.10676,-164,-88.86,68.200,-0.07000,-33,-55.75
,,,,,,,,,,,,,,,,,,,,,,,,,,,,,,,,,,,,68.400,-0.13276,-17,-97.47,68.400,-0.10701,-161,-85.43,68.400,-0.07018,-32,-55.65
,,,,,,,,,,,,,,,,,,,,,,,,,,,,,,,,,,,,68.600,-0.13312,-20,-107.96,68.600,-0.10733,-162,-86.62,68.600,-0.07037,-33,-52.90
,,,,,,,,,,,,,,,,,,,,,,,,,,,,,,,,,,,,68.800,-0.13353,-24,-114.09,68.800,-0.10761,-160,-89.63,68.800,-0.07054,-32,-51.76
,,,,,,,,,,,,,,,,,,,,,,,,,,,,,,,,,,,,69.000,-0.13390,-25,-112.83,69.000,-0.10790,-160,-93.95,69.000,-0.07071,-31,-51.66
,,,,,,,,,,,,,,,,,,,,,,,,,,,,,,,,,,,,69.200,-0.13427,-24,-110.43,69.200,-0.10824,-162,-98.65,69.200,-0.07088,-31,-55.15
,,,,,,,,,,,,,,,,,,,,,,,,,,,,,,,,,,,,69.400,-0.13464,-23,-109.07,69.400,-0.10858,-161,-98.81,69.400,-0.07106,-31,-57.62
,,,,,,,,,,,,,,,,,,,,,,,,,,,,,,,,,,,,69.600,-0.13500,-23,-111.73,69.600,-0.10890,-159,-96.15,69.600,-0.07129,-34,-58.70
,,,,,,,,,,,,,,,,,,,,,,,,,,,,,,,,,,,,69.800,-0.13535,-21,-116.27,69.800,-0.10921,-158,-96.02,69.800,-0.07145,-32,-57.28
,,,,,,,,,,,,,,,,,,,,,,,,,,,,,,,,,,,,70.000,-0.13579,-24,-118.04,70.000,-0.10952,-157,-93.93,70.000,-0.07166,-33,-56.39
,,,,,,,,,,,,,,,,,,,,,,,,,,,,,,,,,,,,70.200,-0.13617,-23,-115.13,70.200,-0.10987,-158,-87.39,70.200,-0.07183,-32,-56.58
,,,,,,,,,,,,,,,,,,,,,,,,,,,,,,,,,,,,70.400,-0.13654,-22,-111.13,70.400,-0.11012,-154,-84.50,70.400,-0.07204,-32,-54.68
,,,,,,,,,,,,,,,,,,,,,,,,,,,,,,,,,,,,70.600,-0.13690,-22,-110.55,70.600,-0.11037,-152,-88.68,70.600,-0.07221,-32,-53.88
,,,,,,,,,,,,,,,,,,,,,,,,,,,,,,,,,,,,70.800,-0.13728,-23,-111.47,70.800,-0.11072,-156,-96.06,70.800,-0.07238,-30,-53.66
,,,,,,,,,,,,,,,,,,,,,,,,,,,,,,,,,,,,71.000,-0.13764,-22,-115.66,71.000,-0.11104,-157,-97.50,71.000,-0.07257,-32,-56.29
,,,,,,,,,,,,,,,,,,,,,,,,,,,,,,,,,,,,71.200,-0.13803,-23,-120.58,71.200,-0.11136,-156,-90.88,71.200,-0.07275,-31,-55.81
,,,,,,,,,,,,,,,,,,,,,,,,,,,,,,,,,,,,71.400,-0.13846,-26,-120.39,71.400,-0.11167,-154,-83.43,71.400,-0.07296,-33,-53.60
,,,,,,,,,,,,,,,,,,,,,,,,,,,,,,,,,,,,71.600,-0.13887,-24,-115.96,71.600,-0.11191,-151,-81.13,71.600,-0.07310,-30,-52.71
,,,,,,,,,,,,,,,,,,,,,,,,,,,,,,,,,,,,71.800,-0.13921,-22,-113.10,71.800,-0.11217,-149,-82.39,71.800,-0.07329,-30,-54.29
,,,,,,,,,,,,,,,,,,,,,,,,,,,,,,,,,,,,72.000,-0.13960,-23,-113.57,72.000,-0.11249,-154,-84.89,72.000,-0.07348,-31,-57.14
,,,,,,,,,,,,,,,,,,,,,,,,,,,,,,,,,,,,72.200,-0.13999,-22,-110.27,72.200,-0.11274,-151,-85.21,72.200,-0.07367,-31,-54.96
,,,,,,,,,,,,,,,,,,,,,,,,,,,,,,,,,,,,72.400,-0.14036,-22,-105.64,72.400,-0.11304,-153,-86.61,72.400,-0.07386,-31,-53.82
,,,,,,,,,,,,,,,,,,,,,,,,,,,,,,,,,,,,72.600,-0.14066,-20,-106.36,72.600,-0.11333,-153,-90.99,72.600,-0.07400,-28,-55.06
,,,,,,,,,,,,,,,,,,,,,,,,,,,,,,,,,,,,72.800,-0.14104,-22,-112.70,72.800,-0.11363,-154,-92.87,72.800,-0.07422,-30,-59.58
,,,,,,,,,,,,,,,,,,,,,,,,,,,,,,,,,,,,73.000,-0.14143,-24,-119.36,73.000,-0.11396,-155,-93.76,73.000,-0.07442,-31,-60.92
,,,,,,,,,,,,,,,,,,,,,,,,,,,,,,,,,,,,73.200,-0.14184,-26,-119.92,73.200,-0.11426,-154,-93.98,73.200,-0.07464,-34,-57.85
,,,,,,,,,,,,,,,,,,,,,,,,,,,,,,,,,,,,73.400,-0.14225,-25,-117.13,73.400,-0.11458,-154,-94.62,73.400,-0.07480,-30,-56.21
,,,,,,,,,,,,,,,,,,,,,,,,,,,,,,,,,,,,73.600,-0.14263,-24,-112.66,73.600,-0.11490,-153,-94.52,73.600,-0.07499,-30,-57.15
,,,,,,,,,,,,,,,,,,,,,,,,,,,,,,,,,,,,73.800,-0.14299,-22,-110.09,73.800,-0.11522,-153,-92.78,73.800,-0.07519,-31,-60.41
,,,,,,,,,,,,,,,,,,,,,,,,,,,,,,,,,,,,74.000,-0.14335,-21,-109.70,74.000,-0.11551,-152,-93.60,74.000,-0.07540,-32,-60.92
,,,,,,,,,,,,,,,,,,,,,,,,,,,,,,,,,,,,74.200,-0.14373,-22,-110.74,74.200,-0.11582,-151,-97.47,74.200,-0.07561,-32,-61.53
,,,,,,,,,,,,,,,,,,,,,,,,,,,,,,,,,,,,74.400,-0.14408,-22,-112.55,74.400,-0.11617,-153,-99.47,74.400,-0.07580,-31,-63.69
,,,,,,,,,,,,,,,,,,,,,,,,,,,,,,,,,,,,74.600,-0.14447,-23,-114.42,74.600,-0.11651,-153,-96.40,74.600,-0.07602,-32,-64.52
,,,,,,,,,,,,,,,,,,,,,,,,,,,,,,,,,,,,74.800,-0.14486,-23,-116.36,74.800,-0.11681,-151,-90.22,74.800,-0.07626,-32,-61.22
,,,,,,,,,,,,,,,,,,,,,,,,,,,,,,,,,,,,75.000,-0.14524,-24,-115.26,75.000,-0.11710,-150,-84.73,75.000,-0.07644,-31,-57.73
,,,,,,,,,,,,,,,,,,,,,,,,,,,,,,,,,,,,75.200,-0.14564,-23,-112.09,75.200,-0.11738,-148,-83.57,75.200,-0.07661,-29,-58.36
,,,,,,,,,,,,,,,,,,,,,,,,,,,,,,,,,,,,75.400,-0.14599,-22,-108.81,75.400,-0.11763,-147,-86.48,75.400,-0.07683,-31,-61.27
,,,,,,,,,,,,,,,,,,,,,,,,,,,,,,,,,,,,75.600,-0.14635,-21,-107.66,75.600,-0.11795,-150,-91.94,75.600,-0.07703,-30,-59.31
,,,,,,,,,,,,,,,,,,,,,,,,,,,,,,,,,,,,75.800,-0.14671,-23,-107.31,75.800,-0.11826,-150,-94.48,75.800,-0.07724,-31,-55.32
,,,,,,,,,,,,,,,,,,,,,,,,,,,,,,,,,,,,76.000,-0.14707,-23,-106.20,76.000,-0.11859,-151,-93.44,76.000,-0.07738,-28,-51.63
,,,,,,,,,,,,,,,,,,,,,,,,,,,,,,,,,,,,76.200,-0.14741,-22,-107.06,76.200,-0.11888,-149,-92.59,76.200,-0.07758,-29,-50.42
,,,,,,,,,,,,,,,,,,,,,,,,,,,,,,,,,,,,76.400,-0.14777,-23,-109.28,76.400,-0.11920,-149,-89.57,76.400,-0.07772,-28,-52.42
,,,,,,,,,,,,,,,,,,,,,,,,,,,,,,,,,,,,76.600,-0.14815,-23,-109.76,76.600,-0.11951,-149,-87.92,76.600,-0.07791,-29,-54.70
,,,,,,,,,,,,,,,,,,,,,,,,,,,,,,,,,,,,76.800,-0.14852,-23,-107.54,76.800,-0.11976,-147,-90.45,76.800,-0.07811,-31,-57.39
,,,,,,,,,,,,,,,,,,,,,,,,,,,,,,,,,,,,77.000,-0.14886,-22,-106.84,77.000,-0.12008,-149,-93.78,77.000,-0.07829,-31,-56.61
,,,,,,,,,,,,,,,,,,,,,,,,,,,,,,,,,,,,77.200,-0.14922,-21,-108.52,77.200,-0.12043,-151,-91.76,77.200,-0.07849,-32,-57.91
,,,,,,,,,,,,,,,,,,,,,,,,,,,,,,,,,,,,77.400,-0.14959,-22,-110.93,77.400,-0.12071,-149,-87.73,77.400,-0.07866,-31,-59.27
,,,,,,,,,,,,,,,,,,,,,,,,,,,,,,,,,,,,77.600,-0.14996,-22,-113.25,77.600,-0.12096,-147,-90.52,77.600,-0.07889,-33,-58.99
,,,,,,,,,,,,,,,,,,,,,,,,,,,,,,,,,,,,77.800,-0.15034,-22,-114.24,77.800,-0.12130,-149,-94.67,77.800,-0.07907,-31,-56.11
,,,,,,,,,,,,,,,,,,,,,,,,,,,,,,,,,,,,78.000,-0.15073,-22,-113.13,78.000,-0.12165,-150,-91.51,78.000,-0.07926,-32,-52.46
,,,,,,,,,,,,,,,,,,,,,,,,,,,,,,,,,,,,78.200,-0.15110,-21,-110.62,78.200,-0.12192,-148,-87.16,78.200,-0.07942,-30,-52.42
,,,,,,,,,,,,,,,,,,,,,,,,,,,,,,,,,,,,78.400,-0.15146,-21,-109.92,78.400,-0.12218,-146,-89.32,78.400,-0.07959,-30,-51.63
,,,,,,,,,,,,,,,,,,,,,,,,,,,,,,,,,,,,78.600,-0.15183,-21,-111.63,78.600,-0.12252,-147,-95.09,78.600,-0.07978,-31,-52.04
,,,,,,,,,,,,,,,,,,,,,,,,,,,,,,,,,,,,78.800,-0.15221,-22,-114.39,78.800,-0.12284,-149,-96.96,78.800,-0.07993,-30,-50.96
,,,,,,,,,,,,,,,,,,,,,,,,,,,,,,,,,,,,79.000,-0.15259,-23,-115.38,79.000,-0.12316,-148,-96.21,79.000,-0.08012,-32,-50.29
,,,,,,,,,,,,,,,,,,,,,,,,,,,,,,,,,,,,79.200,-0.15299,-23,-114.40,79.200,-0.12347,-147,-96.37,79.200,-0.08027,-31,-51.71
,,,,,,,,,,,,,,,,,,,,,,,,,,,,,,,,,,,,79.400,-0.15336,-22,-114.30,79.400,-0.12380,-147,-96.59,79.400,-0.08044,-32,-52.92
,,,,,,,,,,,,,,,,,,,,,,,,,,,,,,,,,,,,79.600,-0.15373,-22,-116.07,79.600,-0.12412,-147,-96.14,79.600,-0.08064,-33,-55.78
,,,,,,,,,,,,,,,,,,,,,,,,,,,,,,,,,,,,79.800,-0.15413,-24,-117.03,79.800,-0.12445,-147,-96.27,79.800,-0.08081,-32,-55.59
,,,,,,,,,,,,,,,,,,,,,,,,,,,,,,,,,,,,80.000,-0.15453,-24,-115.45,80.000,-0.12476,-147,-97.57,80.000,-0.08102,-35,-54.96
,,,,,,,,,,,,,,,,,,,,,,,,,,,,,,,,,,,,80.200,-0.15489,-22,-113.35,80.200,-0.12509,-147,-97.12,80.200,-0.08118,-32,-53.98
,,,,,,,,,,,,,,,,,,,,,,,,,,,,,,,,,,,,80.400,-0.15528,-22,-112.87,80.400,-0.12542,-147,-95.28,80.400,-0.08137,-33,-51.73
,,,,,,,,,,,,,,,,,,,,,,,,,,,,,,,,,,,,80.600,-0.15565,-23,-112.62,80.600,-0.12572,-146,-95.03,80.600,-0.08154,-32,-50.80
,,,,,,,,,,,,,,,,,,,,,,,,,,,,,,,,,,,,80.800,-0.15603,-22,-111.76,80.800,-0.12604,-146,-96.68,80.800,-0.08170,-32,-49.15
,,,,,,,,,,,,,,,,,,,,,,,,,,,,,,,,,,,,81.000,-0.15640,-23,-114.55,81.000,-0.12638,-148,-98.39,81.000,-0.08187,-33,-53.43
,,,,,,,,,,,,,,,,,,,,,,,,,,,,,,,,,,,,81.200,-0.15677,-23,-118.45,81.200,-0.12669,-146,-96.46,81.200,-0.08202,-32,-57.96
,,,,,,,,,,,,,,,,,,,,,,,,,,,,,,,,,,,,81.400,-0.15720,-25,-122.30,81.400,-0.12703,-147,-96.02,81.400,-0.08228,-36,-60.00
,,,,,,,,,,,,,,,,,,,,,,,,,,,,,,,,,,,,81.600,-0.15759,-24,-122.97,81.600,-0.12732,-145,-98.64,81.600,-0.08245,-35,-58.48
,,,,,,,,,,,,,,,,,,,,,,,,,,,,,,,,,,,,81.800,-0.15802,-24,-121.86,81.800,-0.12768,-147,-99.60,81.800,-0.08265,-35,-57.50
,,,,,,,,,,,,,,,,,,,,,,,,,,,,,,,,,,,,82.000,-0.15841,-23,-119.70,82.000,-0.12802,-148,-98.33,82.000,-0.08282,-35,-58.77
,,,,,,,,,,,,,,,,,,,,,,,,,,,,,,,,,,,,82.200,-0.15882,-23,-114.59,82.200,-0.12832,-145,-95.41,82.200,-0.08305,-37,-56.14
,,,,,,,,,,,,,,,,,,,,,,,,,,,,,,,,,,,,82.400,-0.15919,-22,-112.62,82.400,-0.12864,-146,-97.25,82.400,-0.08322,-35,-54.46
,,,,,,,,,,,,,,,,,,,,,,,,,,,,,,,,,,,,82.600,-0.15953,-21,-113.21,82.600,-0.12896,-146,-99.41,82.600,-0.08338,-33,-55.06
,,,,,,,,,,,,,,,,,,,,,,,,,,,,,,,,,,,,82.800,-0.15994,-24,-116.42,82.800,-0.12932,-147,-97.00,82.800,-0.08359,-35,-60.32
,,,,,,,,,,,,,,,,,,,,,,,,,,,,,,,,,,,,83.000,-0.16033,-24,-116.62,83.000,-0.12963,-146,-94.14,83.000,-0.08378,-34,-62.89
,,,,,,,,,,,,,,,,,,,,,,,,,,,,,,,,,,,,83.200,-0.16072,-24,-116.34,83.200,-0.12991,-144,-94.93,83.200,-0.08402,-37,-62.39
,,,,,,,,,,,,,,,,,,,,,,,,,,,,,,,,,,,,83.400,-0.16109,-22,-118.81,83.400,-0.13025,-146,-96.14,83.400,-0.08421,-35,-60.46
,,,,,,,,,,,,,,,,,,,,,,,,,,,,,,,,,,,,83.600,-0.16151,-24,-121.63,83.600,-0.13060,-147,-91.26,83.600,-0.08441,-35,-61.47
,,,,,,,,,,,,,,,,,,,,,,,,,,,,,,,,,,,,83.800,-0.16192,-24,-119.57,83.800,-0.13087,-144,-87.92,83.800,-0.08460,-33,-64.10
,,,,,,,,,,,,,,,,,,,,,,,,,,,,,,,,,,,,84.000,-0.16233,-24,-112.43,84.000,-0.13112,-142,-92.29,84.000,-0.08486,-37,-64.20
,,,,,,,,,,,,,,,,,,,,,,,,,,,,,,,,,,,,84.200,-0.16266,-22,-106.62,84.200,-0.13149,-146,-95.75,84.200,-0.08504,-35,-62.33
,,,,,,,,,,,,,,,,,,,,,,,,,,,,,,,,,,,,84.400,-0.16301,-22,-107.76,84.400,-0.13183,-147,-93.12,84.400,-0.08525,-35,-62.23
,,,,,,,,,,,,,,,,,,,,,,,,,,,,,,,,,,,,84.600,-0.16336,-22,-115.69,84.600,-0.13208,-144,-88.43,84.600,-0.08545,-34,-63.02
,,,,,,,,,,,,,,,,,,,,,,,,,,,,,,,,,,,,84.800,-0.16378,-24,-120.00,84.800,-0.13239,-144,-84.72,84.800,-0.08569,-37,-61.03
,,,,,,,,,,,,,,,,,,,,,,,,,,,,,,,,,,,,85.000,-0.16421,-26,-116.20,85.000,-0.13269,-144,-83.67,85.000,-0.08586,-34,-56.94
,,,,,,,,,,,,,,,,,,,,,,,,,,,,,,,,,,,,85.200,-0.16457,-24,-102.70,85.200,-0.13291,-141,-83.73,85.200,-0.08606,-34,-54.91
,,,,,,,,,,,,,,,,,,,,,,,,,,,,,,,,,,,,85.400,-0.16490,-22,-93.08,85.400,-0.13323,-144,-86.80,85.400,-0.08622,-32,-55.31
,,,,,,,,,,,,,,,,,,,,,,,,,,,,,,,,,,,,85.600,-0.16514,-19,-95.56,85.600,-0.13352,-144,-88.89,85.600,-0.08643,-33,-52.74
,,,,,,,,,,,,,,,,,,,,,,,,,,,,,,,,,,,,85.800,-0.16549,-22,-103.58,85.800,-0.13382,-144,-88.99,85.800,-0.08660,-33,-50.46
,,,,,,,,,,,,,,,,,,,,,,,,,,,,,,,,,,,,86.000,-0.16589,-26,-108.25,86.000,-0.13411,-144,-93.37,86.000,-0.08674,-30,-47.38
,,,,,,,,,,,,,,,,,,,,,,,,,,,,,,,,,,,,86.200,-0.16623,-25,-105.50,86.200,-0.13443,-145,-96.39,86.200,-0.08692,-31,-48.10
,,,,,,,,,,,,,,,,,,,,,,,,,,,,,,,,,,,,86.400,-0.16657,-25,-105.86,86.400,-0.13478,-146,-95.28,86.400,-0.08705,-30,-51.40
,,,,,,,,,,,,,,,,,,,,,,,,,,,,,,,,,,,,86.600,-0.16692,-24,-109.98,86.600,-0.13508,-145,-91.44,86.600,-0.08724,-31,-53.30
,,,,,,,,,,,,,,,,,,,,,,,,,,,,,,,,,,,,86.800,-0.16732,-26,-114.39,86.800,-0.13537,-144,-87.07,86.800,-0.08744,-33,-54.73
,,,,,,,,,,,,,,,,,,,,,,,,,,,,,,,,,,,,87.000,-0.16769,-25,-115.44,87.000,-0.13567,-145,-88.65,87.000,-0.08760,-32,-53.97
,,,,,,,,,,,,,,,,,,,,,,,,,,,,,,,,,,,,87.200,-0.16809,-26,-111.23,87.200,-0.13593,-143,-93.94,87.200,-0.08780,-34,-55.43
,,,,,,,,,,,,,,,,,,,,,,,,,,,,,,,,,,,,87.400,-0.16845,-24,-103.45,87.400,-0.13629,-146,-97.53,87.400,-0.08797,-33,-55.43
,,,,,,,,,,,,,,,,,,,,,,,,,,,,,,,,,,,,87.600,-0.16878,-23,-95.96,87.600,-0.13662,-147,-98.33,87.600,-0.08818,-35,-52.01
,,,,,,,,,,,,,,,,,,,,,,,,,,,,,,,,,,,,87.800,-0.16907,-22,-95.19,87.800,-0.13692,-145,-97.19,87.800,-0.08832,-33,-51.57
,,,,,,,,,,,,,,,,,,,,,,,,,,,,,,,,,,,,88.000,-0.16939,-22,-100.25,88.000,-0.13726,-145,-100.68,88.000,-0.08848,-32,-54.80
,,,,,,,,,,,,,,,,,,,,,,,,,,,,,,,,,,,,88.200,-0.16974,-25,-108.19,88.200,-0.13759,-145,-102.74,88.200,-0.08870,-34,-59.93
,,,,,,,,,,,,,,,,,,,,,,,,,,,,,,,,,,,,88.400,-0.17011,-26,-113.78,88.400,-0.13796,-146,-99.57,88.400,-0.08890,-35,-60.04
,,,,,,,,,,,,,,,,,,,,,,,,,,,,,,,,,,,,88.600,-0.17051,-27,-114.17,88.600,-0.13827,-146,-95.13,88.600,-0.08910,-35,-57.47
,,,,,,,,,,,,,,,,,,,,,,,,,,,,,,,,,,,,88.800,-0.17089,-27,-111.51,88.800,-0.13857,-144,-92.58,88.800,-0.08928,-33,-55.69
,,,,,,,,,,,,,,,,,,,,,,,,,,,,,,,,,,,,89.000,-0.17124,-24,-107.86,89.000,-0.13889,-145,-91.79,89.000,-0.08947,-34,-55.91
,,,,,,,,,,,,,,,,,,,,,,,,,,,,,,,,,,,,89.200,-0.17161,-26,-107.35,89.200,-0.13920,-146,-84.84,89.200,-0.08965,-33,-55.72
,,,,,,,,,,,,,,,,,,,,,,,,,,,,,,,,,,,,89.400,-0.17195,-24,-108.32,89.400,-0.13948,-144,-79.13,89.400,-0.08985,-33,-53.09
,,,,,,,,,,,,,,,,,,,,,,,,,,,,,,,,,,,,89.600,-0.17233,-26,-108.26,89.600,-0.13968,-141,-83.24,89.600,-0.09001,-32,-53.02
,,,,,,,,,,,,,,,,,,,,,,,,,,,,,,,,,,,,89.800,-0.17269,-27,-106.90,89.800,-0.14000,-145,-92.75,89.800,-0.09017,-32,-56.51
,,,,,,,,,,,,,,,,,,,,,,,,,,,,,,,,,,,,90.000,-0.17304,-26,-103.41,90.000,-0.14035,-148,-95.58,90.000,-0.09039,-35,-60.88
,,,,,,,,,,,,,,,,,,,,,,,,,,,,,,,,,,,,90.200,-0.17338,-26,-104.65,90.200,-0.14066,-148,-89.35,90.200,-0.09060,-36,-59.59
,,,,,,,,,,,,,,,,,,,,,,,,,,,,,,,,,,,,90.400,-0.17371,-25,-107.88,90.400,-0.14092,-146,-85.22,90.400,-0.09080,-36,-56.30
,,,,,,,,,,,,,,,,,,,,,,,,,,,,,,,,,,,,90.600,-0.17411,-28,-111.31,90.600,-0.14121,-146,-83.54,90.600,-0.09095,-33,-55.76
,,,,,,,,,,,,,,,,,,,,,,,,,,,,,,,,,,,,90.800,-0.17446,-27,-111.41,90.800,-0.14150,-147,-84.45,90.800,-0.09116,-36,-60.45
,,,,,,,,,,,,,,,,,,,,,,,,,,,,,,,,,,,,91.000,-0.17485,-28,-109.13,91.000,-0.14175,-145,-89.15,91.000,-0.09135,-34,-64.57
,,,,,,,,,,,,,,,,,,,,,,,,,,,,,,,,,,,,91.200,-0.17520,-26,-110.18,91.200,-0.14208,-147,-95.53,91.200,-0.09161,-38,-64.13
,,,,,,,,,,,,,,,,,,,,,,,,,,,,,,,,,,,,91.400,-0.17556,-26,-114.30,91.400,-0.14242,-149,-98.13,91.400,-0.09180,-36,-60.08
,,,,,,,,,,,,,,,,,,,,,,,,,,,,,,,,,,,,91.600,-0.17596,-27,-121.34,91.600,-0.14274,-148,-95.50,91.600,-0.09200,-35,-57.79
,,,,,,,,,,,,,,,,,,,,,,,,,,,,,,,,,,,,91.800,-0.17638,-28,-125.16,91.800,-0.14305,-148,-95.98,91.800,-0.09217,-33,-59.60
,,,,,,,,,,,,,,,,,,,,,,,,,,,,,,,,,,,,92.000,-0.17681,-28,-125.64,92.000,-0.14336,-149,-99.60,92.000,-0.09240,-35,-60.58
,,,,,,,,,,,,,,,,,,,,,,,,,,,,,,,,,,,,92.200,-0.17721,-26,-122.21,92.200,-0.14372,-149,-102.17,92.200,-0.09259,-35,-59.85
,,,,,,,,,,,,,,,,,,,,,,,,,,,,,,,,,,,,92.400,-0.17764,-27,-115.36,92.400,-0.14406,-149,-102.72,92.400,-0.09278,-34,-57.76
,,,,,,,,,,,,,,,,,,,,,,,,,,,,,,,,,,,,92.600,-0.17799,-24,-110.12,92.600,-0.14439,-148,-100.50,92.600,-0.09298,-34,-57.56
,,,,,,,,,,,,,,,,,,,,,,,,,,,,,,,,,,,,92.800,-0.17833,-22,-109.51,92.800,-0.14474,-148,-95.64,92.800,-0.09317,-34,-58.86
,,,,,,,,,,,,,,,,,,,,,,,,,,,,,,,,,,,,93.000,-0.17872,-24,-114.98,93.000,-0.14505,-146,-86.38,93.000,-0.09336,-34,-62.16
,,,,,,,,,,,,,,,,,,,,,,,,,,,,,,,,,,,,93.200,-0.17910,-26,-119.93,93.200,-0.14532,-144,-81.23,93.200,-0.09358,-35,-65.02
,,,,,,,,,,,,,,,,,,,,,,,,,,,,,,,,,,,,93.400,-0.17952,-28,-122.42,93.400,-0.14555,-142,-85.69,93.400,-0.09381,-36,-65.28
,,,,,,,,,,,,,,,,,,,,,,,,,,,,,,,,,,,,93.600,-0.17993,-28,-120.72,93.600,-0.14587,-146,-91.61,93.600,-0.09402,-35,-62.36
,,,,,,,,,,,,,,,,,,,,,,,,,,,,,,,,,,,,93.800,-0.18034,-27,-112.54,93.800,-0.14621,-148,-93.20,93.800,-0.09423,-34,-58.33
,,,,,,,,,,,,,,,,,,,,,,,,,,,,,,,,,,,,94.000,-0.18070,-25,-104.28,94.000,-0.14649,-148,-92.55,94.000,-0.09441,-33,-54.27
,,,,,,,,,,,,,,,,,,,,,,,,,,,,,,,,,,,,94.200,-0.18100,-22,-101.89,94.200,-0.14679,-148,-96.14,94.200,-0.09458,-32,-53.92
,,,,,,,,,,,,,,,,,,,,,,,,,,,,,,,,,,,,94.400,-0.18135,-23,-107.08,94.400,-0.14714,-149,-100.61,94.400,-0.09475,-31,-54.93
,,,,,,,,,,,,,,,,,,,,,,,,,,,,,,,,,,,,94.600,-0.18173,-25,-112.85,94.600,-0.14748,-149,-100.46,94.600,-0.09497,-34,-55.84
,,,,,,,,,,,,,,,,,,,,,,,,,,,,,,,,,,,,94.800,-0.18212,-27,-115.59,94.800,-0.14781,-148,-95.83,94.800,-0.09512,-32,-56.86
,,,,,,,,,,,,,,,,,,,,,,,,,,,,,,,,,,,,95.000,-0.18250,-27,-117.41,95.000,-0.14813,-147,-90.97,95.000,-0.09532,-33,-61.11
,,,,,,,,,,,,,,,,,,,,,,,,,,,,,,,,,,,,95.200,-0.18289,-27,-117.95,95.200,-0.14841,-146,-87.80,95.200,-0.09553,-34,-65.68
,,,,,,,,,,,,,,,,,,,,,,,,,,,,,,,,,,,,95.400,-0.18330,-28,-114.34,95.400,-0.14870,-145,-89.21,95.400,-0.09579,-38,-66.22
,,,,,,,,,,,,,,,,,,,,,,,,,,,,,,,,,,,,95.600,-0.18368,-27,-102.60,95.600,-0.14899,-146,-94.76,95.600,-0.09598,-36,-63.92
,,,,,,,,,,,,,,,,,,,,,,,,,,,,,,,,,,,,95.800,-0.18400,-25,-93.68,95.800,-0.14933,-148,-96.67,95.800,-0.09620,-36,-64.52
,,,,,,,,,,,,,,,,,,,,,,,,,,,,,,,,,,,,96.000,-0.18424,-21,-96.11,96.000,-0.14967,-149,-94.02,96.000,-0.09639,-35,-66.80
,,,,,,,,,,,,,,,,,,,,,,,,,,,,,,,,,,,,96.200,-0.18461,-25,-105.93,96.200,-0.14995,-146,-91.70,96.200,-0.09666,-37,-65.53
,,,,,,,,,,,,,,,,,,,,,,,,,,,,,,,,,,,,96.400,-0.18500,-28,-111.84,96.400,-0.15025,-146,-95.25,96.400,-0.09685,-35,-60.08
,,,,,,,,,,,,,,,,,,,,,,,,,,,,,,,,,,,,96.600,-0.18537,-28,-107.38,96.600,-0.15059,-148,-101.05,96.600,-0.09705,-34,-54.97
,,,,,,,,,,,,,,,,,,,,,,,,,,,,,,,,,,,,96.800,-0.18572,-27,-103.55,96.800,-0.15094,-149,-100.04,96.800,-0.09720,-32,-55.19
,,,,,,,,,,,,,,,,,,,,,,,,,,,,,,,,,,,,97.000,-0.18603,-25,-105.35,97.000,-0.15128,-148,-93.07,97.000,-0.09741,-32,-54.84
,,,,,,,,,,,,,,,,,,,,,,,,,,,,,,,,,,,,97.200,-0.18640,-26,-110.74,97.200,-0.15156,-147,-90.88,97.200,-0.09760,-33,-53.82
,,,,,,,,,,,,,,,,,,,,,,,,,,,,,,,,,,,,97.400,-0.18679,-27,-115.21,97.400,-0.15183,-145,-91.06,97.400,-0.09775,-31,-51.63
,,,,,,,,,,,,,,,,,,,,,,,,,,,,,,,,,,,,97.600,-0.18717,-27,-115.66,97.600,-0.15221,-149,-91.25,97.600,-0.09793,-32,-53.27
,,,,,,,,,,,,,,,,,,,,,,,,,,,,,,,,,,,,97.800,-0.18756,-27,-112.94,97.800,-0.15245,-146,-90.64,97.800,-0.09810,-32,-54.67
,,,,,,,,,,,,,,,,,,,,,,,,,,,,,,,,,,,,98.000,-0.18794,-25,-108.95,98.000,-0.15276,-147,-91.60,98.000,-0.09831,-34,-53.15
,,,,,,,,,,,,,,,,,,,,,,,,,,,,,,,,,,,,98.200,-0.18828,-24,-106.63,98.200,-0.15309,-148,-96.93,98.200,-0.09847,-33,-52.45
,,,,,,,,,,,,,,,,,,,,,,,,,,,,,,,,,,,,98.400,-0.18863,-24,-108.52,98.400,-0.15340,-148,-98.74,98.400,-0.09863,-32,-53.12
,,,,,,,,,,,,,,,,,,,,,,,,,,,,,,,,,,,,98.600,-0.18900,-24,-111.34,98.600,-0.15375,-149,-100.52,98.600,-0.09883,-33,-55.18
,,,,,,,,,,,,,,,,,,,,,,,,,,,,,,,,,,,,98.800,-0.18939,-25,-109.31,98.800,-0.15407,-148,-101.44,98.800,-0.09901,-32,-53.15
,,,,,,,,,,,,,,,,,,,,,,,,,,,,,,,,,,,,99.000,-0.18975,-25,-104.21,99.000,-0.15443,-149,-100.72,99.000,-0.09919,-33,-52.01
,,,,,,,,,,,,,,,,,,,,,,,,,,,,,,,,,,,,99.200,-0.19007,-23,-105.51,99.200,-0.15476,-148,-98.21,99.200,-0.09933,-31,-51.82
,,,,,,,,,,,,,,,,,,,,,,,,,,,,,,,,,,,,99.400,-0.19041,-22,-111.50,99.400,-0.15509,-146,-93.30,99.400,-0.09955,-32,-48.93
,,,,,,,,,,,,,,,,,,,,,,,,,,,,,,,,,,,,99.600,-0.19085,-26,-115.02,99.600,-0.15538,-145,-90.85,99.600,-0.09969,-32,-48.10
,,,,,,,,,,,,,,,,,,,,,,,,,,,,,,,,,,,,99.800,-0.19121,-25,-114.33,99.800,-0.15567,-144,-91.44,99.800,-0.09981,-30,-48.07
,,,,,,,,,,,,,,,,,,,,,,,,,,,,,,,,,,,,100.000,-0.19157,-24,-113.45,100.000,-0.15599,-145,-96.04,100.000,-0.10003,-33,-49.75
,,,,,,,,,,,,,,,,,,,,,,,,,,,,,,,,,,,,100.200,-0.19197,-24,-116.24,100.200,-0.15631,-145,-101.46,100.200,-0.10017,-32,-47.78
,,,,,,,,,,,,,,,,,,,,,,,,,,,,,,,,,,,,100.400,-0.19235,-24,-117.79,100.400,-0.15667,-147,-104.73,100.400,-0.10033,-32,-44.61
,,,,,,,,,,,,,,,,,,,,,,,,,,,,,,,,,,,,100.600,-0.19275,-24,-118.30,100.600,-0.15702,-148,-104.99,100.600,-0.10047,-32,-50.00
,,,,,,,,,,,,,,,,,,,,,,,,,,,,,,,,,,,,100.800,-0.19315,-25,-118.17,100.800,-0.15737,-147,-101.00,100.800,-0.10062,-32,-56.15
,,,,,,,,,,,,,,,,,,,,,,,,,,,,,,,,,,,,101.000,-0.19354,-24,-117.41,101.000,-0.15770,-147,-93.96,101.000,-0.10088,-37,-60.21
,,,,,,,,,,,,,,,,,,,,,,,,,,,,,,,,,,,,101.200,-0.19392,-24,-113.76,101.200,-0.15800,-145,-89.04,101.200,-0.10105,-37,-60.67
,,,,,,,,,,,,,,,,,,,,,,,,,,,,,,,,,,,,101.400,-0.19432,-25,-109.48,101.400,-0.15827,-144,-90.33,101.400,-0.10125,-37,-62.86
,,,,,,,,,,,,,,,,,,,,,,,,,,,,,,,,,,,,101.600,-0.19464,-23,-110.01,101.600,-0.15859,-145,-89.92,101.600,-0.10146,-37,-65.65
,,,,,,,,,,,,,,,,,,,,,,,,,,,,,,,,,,,,101.800,-0.19501,-23,-114.64,101.800,-0.15893,-147,-85.89,101.800,-0.10172,-39,-62.04
,,,,,,,,,,,,,,,,,,,,,,,,,,,,,,,,,,,,102.000,-0.19543,-26,-119.78,102.000,-0.15914,-143,-81.89,102.000,-0.10189,-37,-56.24
,,,,,,,,,,,,,,,,,,,,,,,,,,,,,,,,,,,,102.200,-0.19582,-25,-120.68,102.200,-0.15943,-144,-83.98,102.200,-0.10206,-35,-52.88
,,,,,,,,,,,,,,,,,,,,,,,,,,,,,,,,,,,,102.400,-0.19623,-25,-120.18,102.400,-0.15972,-144,-90.57,102.400,-0.10224,-35,-55.44
,,,,,,,,,,,,,,,,,,,,,,,,,,,,,,,,,,,,102.600,-0.19663,-25,-118.81,102.600,-0.16003,-145,-91.21,102.600,-0.10243,-35,-56.26
,,,,,,,,,,,,,,,,,,,,,,,,,,,,,,,,,,,,102.800,-0.19703,-25,-117.79,102.800,-0.16036,-146,-78.66,102.800,-0.10264,-36,-56.61
,,,,,,,,,,,,,,,,,,,,,,,,,,,,,,,,,,,,103.000,-0.19740,-24,-118.21,103.000,-0.16062,-144,-66.32,103.000,-0.10279,-34,-55.66
,,,,,,,,,,,,,,,,,,,,,,,,,,,,,,,,,,,,103.200,-0.19781,-25,-119.16,103.200,-0.16070,-136,-68.46,103.200,-0.10301,-37,-55.82
,,,,,,,,,,,,,,,,,,,,,,,,,,,,,,,,,,,,103.400,-0.19821,-25,-120.40,103.400,-0.16101,-141,-83.80,103.400,-0.10317,-35,-55.47
,,,,,,,,,,,,,,,,,,,,,,,,,,,,,,,,,,,,103.600,-0.19860,-23,-121.83,103.600,-0.16134,-145,-96.61,103.600,-0.10338,-36,-50.78
,,,,,,,,,,,,,,,,,,,,,,,,,,,,,,,,,,,,103.800,-0.19902,-24,-123.83,103.800,-0.16166,-147,-98.03,103.800,-0.10353,-34,-47.70
,,,,,,,,,,,,,,,,,,,,,,,,,,,,,,,,,,,,104.000,-0.19944,-24,-122.43,104.000,-0.16198,-148,-99.02,104.000,-0.10366,-32,-47.60
,,,,,,,,,,,,,,,,,,,,,,,,,,,,,,,,,,,,104.200,-0.19985,-23,-120.94,104.200,-0.16232,-148,-99.60,104.200,-0.10384,-33,-54.38
,,,,,,,,,,,,,,,,,,,,,,,,,,,,,,,,,,,,104.400,-0.20022,-22,-117.77,104.400,-0.16265,-148,-99.92,104.400,-0.10402,-34,-55.33
,,,,,,,,,,,,,,,,,,,,,,,,,,,,,,,,,,,,104.600,-0.20065,-24,-113.39,104.600,-0.16298,-146,-99.83,104.600,-0.10426,-38,-47.92
,,,,,,,,,,,,,,,,,,,,,,,,,,,,,,,,,,,,104.800,-0.20099,-21,-109.64,104.800,-0.16333,-147,-100.08,104.800,-0.10435,-33,-44.78
,,,,,,,,,,,,,,,,,,,,,,,,,,,,,,,,,,,,105.000,-0.20135,-20,-109.76,105.000,-0.16365,-146,-99.03,105.000,-0.10447,-31,-49.31
,,,,,,,,,,,,,,,,,,,,,,,,,,,,,,,,,,,,105.200,-0.20172,-21,-114.26,105.200,-0.16399,-146,-95.86,105.200,-0.10470,-35,-58.28
,,,,,,,,,,,,,,,,,,,,,,,,,,,,,,,,,,,,105.400,-0.20212,-22,-117.28,105.400,-0.16430,-145,-94.46,105.400,-0.10489,-36,-57.81
,,,,,,,,,,,,,,,,,,,,,,,,,,,,,,,,,,,,105.600,-0.20251,-23,-118.61,105.600,-0.16459,-145,-94.84,105.600,-0.10510,-37,-51.92
,,,,,,,,,,,,,,,,,,,,,,,,,,,,,,,,,,,,105.800,-0.20291,-23,-119.50,105.800,-0.16493,-146,-84.57,105.800,-0.10523,-34,-51.79
,,,,,,,,,,,,,,,,,,,,,,,,,,,,,,,,,,,,106.000,-0.20330,-24,-121.06,106.000,-0.16525,-145,-65.16,106.000,-0.10540,-33,-55.94
,,,,,,,,,,,,,,,,,,,,,,,,,,,,,,,,,,,,106.200,-0.20371,-24,-122.77,106.200,-0.16533,-137,-54.77,106.200,-0.10563,-37,-61.55
,,,,,,,,,,,,,,,,,,,,,,,,,,,,,,,,,,,,106.400,-0.20412,-25,-123.28,106.400,-0.16550,-134,-67.21,106.400,-0.10583,-36,-61.43
,,,,,,,,,,,,,,,,,,,,,,,,,,,,,,,,,,,,106.600,-0.20454,-25,-121.95,106.600,-0.16578,-140,-88.79,106.600,-0.10604,-37,-59.82
,,,,,,,,,,,,,,,,,,,,,,,,,,,,,,,,,,,,106.800,-0.20494,-25,-120.56,106.800,-0.16614,-146,-97.75,106.800,-0.10621,-36,-59.44
,,,,,,,,,,,,,,,,,,,,,,,,,,,,,,,,,,,,107.000,-0.20534,-25,-116.72,107.000,-0.16646,-148,-94.22,107.000,-0.10643,-37,-60.39
,,,,,,,,,,,,,,,,,,,,,,,,,,,,,,,,,,,,107.200,-0.20574,-25,-102.63,107.200,-0.16677,-149,-90.14,107.200,-0.10662,-35,-60.11
,,,,,,,,,,,,,,,,,,,,,,,,,,,,,,,,,,,,107.400,-0.20608,-23,-88.70,107.400,-0.16704,-146,-90.65,107.400,-0.10684,-37,-57.35
,,,,,,,,,,,,,,,,,,,,,,,,,,,,,,,,,,,,107.600,-0.20625,-18,-86.27,107.600,-0.16737,-147,-92.93,107.600,-0.10701,-34,-54.87
,,,,,,,,,,,,,,,,,,,,,,,,,,,,,,,,,,,,107.800,-0.20660,-20,-94.67,107.800,-0.16768,-147,-96.67,107.800,-0.10719,-33,-55.47
,,,,,,,,,,,,,,,,,,,,,,,,,,,,,,,,,,,,108.000,-0.20694,-24,-103.32,108.000,-0.16799,-147,-98.71,108.000,-0.10737,-33,-58.89
,,,,,,,,,,,,,,,,,,,,,,,,,,,,,,,,,,,,108.200,-0.20728,-24,-107.04,108.200,-0.16835,-148,-99.92,108.200,-0.10759,-34,-58.89
,,,,,,,,,,,,,,,,,,,,,,,,,,,,,,,,,,,,108.400,-0.20764,-26,-112.29,108.400,-0.16867,-147,-98.91,108.400,-0.10778,-35,-55.53
,,,,,,,,,,,,,,,,,,,,,,,,,,,,,,,,,,,,108.600,-0.20804,-27,-116.71,108.600,-0.16900,-146,-95.73,108.600,-0.10795,-33,-52.11
,,,,,,,,,,,,,,,,,,,,,,,,,,,,,,,,,,,,108.800,-0.20842,-26,-117.00,108.800,-0.16932,-146,-92.87,108.800,-0.10812,-33,-53.94
,,,,,,,,,,,,,,,,,,,,,,,,,,,,,,,,,,,,109.000,-0.20883,-26,-111.84,109.000,-0.16961,-146,-86.08,109.000,-0.10830,-33,-56.13
,,,,,,,,,,,,,,,,,,,,,,,,,,,,,,,,,,,,109.200,-0.20919,-25,-103.43,109.200,-0.16991,-145,-82.87,109.200,-0.10851,-35,-58.00
,,,,,,,,,,,,,,,,,,,,,,,,,,,,,,,,,,,,109.400,-0.20951,-22,-95.46,109.400,-0.17013,-142,-87.37,109.400,-0.10868,-33,-58.04
,,,,,,,,,,,,,,,,,,,,,,,,,,,,,,,,,,,,109.600,-0.20981,-21,-97.98,109.600,-0.17047,-146,-86.89,109.600,-0.10890,-35,-56.67
,,,,,,,,,,,,,,,,,,,,,,,,,,,,,,,,,,,,109.800,-0.21012,-21,-106.95,109.800,-0.17081,-148,-80.93,109.800,-0.10907,-34,-55.12
,,,,,,,,,,,,,,,,,,,,,,,,,,,,,,,,,,,,110.000,-0.21054,-25,-115.08,110.000,-0.17097,-143,-76.94,110.000,-0.10925,-34,-53.44
,,,,,,,,,,,,,,,,,,,,,,,,,,,,,,,,,,,,110.200,-0.21091,-26,-118.07,110.200,-0.17124,-143,-84.70,110.200,-0.10943,-34,-55.43
,,,,,,,,,,,,,,,,,,,,,,,,,,,,,,,,,,,,110.400,-0.21131,-26,-116.52,110.400,-0.17157,-148,-97.95,110.400,-0.10961,-34,-55.69
,,,,,,,,,,,,,,,,,,,,,,,,,,,,,,,,,,,,110.600,-0.21171,-26,-115.92,110.600,-0.17190,-150,-104.09,110.600,-0.10982,-35,-56.83
,,,,,,,,,,,,,,,,,,,,,,,,,,,,,,,,,,,,110.800,-0.21208,-25,-115.48,110.800,-0.17227,-151,-107.00,110.800,-0.10997,-33,-57.50
,,,,,,,,,,,,,,,,,,,,,,,,,,,,,,,,,,,,111.000,-0.21247,-24,-115.04,111.000,-0.17262,-150,-106.34,111.000,-0.11020,-35,-57.25
,,,,,,,,,,,,,,,,,,,,,,,,,,,,,,,,,,,,111.200,-0.21287,-24,-113.32,111.200,-0.17299,-149,-97.11,111.200,-0.11038,-34,-55.44
,,,,,,,,,,,,,,,,,,,,,,,,,,,,,,,,,,,,111.400,-0.21322,-24,-102.22,111.400,-0.17331,-149,-88.76,111.400,-0.11056,-34,-53.06
,,,,,,,,,,,,,,,,,,,,,,,,,,,,,,,,,,,,111.600,-0.21359,-23,-74.46,111.600,-0.17353,-144,-88.33,111.600,-0.11073,-33,-54.83
,,,,,,,,,,,,,,,,,,,,,,,,,,,,,,,,,,,,111.800,-0.21379,-18,-39.09,111.800,-0.17386,-147,-92.45,111.800,-0.11092,-33,-55.59
,,,,,,,,,,,,,,,,,,,,,,,,,,,,,,,,,,,,112.000,-0.21379,-8,-13.69,112.000,-0.17420,-148,-95.08,112.000,-0.11112,-34,-55.24
,,,,,,,,,,,,,,,,,,,,,,,,,,,,,,,,,,,,112.200,-0.21381,-3,-8.27,112.200,-0.17448,-147,-94.29,112.200,-0.11128,-33,-52.93
,,,,,,,,,,,,,,,,,,,,,,,,,,,,,,,,,,,,112.400,-0.21385,-1,-10.40,112.400,-0.17481,-148,-93.66,112.400,-0.11147,-33,-51.60
,,,,,,,,,,,,,,,,,,,,,,,,,,,,,,,,,,,,112.600,-0.21390,-2,-11.94,112.600,-0.17514,-149,-85.32,112.600,-0.11163,-32,-51.94
,,,,,,,,,,,,,,,,,,,,,,,,,,,,,,,,,,,,112.800,-0.21391,0,-14.76,112.800,-0.17542,-147,-75.46,112.800,-0.11181,-33,-51.50
,,,,,,,,,,,,,,,,,,,,,,,,,,,,,,,,,,,,113.000,-0.21398,-1,-16.66,113.000,-0.17558,-142,-75.03,113.000,-0.11198,-33,-51.72
,,,,,,,,,,,,,,,,,,,,,,,,,,,,,,,,,,,,113.200,-0.21405,-3,-13.75,113.200,-0.17588,-145,-82.79,113.200,-0.11214,-32,-50.20
,,,,,,,,,,,,,,,,,,,,,,,,,,,,,,,,,,,,113.400,-0.21408,-2,-6.32,113.400,-0.17618,-147,-91.96,113.400,-0.11232,-34,-49.47
,,,,,,,,,,,,,,,,,,,,,,,,,,,,,,,,,,,,113.600,-0.21408,-1,-1.35,113.600,-0.17647,-148,-96.76,113.600,-0.11247,-32,-50.42
,,,,,,,,,,,,,,,,,,,,,,,,,,,,,,,,,,,,113.800,-0.21408,0,-0.26,113.800,-0.17683,-151,-99.31,113.800,-0.11265,-33,-50.42
,,,,,,,,,,,,,,,,,,,,,,,,,,,,,,,,,,,,114.000,-0.21408,1,-3.11,114.000,-0.17717,-151,-96.90,114.000,-0.11283,-34,-50.29
,,,,,,,,,,,,,,,,,,,,,,,,,,,,,,,,,,,,114.200,-0.21409,1,-5.90,114.200,-0.17747,-149,-96.46,114.200,-0.11297,-33,-44.96
,,,,,,,,,,,,,,,,,,,,,,,,,,,,,,,,,,,,114.400,-0.21414,0,-7.04,114.400,-0.17777,-148,-99.82,114.400,-0.11315,-34,-42.68
,,,,,,,,,,,,,,,,,,,,,,,,,,,,,,,,,,,,114.600,-0.21414,0,-5.74,114.600,-0.17816,-150,-99.48,114.600,-0.11323,-30,-46.67
,,,,,,,,,,,,,,,,,,,,,,,,,,,,,,,,,,,,114.800,-0.21417,0,-3.24,114.800,-0.17848,-149,-95.42,114.800,-0.11343,-32,-52.82
,,,,,,,,,,,,,,,,,,,,,,,,,,,,,,,,,,,,115.000,-0.21417,0,-1.59,115.000,-0.17875,-145,-93.86,115.000,-0.11362,-36,-58.15
,,,,,,,,,,,,,,,,,,,,,,,,,,,,,,,,,,,,115.200,-0.21417,0,0.09,115.200,-0.17908,-147,-97.76,115.200,-0.11381,-36,-57.62
,,,,,,,,,,,,,,,,,,,,,,,,,,,,,,,,,,,,115.400,-0.21417,1,0.41,115.400,-0.17943,-148,-99.18,115.400,-0.11401,-37,-56.26
,,,,,,,,,,,,,,,,,,,,,,,,,,,,,,,,,,,,115.600,-0.21417,2,0.31,115.600,-0.17975,-148,-94.56,115.600,-0.11419,-36,-54.87
,,,,,,,,,,,,,,,,,,,,,,,,,,,,,,,,,,,,115.800,-0.21417,2,0.44,115.800,-0.18006,-147,-87.58,115.800,-0.11436,-35,-54.11
,,,,,,,,,,,,,,,,,,,,,,,,,,,,,,,,,,,,116.000,-0.21417,2,0.76,116.000,-0.18034,-145,-84.84,116.000,-0.11455,-35,-56.45
,,,,,,,,,,,,,,,,,,,,,,,,,,,,,,,,,,,,116.200,-0.21416,2,4.59,116.200,-0.18059,-144,-87.50,116.200,-0.11473,-35,-60.10
,,,,,,,,,,,,,,,,,,,,,,,,,,,,,,,,,,,,116.400,-0.21416,3,14.30,116.400,-0.18092,-146,-92.23,116.400,-0.11495,-36,-65.05
,,,,,,,,,,,,,,,,,,,,,,,,,,,,,,,,,,,,116.600,-0.21409,6,22.28,116.600,-0.18123,-147,-93.56,116.600,-0.11517,-36,-68.92
,,,,,,,,,,,,,,,,,,,,,,,,,,,,,,,,,,,,116.800,-0.21396,11,25.20,116.800,-0.18154,-147,-88.58,116.800,-0.11542,-38,-68.49
,,,,,,,,,,,,,,,,,,,,,,,,,,,,,,,,,,,,117.000,-0.21392,14,,117.000,-0.18184,-147,-83.51,117.000,-0.11564,-36,-65.89
,,,,,,,,,,,,,,,,,,,,,,,,,,,,,,,,,,,,,,,,117.200,-0.18208,-144,-84.20,117.200,-0.11585,-35,-63.16
,,,,,,,,,,,,,,,,,,,,,,,,,,,,,,,,,,,,,,,,117.400,-0.18236,-145,-88.77,117.400,-0.11606,-35,-61.35
,,,,,,,,,,,,,,,,,,,,,,,,,,,,,,,,,,,,,,,,117.600,-0.18270,-148,-91.28,117.600,-0.11626,-34,-59.19
,,,,,,,,,,,,,,,,,,,,,,,,,,,,,,,,,,,,,,,,117.800,-0.18299,-147,-92.07,117.800,-0.11645,-33,-58.36
,,,,,,,,,,,,,,,,,,,,,,,,,,,,,,,,,,,,,,,,118.000,-0.18328,-146,-95.44,118.000,-0.11664,-33,-61.88
,,,,,,,,,,,,,,,,,,,,,,,,,,,,,,,,,,,,,,,,118.200,-0.18363,-148,-99.97,118.200,-0.11685,-33,-65.84
,,,,,,,,,,,,,,,,,,,,,,,,,,,,,,,,,,,,,,,,118.400,-0.18398,-148,-95.44,118.400,-0.11710,-35,-65.50
,,,,,,,,,,,,,,,,,,,,,,,,,,,,,,,,,,,,,,,,118.600,-0.18430,-148,-84.98,118.600,-0.11731,-34,-60.93
,,,,,,,,,,,,,,,,,,,,,,,,,,,,,,,,,,,,,,,,118.800,-0.18452,-144,-78.06,118.800,-0.11750,-33,-56.68
,,,,,,,,,,,,,,,,,,,,,,,,,,,,,,,,,,,,,,,,119.000,-0.18478,-144,-79.48,119.000,-0.11768,-32,-55.06
,,,,,,,,,,,,,,,,,,,,,,,,,,,,,,,,,,,,,,,,119.200,-0.18505,-143,-86.57,119.200,-0.11787,-32,-57.37
,,,,,,,,,,,,,,,,,,,,,,,,,,,,,,,,,,,,,,,,119.400,-0.18536,-145,-90.63,119.400,-0.11804,-31,-60.70
,,,,,,,,,,,,,,,,,,,,,,,,,,,,,,,,,,,,,,,,119.600,-0.18568,-149,-88.96,119.600,-0.11828,-34,-62.48
,,,,,,,,,,,,,,,,,,,,,,,,,,,,,,,,,,,,,,,,119.800,-0.18597,-147,-85.16,119.800,-0.11848,-33,-60.93
,,,,,,,,,,,,,,,,,,,,,,,,,,,,,,,,,,,,,,,,120.000,-0.18622,-146,-84.04,120.000,-0.11868,-34,-61.09
,,,,,,,,,,,,,,,,,,,,,,,,,,,,,,,,,,,,,,,,120.200,-0.18652,-147,-84.96,120.200,-0.11886,-32,-64.35
,,,,,,,,,,,,,,,,,,,,,,,,,,,,,,,,,,,,,,,,120.400,-0.18681,-147,-85.34,120.400,-0.11912,-35,-67.30
,,,,,,,,,,,,,,,,,,,,,,,,,,,,,,,,,,,,,,,,120.600,-0.18708,-147,-86.71,120.600,-0.11932,-34,-67.31
,,,,,,,,,,,,,,,,,,,,,,,,,,,,,,,,,,,,,,,,120.800,-0.18737,-148,-88.83,120.800,-0.11956,-35,-65.28
,,,,,,,,,,,,,,,,,,,,,,,,,,,,,,,,,,,,,,,,121.000,-0.18769,-148,-90.64,121.000,-0.11976,-34,-64.49
,,,,,,,,,,,,,,,,,,,,,,,,,,,,,,,,,,,,,,,,121.200,-0.18797,-148,-92.23,121.200,-0.11998,-34,-65.06
,,,,,,,,,,,,,,,,,,,,,,,,,,,,,,,,,,,,,,,,121.400,-0.18829,-149,-91.25,121.400,-0.12019,-32,-65.12
,,,,,,,,,,,,,,,,,,,,,,,,,,,,,,,,,,,,,,,,121.600,-0.18861,-149,-88.21,121.600,-0.12044,-35,-62.96
,,,,,,,,,,,,,,,,,,,,,,,,,,,,,,,,,,,,,,,,121.800,-0.18887,-147,-84.91,121.800,-0.12061,-33,-60.30
,,,,,,,,,,,,,,,,,,,,,,,,,,,,,,,,,,,,,,,,122.000,-0.18915,-147,-83.22,122.000,-0.12082,-33,-59.85
,,,,,,,,,,,,,,,,,,,,,,,,,,,,,,,,,,,,,,,,122.200,-0.18945,-148,-82.14,122.200,-0.12101,-33,-59.37
,,,,,,,,,,,,,,,,,,,,,,,,,,,,,,,,,,,,,,,,122.400,-0.18970,-146,-81.63,122.400,-0.12123,-34,-56.96
,,,,,,,,,,,,,,,,,,,,,,,,,,,,,,,,,,,,,,,,122.600,-0.18997,-146,-82.24,122.600,-0.12138,-32,-54.68
,,,,,,,,,,,,,,,,,,,,,,,,,,,,,,,,,,,,,,,,122.800,-0.19027,-146,-84.01,122.800,-0.12158,-32,-54.61
,,,,,,,,,,,,,,,,,,,,,,,,,,,,,,,,,,,,,,,,123.000,-0.19053,-146,-86.99,123.000,-0.12175,-32,-55.75
,,,,,,,,,,,,,,,,,,,,,,,,,,,,,,,,,,,,,,,,123.200,-0.19082,-147,-94.98,123.200,-0.12196,-33,-53.66
,,,,,,,,,,,,,,,,,,,,,,,,,,,,,,,,,,,,,,,,123.400,-0.19116,-149,-102.45,123.400,-0.12213,-32,-53.28
,,,,,,,,,,,,,,,,,,,,,,,,,,,,,,,,,,,,,,,,123.600,-0.19154,-150,-101.73,123.600,-0.12228,-31,-52.80
,,,,,,,,,,,,,,,,,,,,,,,,,,,,,,,,,,,,,,,,123.800,-0.19186,-149,-97.26,123.800,-0.12249,-33,-54.61
,,,,,,,,,,,,,,,,,,,,,,,,,,,,,,,,,,,,,,,,124.000,-0.19215,-147,-95.74,124.000,-0.12265,-32,-56.35
,,,,,,,,,,,,,,,,,,,,,,,,,,,,,,,,,,,,,,,,124.200,-0.19249,-147,-96.69,124.200,-0.12286,-33,-57.65
,,,,,,,,,,,,,,,,,,,,,,,,,,,,,,,,,,,,,,,,124.400,-0.19282,-146,-96.02,124.400,-0.12305,-33,-60.86
,,,,,,,,,,,,,,,,,,,,,,,,,,,,,,,,,,,,,,,,124.600,-0.19312,-146,-92.08,124.600,-0.12325,-33,-67.45
,,,,,,,,,,,,,,,,,,,,,,,,,,,,,,,,,,,,,,,,124.800,-0.19344,-146,-90.08,124.800,-0.12348,-36,-74.12
,,,,,,,,,,,,,,,,,,,,,,,,,,,,,,,,,,,,,,,,125.000,-0.19371,-145,-88.14,125.000,-0.12378,-39,-73.43
,,,,,,,,,,,,,,,,,,,,,,,,,,,,,,,,,,,,,,,,125.200,-0.19403,-145,-86.20,125.200,-0.12400,-37,-65.23
,,,,,,,,,,,,,,,,,,,,,,,,,,,,,,,,,,,,,,,,125.400,-0.19429,-145,-86.83,125.400,-0.12419,-35,-60.21
,,,,,,,,,,,,,,,,,,,,,,,,,,,,,,,,,,,,,,,,125.600,-0.19459,-146,-86.13,125.600,-0.12437,-33,-62.84
,,,,,,,,,,,,,,,,,,,,,,,,,,,,,,,,,,,,,,,,125.800,-0.19490,-146,-86.17,125.800,-0.12461,-34,-67.15
,,,,,,,,,,,,,,,,,,,,,,,,,,,,,,,,,,,,,,,,126.000,-0.19515,-145,-86.10,126.000,-0.12483,-34,-68.07
,,,,,,,,,,,,,,,,,,,,,,,,,,,,,,,,,,,,,,,,126.200,-0.19545,-146,-88.17,126.200,-0.12507,-35,-67.66
,,,,,,,,,,,,,,,,,,,,,,,,,,,,,,,,,,,,,,,,126.400,-0.19576,-147,-89.47,126.400,-0.12527,-34,-67.72
,,,,,,,,,,,,,,,,,,,,,,,,,,,,,,,,,,,,,,,,126.600,-0.19605,-147,-86.61,126.600,-0.12553,-36,-65.41
,,,,,,,,,,,,,,,,,,,,,,,,,,,,,,,,,,,,,,,,126.800,-0.19634,-147,-85.00,126.800,-0.12573,-34,-61.35
,,,,,,,,,,,,,,,,,,,,,,,,,,,,,,,,,,,,,,,,127.000,-0.19660,-146,-87.94,127.000,-0.12592,-33,-59.79
,,,,,,,,,,,,,,,,,,,,,,,,,,,,,,,,,,,,,,,,127.200,-0.19691,-147,-93.40,127.200,-0.12611,-32,-61.02
,,,,,,,,,,,,,,,,,,,,,,,,,,,,,,,,,,,,,,,,127.400,-0.19724,-149,-97.53,127.400,-0.12634,-34,-61.75
,,,,,,,,,,,,,,,,,,,,,,,,,,,,,,,,,,,,,,,,127.600,-0.19756,-149,-95.28,127.600,-0.12653,-33,-62.93
,,,,,,,,,,,,,,,,,,,,,,,,,,,,,,,,,,,,,,,,127.800,-0.19790,-149,-89.96,127.800,-0.12674,-33,-66.80
,,,,,,,,,,,,,,,,,,,,,,,,,,,,,,,,,,,,,,,,128.000,-0.19816,-147,-89.41,128.000,-0.12697,-34,-70.13
,,,,,,,,,,,,,,,,,,,,,,,,,,,,,,,,,,,,,,,,128.200,-0.19845,-147,-94.36,128.200,-0.12723,-36,-67.85
,,,,,,,,,,,,,,,,,,,,,,,,,,,,,,,,,,,,,,,,128.400,-0.19880,-150,-97.47,128.400,-0.12743,-34,-63.41
,,,,,,,,,,,,,,,,,,,,,,,,,,,,,,,,,,,,,,,,128.600,-0.19914,-149,-91.35,128.600,-0.12764,-34,-62.62
,,,,,,,,,,,,,,,,,,,,,,,,,,,,,,,,,,,,,,,,128.800,-0.19942,-147,-82.85,128.800,-0.12784,-33,-64.17
,,,,,,,,,,,,,,,,,,,,,,,,,,,,,,,,,,,,,,,,129.000,-0.19966,-146,-81.89,129.000,-0.12808,-34,-62.96
,,,,,,,,,,,,,,,,,,,,,,,,,,,,,,,,,,,,,,,,129.200,-0.19994,-145,-86.07,129.200,-0.12827,-34,-58.77
,,,,,,,,,,,,,,,,,,,,,,,,,,,,,,,,,,,,,,,,129.400,-0.20025,-147,-88.55,129.400,-0.12846,-34,-57.66
,,,,,,,,,,,,,,,,,,,,,,,,,,,,,,,,,,,,,,,,129.600,-0.20054,-147,-90.17,129.600,-0.12863,-32,-59.97
,,,,,,,,,,,,,,,,,,,,,,,,,,,,,,,,,,,,,,,,129.800,-0.20083,-146,-91.82,129.800,-0.12887,-35,-62.89
,,,,,,,,,,,,,,,,,,,,,,,,,,,,,,,,,,,,,,,,130.000,-0.20117,-148,-94.07,130.000,-0.12906,-34,-64.41
,,,,,,,,,,,,,,,,,,,,,,,,,,,,,,,,,,,,,,,,130.200,-0.20146,-147,-95.12,130.200,-0.12929,-35,-65.34
,,,,,,,,,,,,,,,,,,,,,,,,,,,,,,,,,,,,,,,,130.400,-0.20179,-148,-91.32,130.400,-0.12950,-35,-65.31
,,,,,,,,,,,,,,,,,,,,,,,,,,,,,,,,,,,,,,,,130.600,-0.20211,-148,-87.60,130.600,-0.12974,-36,-64.30
,,,,,,,,,,,,,,,,,,,,,,,,,,,,,,,,,,,,,,,,130.800,-0.20235,-145,-87.06,130.800,-0.12992,-33,-63.76
,,,,,,,,,,,,,,,,,,,,,,,,,,,,,,,,,,,,,,,,131.000,-0.20265,-147,-90.16,131.000,-0.13016,-34,-63.28
,,,,,,,,,,,,,,,,,,,,,,,,,,,,,,,,,,,,,,,,131.200,-0.20298,-149,-93.78,131.200,-0.13036,-33,-60.74
,,,,,,,,,,,,,,,,,,,,,,,,,,,,,,,,,,,,,,,,131.400,-0.20328,-149,-86.71,131.400,-0.13057,-33,-55.67
,,,,,,,,,,,,,,,,,,,,,,,,,,,,,,,,,,,,,,,,131.600,-0.20360,-149,-72.98,131.600,-0.13073,-31,-53.00
,,,,,,,,,,,,,,,,,,,,,,,,,,,,,,,,,,,,,,,,131.800,-0.20377,-144,-63.11,131.800,-0.13090,-30,-54.87
,,,,,,,,,,,,,,,,,,,,,,,,,,,,,,,,,,,,,,,,132.000,-0.20395,-142,-58.91,132.000,-0.13108,-31,-58.51
,,,,,,,,,,,,,,,,,,,,,,,,,,,,,,,,,,,,,,,,132.200,-0.20419,-144,-64.54,132.200,-0.13131,-32,-58.45
,,,,,,,,,,,,,,,,,,,,,,,,,,,,,,,,,,,,,,,,132.400,-0.20436,-142,-72.22,132.400,-0.13149,-32,-57.02
,,,,,,,,,,,,,,,,,,,,,,,,,,,,,,,,,,,,,,,,132.600,-0.20465,-146,-79.83,132.600,-0.13166,-31,-56.93
,,,,,,,,,,,,,,,,,,,,,,,,,,,,,,,,,,,,,,,,132.800,-0.20493,-147,-88.05,132.800,-0.13187,-32,-61.31
,,,,,,,,,,,,,,,,,,,,,,,,,,,,,,,,,,,,,,,,133.000,-0.20522,-148,-94.28,133.000,-0.13207,-32,-64.54
,,,,,,,,,,,,,,,,,,,,,,,,,,,,,,,,,,,,,,,,133.200,-0.20556,-150,-99.56,133.200,-0.13231,-34,-65.15
,,,,,,,,,,,,,,,,,,,,,,,,,,,,,,,,,,,,,,,,133.400,-0.20591,-151,-100.62,133.400,-0.13251,-33,-64.20
,,,,,,,,,,,,,,,,,,,,,,,,,,,,,,,,,,,,,,,,133.600,-0.20623,-149,-93.61,133.600,-0.13273,-33,-63.88
,,,,,,,,,,,,,,,,,,,,,,,,,,,,,,,,,,,,,,,,133.800,-0.20656,-149,-84.50,133.800,-0.13293,-32,-64.42
,,,,,,,,,,,,,,,,,,,,,,,,,,,,,,,,,,,,,,,,134.000,-0.20678,-146,-82.18,134.000,-0.13316,-33,-63.63
,,,,,,,,,,,,,,,,,,,,,,,,,,,,,,,,,,,,,,,,134.200,-0.20705,-144,-87.22,134.200,-0.13336,-32,-62.04
,,,,,,,,,,,,,,,,,,,,,,,,,,,,,,,,,,,,,,,,134.400,-0.20738,-148,-91.53,134.400,-0.13357,-33,-62.17
,,,,,,,,,,,,,,,,,,,,,,,,,,,,,,,,,,,,,,,,134.600,-0.20770,-149,-89.05,134.600,-0.13377,-32,-63.15
,,,,,,,,,,,,,,,,,,,,,,,,,,,,,,,,,,,,,,,,134.800,-0.20796,-147,-88.55,134.800,-0.13400,-33,-61.82
,,,,,,,,,,,,,,,,,,,,,,,,,,,,,,,,,,,,,,,,135.000,-0.20826,-147,-93.53,135.000,-0.13419,-32,-58.58
,,,,,,,,,,,,,,,,,,,,,,,,,,,,,,,,,,,,,,,,135.200,-0.20860,-150,-96.58,135.200,-0.13438,-32,-58.46
,,,,,,,,,,,,,,,,,,,,,,,,,,,,,,,,,,,,,,,,135.400,-0.20893,-149,-93.83,135.400,-0.13456,-31,-62.39
,,,,,,,,,,,,,,,,,,,,,,,,,,,,,,,,,,,,,,,,135.600,-0.20922,-148,-89.93,135.600,-0.13480,-33,-65.91
,,,,,,,,,,,,,,,,,,,,,,,,,,,,,,,,,,,,,,,,135.800,-0.20952,-147,-91.13,135.800,-0.13502,-33,-64.67
,,,,,,,,,,,,,,,,,,,,,,,,,,,,,,,,,,,,,,,,136.000,-0.20981,-147,-94.17,136.000,-0.13524,-33,-62.11
,,,,,,,,,,,,,,,,,,,,,,,,,,,,,,,,,,,,,,,,136.200,-0.21016,-147,-95.54,136.200,-0.13542,-32,-61.82
,,,,,,,,,,,,,,,,,,,,,,,,,,,,,,,,,,,,,,,,136.400,-0.21046,-146,-96.39,136.400,-0.13565,-33,-62.26
,,,,,,,,,,,,,,,,,,,,,,,,,,,,,,,,,,,,,,,,136.600,-0.21078,-147,-96.33,136.600,-0.13585,-32,-61.50
,,,,,,,,,,,,,,,,,,,,,,,,,,,,,,,,,,,,,,,,136.800,-0.21112,-148,-95.38,136.800,-0.13605,-32,-60.14
,,,,,,,,,,,,,,,,,,,,,,,,,,,,,,,,,,,,,,,,137.000,-0.21143,-146,-93.32,137.000,-0.13624,-31,-60.33
,,,,,,,,,,,,,,,,,,,,,,,,,,,,,,,,,,,,,,,,137.200,-0.21172,-146,-92.52,137.200,-0.13646,-32,-62.01
,,,,,,,,,,,,,,,,,,,,,,,,,,,,,,,,,,,,,,,,137.400,-0.21204,-147,-91.79,137.400,-0.13665,-32,-63.37
,,,,,,,,,,,,,,,,,,,,,,,,,,,,,,,,,,,,,,,,137.600,-0.21235,-147,-88.43,137.600,-0.13688,-33,-63.21
,,,,,,,,,,,,,,,,,,,,,,,,,,,,,,,,,,,,,,,,137.800,-0.21263,-145,-87.47,137.800,-0.13708,-32,-61.00
,,,,,,,,,,,,,,,,,,,,,,,,,,,,,,,,,,,,,,,,138.000,-0.21290,-145,-92.73,138.000,-0.13729,-32,-59.88
,,,,,,,,,,,,,,,,,,,,,,,,,,,,,,,,,,,,,,,,138.200,-0.21324,-148,-97.33,138.200,-0.13746,-31,-61.18
,,,,,,,,,,,,,,,,,,,,,,,,,,,,,,,,,,,,,,,,138.400,-0.21359,-149,-96.55,138.400,-0.13770,-32,-63.24
,,,,,,,,,,,,,,,,,,,,,,,,,,,,,,,,,,,,,,,,138.600,-0.21388,-148,-94.01,138.600,-0.13790,-32,-64.10
,,,,,,,,,,,,,,,,,,,,,,,,,,,,,,,,,,,,,,,,138.800,-0.21419,-148,-93.76,138.800,-0.13812,-33,-63.94
,,,,,,,,,,,,,,,,,,,,,,,,,,,,,,,,,,,,,,,,139.000,-0.21452,-149,-90.49,139.000,-0.13833,-33,-61.15
,,,,,,,,,,,,,,,,,,,,,,,,,,,,,,,,,,,,,,,,139.200,-0.21483,-148,-88.27,139.200,-0.13855,-34,-55.26
,,,,,,,,,,,,,,,,,,,,,,,,,,,,,,,,,,,,,,,,139.400,-0.21506,-145,-90.49,139.400,-0.13869,-31,-52.71
,,,,,,,,,,,,,,,,,,,,,,,,,,,,,,,,,,,,,,,,139.600,-0.21542,-149,-95.50,139.600,-0.13886,-30,-53.28
,,,,,,,,,,,,,,,,,,,,,,,,,,,,,,,,,,,,,,,,139.800,-0.21574,-149,-97.12,139.800,-0.13907,-32,-55.53
,,,,,,,,,,,,,,,,,,,,,,,,,,,,,,,,,,,,,,,,140.000,-0.21606,-148,-95.31,140.000,-0.13924,-32,-53.15
,,,,,,,,,,,,,,,,,,,,,,,,,,,,,,,,,,,,,,,,140.200,-0.21637,-149,-96.23,140.200,-0.13942,-32,-51.38
,,,,,,,,,,,,,,,,,,,,,,,,,,,,,,,,,,,,,,,,140.400,-0.21670,-149,-96.11,140.400,-0.13957,-30,-54.64
,,,,,,,,,,,,,,,,,,,,,,,,,,,,,,,,,,,,,,,,140.600,-0.21702,-149,-94.75,140.600,-0.13976,-31,-60.60
,,,,,,,,,,,,,,,,,,,,,,,,,,,,,,,,,,,,,,,,140.800,-0.21733,-148,-92.46,140.800,-0.13999,-34,-62.79
,,,,,,,,,,,,,,,,,,,,,,,,,,,,,,,,,,,,,,,,141.000,-0.21763,-148,-92.59,141.000,-0.14022,-35,-56.87
,,,,,,,,,,,,,,,,,,,,,,,,,,,,,,,,,,,,,,,,141.200,-0.21793,-147,-95.12,141.200,-0.14038,-33,-51.64
,,,,,,,,,,,,,,,,,,,,,,,,,,,,,,,,,,,,,,,,141.400,-0.21826,-147,-97.72,141.400,-0.14052,-31,-54.17
,,,,,,,,,,,,,,,,,,,,,,,,,,,,,,,,,,,,,,,,141.600,-0.21860,-148,-96.71,141.600,-0.14072,-33,-63.99
,,,,,,,,,,,,,,,,,,,,,,,,,,,,,,,,,,,,,,,,141.800,-0.21892,-148,-93.16,141.800,-0.14095,-34,-73.32
,,,,,,,,,,,,,,,,,,,,,,,,,,,,,,,,,,,,,,,,142.000,-0.21921,-147,-91.89,142.000,-0.14122,-38,-75.23
,,,,,,,,,,,,,,,,,,,,,,,,,,,,,,,,,,,,,,,,142.200,-0.21952,-147,-93.60,142.200,-0.14149,-38,-70.61
,,,,,,,,,,,,,,,,,,,,,,,,,,,,,,,,,,,,,,,,142.400,-0.21984,-148,-93.41,142.400,-0.14169,-36,-62.75
,,,,,,,,,,,,,,,,,,,,,,,,,,,,,,,,,,,,,,,,142.600,-0.22016,-148,-90.49,142.600,-0.14189,-35,-58.94
,,,,,,,,,,,,,,,,,,,,,,,,,,,,,,,,,,,,,,,,142.800,-0.22043,-147,-74.09,142.800,-0.14207,-33,-60.74
,,,,,,,,,,,,,,,,,,,,,,,,,,,,,,,,,,,,,,,,143.000,-0.22074,-147,-45.16,143.000,-0.14229,-33,-63.91
,,,,,,,,,,,,,,,,,,,,,,,,,,,,,,,,,,,,,,,,143.200,-0.22075,-138,-16.35,143.200,-0.14251,-34,-63.69
,,,,,,,,,,,,,,,,,,,,,,,,,,,,,,,,,,,,,,,,143.400,-0.22075,-132,0.04,143.400,-0.14273,-34,-59.44
,,,,,,,,,,,,,,,,,,,,,,,,,,,,,,,,,,,,,,,,143.600,-0.22075,-128,,143.600,-0.14290,-33,-57.28
,,,,,,,,,,,,,,,,,,,,,,,,,,,,,,,,,,,,,,,,,,,,143.800,-0.14309,-32,-58.04
,,,,,,,,,,,,,,,,,,,,,,,,,,,,,,,,,,,,,,,,,,,,144.000,-0.14330,-33,-60.86
,,,,,,,,,,,,,,,,,,,,,,,,,,,,,,,,,,,,,,,,,,,,144.200,-0.14349,-33,-60.41
,,,,,,,,,,,,,,,,,,,,,,,,,,,,,,,,,,,,,,,,,,,,144.400,-0.14371,-35,-57.66
,,,,,,,,,,,,,,,,,,,,,,,,,,,,,,,,,,,,,,,,,,,,144.600,-0.14388,-33,-54.33
,,,,,,,,,,,,,,,,,,,,,,,,,,,,,,,,,,,,,,,,,,,,144.800,-0.14407,-33,-52.58
,,,,,,,,,,,,,,,,,,,,,,,,,,,,,,,,,,,,,,,,,,,,145.000,-0.14423,-32,-53.44
,,,,,,,,,,,,,,,,,,,,,,,,,,,,,,,,,,,,,,,,,,,,145.200,-0.14442,-32,-54.29
,,,,,,,,,,,,,,,,,,,,,,,,,,,,,,,,,,,,,,,,,,,,145.400,-0.14460,-33,-57.40
,,,,,,,,,,,,,,,,,,,,,,,,,,,,,,,,,,,,,,,,,,,,145.600,-0.14478,-33,-60.86
,,,,,,,,,,,,,,,,,,,,,,,,,,,,,,,,,,,,,,,,,,,,145.800,-0.14501,-35,-64.06
,,,,,,,,,,,,,,,,,,,,,,,,,,,,,,,,,,,,,,,,,,,,146.000,-0.14522,-35,-63.94
,,,,,,,,,,,,,,,,,,,,,,,,,,,,,,,,,,,,,,,,,,,,146.200,-0.14544,-36,-61.98
,,,,,,,,,,,,,,,,,,,,,,,,,,,,,,,,,,,,,,,,,,,,146.400,-0.14563,-34,-59.28
,,,,,,,,,,,,,,,,,,,,,,,,,,,,,,,,,,,,,,,,,,,,146.600,-0.14584,-35,-58.23
,,,,,,,,,,,,,,,,,,,,,,,,,,,,,,,,,,,,,,,,,,,,146.800,-0.14601,-33,-60.64
,,,,,,,,,,,,,,,,,,,,,,,,,,,,,,,,,,,,,,,,,,,,147.000,-0.14623,-35,-64.51
,,,,,,,,,,,,,,,,,,,,,,,,,,,,,,,,,,,,,,,,,,,,147.200,-0.14646,-36,-66.64
,,,,,,,,,,,,,,,,,,,,,,,,,,,,,,,,,,,,,,,,,,,,147.400,-0.14668,-36,-66.01
,,,,,,,,,,,,,,,,,,,,,,,,,,,,,,,,,,,,,,,,,,,,147.600,-0.14689,-35,-64.93
,,,,,,,,,,,,,,,,,,,,,,,,,,,,,,,,,,,,,,,,,,,,147.800,-0.14712,-35,-62.94
,,,,,,,,,,,,,,,,,,,,,,,,,,,,,,,,,,,,,,,,,,,,148.000,-0.14732,-34,-60.68
,,,,,,,,,,,,,,,,,,,,,,,,,,,,,,,,,,,,,,,,,,,,148.200,-0.14751,-34,-61.12
,,,,,,,,,,,,,,,,,,,,,,,,,,,,,,,,,,,,,,,,,,,,148.400,-0.14771,-33,-63.31
,,,,,,,,,,,,,,,,,,,,,,,,,,,,,,,,,,,,,,,,,,,,148.600,-0.14795,-34,-63.59
,,,,,,,,,,,,,,,,,,,,,,,,,,,,,,,,,,,,,,,,,,,,148.800,-0.14815,-34,-60.30
,,,,,,,,,,,,,,,,,,,,,,,,,,,,,,,,,,,,,,,,,,,,149.000,-0.14834,-33,-58.39
,,,,,,,,,,,,,,,,,,,,,,,,,,,,,,,,,,,,,,,,,,,,149.200,-0.14852,-32,-59.02
,,,,,,,,,,,,,,,,,,,,,,,,,,,,,,,,,,,,,,,,,,,,149.400,-0.14874,-34,-61.05
,,,,,,,,,,,,,,,,,,,,,,,,,,,,,,,,,,,,,,,,,,,,149.600,-0.14893,-34,-61.78
,,,,,,,,,,,,,,,,,,,,,,,,,,,,,,,,,,,,,,,,,,,,149.800,-0.14916,-34,-62.77
,,,,,,,,,,,,,,,,,,,,,,,,,,,,,,,,,,,,,,,,,,,,150.000,-0.14934,-33,-62.58
,,,,,,,,,,,,,,,,,,,,,,,,,,,,,,,,,,,,,,,,,,,,150.200,-0.14959,-35,-61.60
,,,,,,,,,,,,,,,,,,,,,,,,,,,,,,,,,,,,,,,,,,,,150.400,-0.14975,-33,-61.09
,,,,,,,,,,,,,,,,,,,,,,,,,,,,,,,,,,,,,,,,,,,,150.600,-0.14998,-34,-61.06
,,,,,,,,,,,,,,,,,,,,,,,,,,,,,,,,,,,,,,,,,,,,150.800,-0.15017,-34,-60.26
,,,,,,,,,,,,,,,,,,,,,,,,,,,,,,,,,,,,,,,,,,,,151.000,-0.15039,-34,-57.44
,,,,,,,,,,,,,,,,,,,,,,,,,,,,,,,,,,,,,,,,,,,,151.200,-0.15055,-33,-57.09
,,,,,,,,,,,,,,,,,,,,,,,,,,,,,,,,,,,,,,,,,,,,151.400,-0.15075,-32,-57.66
,,,,,,,,,,,,,,,,,,,,,,,,,,,,,,,,,,,,,,,,,,,,151.600,-0.15095,-34,-59.53
,,,,,,,,,,,,,,,,,,,,,,,,,,,,,,,,,,,,,,,,,,,,151.800,-0.15114,-33,-58.26
,,,,,,,,,,,,,,,,,,,,,,,,,,,,,,,,,,,,,,,,,,,,152.000,-0.15135,-34,-57.34
,,,,,,,,,,,,,,,,,,,,,,,,,,,,,,,,,,,,,,,,,,,,152.200,-0.15152,-33,-56.20
,,,,,,,,,,,,,,,,,,,,,,,,,,,,,,,,,,,,,,,,,,,,152.400,-0.15172,-34,-57.75
,,,,,,,,,,,,,,,,,,,,,,,,,,,,,,,,,,,,,,,,,,,,152.600,-0.15189,-33,-59.30
,,,,,,,,,,,,,,,,,,,,,,,,,,,,,,,,,,,,,,,,,,,,152.800,-0.15213,-36,-60.23
,,,,,,,,,,,,,,,,,,,,,,,,,,,,,,,,,,,,,,,,,,,,153.000,-0.15229,-33,-61.15
,,,,,,,,,,,,,,,,,,,,,,,,,,,,,,,,,,,,,,,,,,,,153.200,-0.15252,-35,-61.40
,,,,,,,,,,,,,,,,,,,,,,,,,,,,,,,,,,,,,,,,,,,,153.400,-0.15272,-35,-60.55
,,,,,,,,,,,,,,,,,,,,,,,,,,,,,,,,,,,,,,,,,,,,153.600,-0.15293,-35,-60.64
,,,,,,,,,,,,,,,,,,,,,,,,,,,,,,,,,,,,,,,,,,,,153.800,-0.15310,-34,-63.78
,,,,,,,,,,,,,,,,,,,,,,,,,,,,,,,,,,,,,,,,,,,,154.000,-0.15336,-36,-65.88
,,,,,,,,,,,,,,,,,,,,,,,,,,,,,,,,,,,,,,,,,,,,154.200,-0.15357,-37,-63.79
,,,,,,,,,,,,,,,,,,,,,,,,,,,,,,,,,,,,,,,,,,,,154.400,-0.15378,-35,-59.54
,,,,,,,,,,,,,,,,,,,,,,,,,,,,,,,,,,,,,,,,,,,,154.600,-0.15395,-34,-58.43
,,,,,,,,,,,,,,,,,,,,,,,,,,,,,,,,,,,,,,,,,,,,154.800,-0.15416,-34,-57.92
,,,,,,,,,,,,,,,,,,,,,,,,,,,,,,,,,,,,,,,,,,,,155.000,-0.15435,-34,-58.33
,,,,,,,,,,,,,,,,,,,,,,,,,,,,,,,,,,,,,,,,,,,,155.200,-0.15454,-32,-58.04
,,,,,,,,,,,,,,,,,,,,,,,,,,,,,,,,,,,,,,,,,,,,155.400,-0.15475,-34,-59.50
,,,,,,,,,,,,,,,,,,,,,,,,,,,,,,,,,,,,,,,,,,,,155.600,-0.15493,-33,-62.35
,,,,,,,,,,,,,,,,,,,,,,,,,,,,,,,,,,,,,,,,,,,,155.800,-0.15515,-35,-63.47
,,,,,,,,,,,,,,,,,,,,,,,,,,,,,,,,,,,,,,,,,,,,156.000,-0.15538,-34,-61.85
,,,,,,,,,,,,,,,,,,,,,,,,,,,,,,,,,,,,,,,,,,,,156.200,-0.15556,-34,-61.63
,,,,,,,,,,,,,,,,,,,,,,,,,,,,,,,,,,,,,,,,,,,,156.400,-0.15575,-33,-63.24
,,,,,,,,,,,,,,,,,,,,,,,,,,,,,,,,,,,,,,,,,,,,156.600,-0.15601,-36,-63.47
,,,,,,,,,,,,,,,,,,,,,,,,,,,,,,,,,,,,,,,,,,,,156.800,-0.15620,-35,-62.17
,,,,,,,,,,,,,,,,,,,,,,,,,,,,,,,,,,,,,,,,,,,,157.000,-0.15639,-34,-62.39
,,,,,,,,,,,,,,,,,,,,,,,,,,,,,,,,,,,,,,,,,,,,157.200,-0.15662,-34,-63.31
,,,,,,,,,,,,,,,,,,,,,,,,,,,,,,,,,,,,,,,,,,,,157.400,-0.15684,-35,-61.85
,,,,,,,,,,,,,,,,,,,,,,,,,,,,,,,,,,,,,,,,,,,,157.600,-0.15701,-33,-60.01
,,,,,,,,,,,,,,,,,,,,,,,,,,,,,,,,,,,,,,,,,,,,157.800,-0.15723,-33,-61.56
,,,,,,,,,,,,,,,,,,,,,,,,,,,,,,,,,,,,,,,,,,,,158.000,-0.15743,-33,-63.24
,,,,,,,,,,,,,,,,,,,,,,,,,,,,,,,,,,,,,,,,,,,,158.200,-0.15766,-34,-63.53
,,,,,,,,,,,,,,,,,,,,,,,,,,,,,,,,,,,,,,,,,,,,158.400,-0.15785,-34,-63.47
,,,,,,,,,,,,,,,,,,,,,,,,,,,,,,,,,,,,,,,,,,,,158.600,-0.15807,-35,-62.58
,,,,,,,,,,,,,,,,,,,,,,,,,,,,,,,,,,,,,,,,,,,,158.800,-0.15828,-34,-60.01
,,,,,,,,,,,,,,,,,,,,,,,,,,,,,,,,,,,,,,,,,,,,159.000,-0.15848,-34,-56.97
,,,,,,,,,,,,,,,,,,,,,,,,,,,,,,,,,,,,,,,,,,,,159.200,-0.15865,-32,-55.85
,,,,,,,,,,,,,,,,,,,,,,,,,,,,,,,,,,,,,,,,,,,,159.400,-0.15885,-33,-59.21
,,,,,,,,,,,,,,,,,,,,,,,,,,,,,,,,,,,,,,,,,,,,159.600,-0.15903,-33,-62.98
,,,,,,,,,,,,,,,,,,,,,,,,,,,,,,,,,,,,,,,,,,,,159.800,-0.15928,-36,-62.42
,,,,,,,,,,,,,,,,,,,,,,,,,,,,,,,,,,,,,,,,,,,,160.000,-0.15947,-35,-59.31
,,,,,,,,,,,,,,,,,,,,,,,,,,,,,,,,,,,,,,,,,,,,160.200,-0.15965,-33,-57.28
,,,,,,,,,,,,,,,,,,,,,,,,,,,,,,,,,,,,,,,,,,,,160.400,-0.15984,-33,-59.37
,,,,,,,,,,,,,,,,,,,,,,,,,,,,,,,,,,,,,,,,,,,,160.600,-0.16005,-34,-59.50
,,,,,,,,,,,,,,,,,,,,,,,,,,,,,,,,,,,,,,,,,,,,160.800,-0.16026,-34,-57.56
,,,,,,,,,,,,,,,,,,,,,,,,,,,,,,,,,,,,,,,,,,,,161.000,-0.16043,-33,-53.79
,,,,,,,,,,,,,,,,,,,,,,,,,,,,,,,,,,,,,,,,,,,,161.200,-0.16062,-33,-52.58
,,,,,,,,,,,,,,,,,,,,,,,,,,,,,,,,,,,,,,,,,,,,161.400,-0.16077,-31,-52.61
,,,,,,,,,,,,,,,,,,,,,,,,,,,,,,,,,,,,,,,,,,,,161.600,-0.16097,-32,-53.69
,,,,,,,,,,,,,,,,,,,,,,,,,,,,,,,,,,,,,,,,,,,,161.800,-0.16113,-32,-56.92
,,,,,,,,,,,,,,,,,,,,,,,,,,,,,,,,,,,,,,,,,,,,162.000,-0.16133,-32,-61.52
,,,,,,,,,,,,,,,,,,,,,,,,,,,,,,,,,,,,,,,,,,,,162.200,-0.16155,-34,-64.63
,,,,,,,,,,,,,,,,,,,,,,,,,,,,,,,,,,,,,,,,,,,,162.400,-0.16178,-35,-60.04
,,,,,,,,,,,,,,,,,,,,,,,,,,,,,,,,,,,,,,,,,,,,162.600,-0.16197,-35,-52.94
,,,,,,,,,,,,,,,,,,,,,,,,,,,,,,,,,,,,,,,,,,,,162.800,-0.16211,-32,-46.31
,,,,,,,,,,,,,,,,,,,,,,,,,,,,,,,,,,,,,,,,,,,,163.000,-0.16228,-32,-46.05
,,,,,,,,,,,,,,,,,,,,,,,,,,,,,,,,,,,,,,,,,,,,163.200,-0.16240,-29,-50.58
,,,,,,,,,,,,,,,,,,,,,,,,,,,,,,,,,,,,,,,,,,,,163.400,-0.16260,-31,-55.74
,,,,,,,,,,,,,,,,,,,,,,,,,,,,,,,,,,,,,,,,,,,,163.600,-0.16280,-33,-58.28
,,,,,,,,,,,,,,,,,,,,,,,,,,,,,,,,,,,,,,,,,,,,163.800,-0.16299,-33,-55.37
,,,,,,,,,,,,,,,,,,,,,,,,,,,,,,,,,,,,,,,,,,,,164.000,-0.16317,-33,-53.59
,,,,,,,,,,,,,,,,,,,,,,,,,,,,,,,,,,,,,,,,,,,,164.200,-0.16334,-33,-52.04
,,,,,,,,,,,,,,,,,,,,,,,,,,,,,,,,,,,,,,,,,,,,164.400,-0.16353,-34,-51.98
,,,,,,,,,,,,,,,,,,,,,,,,,,,,,,,,,,,,,,,,,,,,164.600,-0.16368,-32,-52.48
,,,,,,,,,,,,,,,,,,,,,,,,,,,,,,,,,,,,,,,,,,,,164.800,-0.16387,-33,-51.75
,,,,,,,,,,,,,,,,,,,,,,,,,,,,,,,,,,,,,,,,,,,,165.000,-0.16404,-33,-52.07
,,,,,,,,,,,,,,,,,,,,,,,,,,,,,,,,,,,,,,,,,,,,165.200,-0.16420,-32,-50.86
,,,,,,,,,,,,,,,,,,,,,,,,,,,,,,,,,,,,,,,,,,,,165.400,-0.16439,-34,-51.84
,,,,,,,,,,,,,,,,,,,,,,,,,,,,,,,,,,,,,,,,,,,,165.600,-0.16454,-33,-54.73
,,,,,,,,,,,,,,,,,,,,,,,,,,,,,,,,,,,,,,,,,,,,165.800,-0.16474,-34,-59.59
,,,,,,,,,,,,,,,,,,,,,,,,,,,,,,,,,,,,,,,,,,,,166.000,-0.16495,-35,-63.14
,,,,,,,,,,,,,,,,,,,,,,,,,,,,,,,,,,,,,,,,,,,,166.200,-0.16518,-37,-60.64
,,,,,,,,,,,,,,,,,,,,,,,,,,,,,,,,,,,,,,,,,,,,166.400,-0.16536,-36,-57.15
,,,,,,,,,,,,,,,,,,,,,,,,,,,,,,,,,,,,,,,,,,,,166.600,-0.16553,-34,-53.89
,,,,,,,,,,,,,,,,,,,,,,,,,,,,,,,,,,,,,,,,,,,,166.800,-0.16573,-36,-52.39
,,,,,,,,,,,,,,,,,,,,,,,,,,,,,,,,,,,,,,,,,,,,167.000,-0.16588,-33,-49.41
,,,,,,,,,,,,,,,,,,,,,,,,,,,,,,,,,,,,,,,,,,,,167.200,-0.16606,-33,-47.70
,,,,,,,,,,,,,,,,,,,,,,,,,,,,,,,,,,,,,,,,,,,,167.400,-0.16620,-32,-52.16
,,,,,,,,,,,,,,,,,,,,,,,,,,,,,,,,,,,,,,,,,,,,167.600,-0.16638,-32,-60.28
,,,,,,,,,,,,,,,,,,,,,,,,,,,,,,,,,,,,,,,,,,,,167.800,-0.16661,-35,-66.79
,,,,,,,,,,,,,,,,,,,,,,,,,,,,,,,,,,,,,,,,,,,,168.000,-0.16685,-36,-66.51
,,,,,,,,,,,,,,,,,,,,,,,,,,,,,,,,,,,,,,,,,,,,168.200,-0.16706,-36,-63.85
,,,,,,,,,,,,,,,,,,,,,,,,,,,,,,,,,,,,,,,,,,,,168.400,-0.16726,-35,-63.60
,,,,,,,,,,,,,,,,,,,,,,,,,,,,,,,,,,,,,,,,,,,,168.600,-0.16748,-35,-63.41
,,,,,,,,,,,,,,,,,,,,,,,,,,,,,,,,,,,,,,,,,,,,168.800,-0.16770,-34,-60.37
,,,,,,,,,,,,,,,,,,,,,,,,,,,,,,,,,,,,,,,,,,,,169.000,-0.16789,-34,-58.62
,,,,,,,,,,,,,,,,,,,,,,,,,,,,,,,,,,,,,,,,,,,,169.200,-0.16806,-32,-62.52
,,,,,,,,,,,,,,,,,,,,,,,,,,,,,,,,,,,,,,,,,,,,169.400,-0.16829,-33,-67.75
,,,,,,,,,,,,,,,,,,,,,,,,,,,,,,,,,,,,,,,,,,,,169.600,-0.16855,-34,-67.34
,,,,,,,,,,,,,,,,,,,,,,,,,,,,,,,,,,,,,,,,,,,,169.800,-0.16876,-35,-63.91
,,,,,,,,,,,,,,,,,,,,,,,,,,,,,,,,,,,,,,,,,,,,170.000,-0.16894,-33,-65.76
,,,,,,,,,,,,,,,,,,,,,,,,,,,,,,,,,,,,,,,,,,,,170.200,-0.16917,-33,-70.45
,,,,,,,,,,,,,,,,,,,,,,,,,,,,,,,,,,,,,,,,,,,,170.400,-0.16944,-35,-72.10
,,,,,,,,,,,,,,,,,,,,,,,,,,,,,,,,,,,,,,,,,,,,170.600,-0.16966,-34,-69.98
,,,,,,,,,,,,,,,,,,,,,,,,,,,,,,,,,,,,,,,,,,,,170.800,-0.16989,-34,-68.52
,,,,,,,,,,,,,,,,,,,,,,,,,,,,,,,,,,,,,,,,,,,,171.000,-0.17012,-33,-66.05
,,,,,,,,,,,,,,,,,,,,,,,,,,,,,,,,,,,,,,,,,,,,171.200,-0.17036,-34,-62.84
,,,,,,,,,,,,,,,,,,,,,,,,,,,,,,,,,,,,,,,,,,,,171.400,-0.17052,-32,-61.41
,,,,,,,,,,,,,,,,,,,,,,,,,,,,,,,,,,,,,,,,,,,,171.600,-0.17075,-32,-61.53
,,,,,,,,,,,,,,,,,,,,,,,,,,,,,,,,,,,,,,,,,,,,171.800,-0.17096,-32,-59.60
,,,,,,,,,,,,,,,,,,,,,,,,,,,,,,,,,,,,,,,,,,,,172.000,-0.17115,-32,-58.45
,,,,,,,,,,,,,,,,,,,,,,,,,,,,,,,,,,,,,,,,,,,,172.200,-0.17131,-30,-61.59
,,,,,,,,,,,,,,,,,,,,,,,,,,,,,,,,,,,,,,,,,,,,172.400,-0.17156,-32,-66.38
,,,,,,,,,,,,,,,,,,,,,,,,,,,,,,,,,,,,,,,,,,,,172.600,-0.17178,-33,-66.29
,,,,,,,,,,,,,,,,,,,,,,,,,,,,,,,,,,,,,,,,,,,,172.800,-0.17202,-34,-63.82
,,,,,,,,,,,,,,,,,,,,,,,,,,,,,,,,,,,,,,,,,,,,173.000,-0.17219,-32,-64.13
,,,,,,,,,,,,,,,,,,,,,,,,,,,,,,,,,,,,,,,,,,,,173.200,-0.17243,-34,-66.38
,,,,,,,,,,,,,,,,,,,,,,,,,,,,,,,,,,,,,,,,,,,,173.400,-0.17264,-34,-66.58
,,,,,,,,,,,,,,,,,,,,,,,,,,,,,,,,,,,,,,,,,,,,173.600,-0.17288,-35,-62.55
,,,,,,,,,,,,,,,,,,,,,,,,,,,,,,,,,,,,,,,,,,,,173.800,-0.17306,-33,-59.00
,,,,,,,,,,,,,,,,,,,,,,,,,,,,,,,,,,,,,,,,,,,,174.000,-0.17326,-32,-58.93
,,,,,,,,,,,,,,,,,,,,,,,,,,,,,,,,,,,,,,,,,,,,174.200,-0.17345,-33,-59.18
,,,,,,,,,,,,,,,,,,,,,,,,,,,,,,,,,,,,,,,,,,,,174.400,-0.17368,-34,-53.31
,,,,,,,,,,,,,,,,,,,,,,,,,,,,,,,,,,,,,,,,,,,,174.600,-0.17383,-32,-48.21
,,,,,,,,,,,,,,,,,,,,,,,,,,,,,,,,,,,,,,,,,,,,174.800,-0.17395,-30,-50.30
,,,,,,,,,,,,,,,,,,,,,,,,,,,,,,,,,,,,,,,,,,,,175.000,-0.17415,-31,-60.88
,,,,,,,,,,,,,,,,,,,,,,,,,,,,,,,,,,,,,,,,,,,,175.200,-0.17437,-33,-68.02
,,,,,,,,,,,,,,,,,,,,,,,,,,,,,,,,,,,,,,,,,,,,175.400,-0.17462,-36,-68.09
,,,,,,,,,,,,,,,,,,,,,,,,,,,,,,,,,,,,,,,,,,,,175.600,-0.17483,-35,-64.80
,,,,,,,,,,,,,,,,,,,,,,,,,,,,,,,,,,,,,,,,,,,,175.800,-0.17505,-35,-61.47
,,,,,,,,,,,,,,,,,,,,,,,,,,,,,,,,,,,,,,,,,,,,176.000,-0.17524,-33,-56.56
,,,,,,,,,,,,,,,,,,,,,,,,,,,,,,,,,,,,,,,,,,,,176.200,-0.17544,-34,-51.29
,,,,,,,,,,,,,,,,,,,,,,,,,,,,,,,,,,,,,,,,,,,,176.400,-0.17557,-30,-50.27
,,,,,,,,,,,,,,,,,,,,,,,,,,,,,,,,,,,,,,,,,,,,176.600,-0.17575,-30,-54.70
,,,,,,,,,,,,,,,,,,,,,,,,,,,,,,,,,,,,,,,,,,,,176.800,-0.17594,-32,-58.16
,,,,,,,,,,,,,,,,,,,,,,,,,,,,,,,,,,,,,,,,,,,,177.000,-0.17616,-33,-57.49
,,,,,,,,,,,,,,,,,,,,,,,,,,,,,,,,,,,,,,,,,,,,177.200,-0.17631,-32,-60.29
,,,,,,,,,,,,,,,,,,,,,,,,,,,,,,,,,,,,,,,,,,,,177.400,-0.17652,-32,-68.09
,,,,,,,,,,,,,,,,,,,,,,,,,,,,,,,,,,,,,,,,,,,,177.600,-0.17679,-36,-73.68
,,,,,,,,,,,,,,,,,,,,,,,,,,,,,,,,,,,,,,,,,,,,177.800,-0.17705,-37,-72.41
,,,,,,,,,,,,,,,,,,,,,,,,,,,,,,,,,,,,,,,,,,,,178.000,-0.17726,-36,-67.09
,,,,,,,,,,,,,,,,,,,,,,,,,,,,,,,,,,,,,,,,,,,,178.200,-0.17750,-36,-62.21
,,,,,,,,,,,,,,,,,,,,,,,,,,,,,,,,,,,,,,,,,,,,178.400,-0.17768,-34,-57.26
,,,,,,,,,,,,,,,,,,,,,,,,,,,,,,,,,,,,,,,,,,,,178.600,-0.17787,-33,-51.10
,,,,,,,,,,,,,,,,,,,,,,,,,,,,,,,,,,,,,,,,,,,,178.800,-0.17803,-31,-50.02
,,,,,,,,,,,,,,,,,,,,,,,,,,,,,,,,,,,,,,,,,,,,179.000,-0.17817,-30,-50.11
,,,,,,,,,,,,,,,,,,,,,,,,,,,,,,,,,,,,,,,,,,,,179.200,-0.17838,-32,-51.02
,,,,,,,,,,,,,,,,,,,,,,,,,,,,,,,,,,,,,,,,,,,,179.400,-0.17852,-30,-51.18
,,,,,,,,,,,,,,,,,,,,,,,,,,,,,,,,,,,,,,,,,,,,179.600,-0.17870,-31,-50.61
,,,,,,,,,,,,,,,,,,,,,,,,,,,,,,,,,,,,,,,,,,,,179.800,-0.17888,-32,-54.73
,,,,,,,,,,,,,,,,,,,,,,,,,,,,,,,,,,,,,,,,,,,,180.000,-0.17904,-31,-61.01
,,,,,,,,,,,,,,,,,,,,,,,,,,,,,,,,,,,,,,,,,,,,180.200,-0.17928,-35,-65.01
,,,,,,,,,,,,,,,,,,,,,,,,,,,,,,,,,,,,,,,,,,,,180.400,-0.17952,-36,-62.92
,,,,,,,,,,,,,,,,,,,,,,,,,,,,,,,,,,,,,,,,,,,,180.600,-0.17970,-35,-58.43
,,,,,,,,,,,,,,,,,,,,,,,,,,,,,,,,,,,,,,,,,,,,180.800,-0.17988,-33,-58.11
,,,,,,,,,,,,,,,,,,,,,,,,,,,,,,,,,,,,,,,,,,,,181.000,-0.18009,-34,-62.13
,,,,,,,,,,,,,,,,,,,,,,,,,,,,,,,,,,,,,,,,,,,,181.200,-0.18029,-34,-65.46
,,,,,,,,,,,,,,,,,,,,,,,,,,,,,,,,,,,,,,,,,,,,181.400,-0.18053,-36,-68.10
,,,,,,,,,,,,,,,,,,,,,,,,,,,,,,,,,,,,,,,,,,,,181.600,-0.18075,-35,-69.94
,,,,,,,,,,,,,,,,,,,,,,,,,,,,,,,,,,,,,,,,,,,,181.800,-0.18099,-36,-69.53
,,,,,,,,,,,,,,,,,,,,,,,,,,,,,,,,,,,,,,,,,,,,182.000,-0.18123,-35,-67.92
,,,,,,,,,,,,,,,,,,,,,,,,,,,,,,,,,,,,,,,,,,,,182.200,-0.18144,-34,-65.06
,,,,,,,,,,,,,,,,,,,,,,,,,,,,,,,,,,,,,,,,,,,,182.400,-0.18166,-33,-68.01
,,,,,,,,,,,,,,,,,,,,,,,,,,,,,,,,,,,,,,,,,,,,182.600,-0.18186,-33,-73.43
,,,,,,,,,,,,,,,,,,,,,,,,,,,,,,,,,,,,,,,,,,,,182.800,-0.18216,-35,-74.93
,,,,,,,,,,,,,,,,,,,,,,,,,,,,,,,,,,,,,,,,,,,,183.000,-0.18240,-35,-69.38
,,,,,,,,,,,,,,,,,,,,,,,,,,,,,,,,,,,,,,,,,,,,183.200,-0.18262,-33,-64.75
,,,,,,,,,,,,,,,,,,,,,,,,,,,,,,,,,,,,,,,,,,,,183.400,-0.18280,-31,-66.43
,,,,,,,,,,,,,,,,,,,,,,,,,,,,,,,,,,,,,,,,,,,,183.600,-0.18306,-32,-67.94
,,,,,,,,,,,,,,,,,,,,,,,,,,,,,,,,,,,,,,,,,,,,183.800,-0.18328,-33,-66.29
,,,,,,,,,,,,,,,,,,,,,,,,,,,,,,,,,,,,,,,,,,,,184.000,-0.18349,-32,-65.63
,,,,,,,,,,,,,,,,,,,,,,,,,,,,,,,,,,,,,,,,,,,,184.200,-0.18370,-32,-67.81
,,,,,,,,,,,,,,,,,,,,,,,,,,,,,,,,,,,,,,,,,,,,184.400,-0.18396,-33,-67.66
,,,,,,,,,,,,,,,,,,,,,,,,,,,,,,,,,,,,,,,,,,,,184.600,-0.18417,-33,-64.36
,,,,,,,,,,,,,,,,,,,,,,,,,,,,,,,,,,,,,,,,,,,,184.800,-0.18437,-32,-61.03
,,,,,,,,,,,,,,,,,,,,,,,,,,,,,,,,,,,,,,,,,,,,185.000,-0.18457,-31,-58.43
,,,,,,,,,,,,,,,,,,,,,,,,,,,,,,,,,,,,,,,,,,,,185.200,-0.18478,-32,-55.60
,,,,,,,,,,,,,,,,,,,,,,,,,,,,,,,,,,,,,,,,,,,,185.400,-0.18493,-30,-49.63
,,,,,,,,,,,,,,,,,,,,,,,,,,,,,,,,,,,,,,,,,,,,185.600,-0.18512,-31,-44.59
,,,,,,,,,,,,,,,,,,,,,,,,,,,,,,,,,,,,,,,,,,,,185.800,-0.18522,-28,-46.26
,,,,,,,,,,,,,,,,,,,,,,,,,,,,,,,,,,,,,,,,,,,,186.000,-0.18538,-28,-52.98
,,,,,,,,,,,,,,,,,,,,,,,,,,,,,,,,,,,,,,,,,,,,186.200,-0.18560,-31,-61.61
,,,,,,,,,,,,,,,,,,,,,,,,,,,,,,,,,,,,,,,,,,,,186.400,-0.18580,-32,-64.88
,,,,,,,,,,,,,,,,,,,,,,,,,,,,,,,,,,,,,,,,,,,,186.600,-0.18603,-34,-65.65
,,,,,,,,,,,,,,,,,,,,,,,,,,,,,,,,,,,,,,,,,,,,186.800,-0.18625,-34,-63.84
,,,,,,,,,,,,,,,,,,,,,,,,,,,,,,,,,,,,,,,,,,,,187.000,-0.18647,-35,-61.28
,,,,,,,,,,,,,,,,,,,,,,,,,,,,,,,,,,,,,,,,,,,,187.200,-0.18665,-34,-58.07
,,,,,,,,,,,,,,,,,,,,,,,,,,,,,,,,,,,,,,,,,,,,187.400,-0.18686,-35,-55.03
,,,,,,,,,,,,,,,,,,,,,,,,,,,,,,,,,,,,,,,,,,,,187.600,-0.18702,-33,-52.65
,,,,,,,,,,,,,,,,,,,,,,,,,,,,,,,,,,,,,,,,,,,,187.800,-0.18720,-32,-50.36
,,,,,,,,,,,,,,,,,,,,,,,,,,,,,,,,,,,,,,,,,,,,188.000,-0.18736,-33,-50.10
,,,,,,,,,,,,,,,,,,,,,,,,,,,,,,,,,,,,,,,,,,,,188.200,-0.18752,-32,-49.44
,,,,,,,,,,,,,,,,,,,,,,,,,,,,,,,,,,,,,,,,,,,,188.400,-0.18769,-32,-53.91
,,,,,,,,,,,,,,,,,,,,,,,,,,,,,,,,,,,,,,,,,,,,188.600,-0.18785,-32,-60.53
,,,,,,,,,,,,,,,,,,,,,,,,,,,,,,,,,,,,,,,,,,,,188.800,-0.18811,-35,-65.99
,,,,,,,,,,,,,,,,,,,,,,,,,,,,,,,,,,,,,,,,,,,,189.000,-0.18832,-36,-65.68
,,,,,,,,,,,,,,,,,,,,,,,,,,,,,,,,,,,,,,,,,,,,189.200,-0.18855,-37,-60.99
,,,,,,,,,,,,,,,,,,,,,,,,,,,,,,,,,,,,,,,,,,,,189.400,-0.18872,-35,-56.30
,,,,,,,,,,,,,,,,,,,,,,,,,,,,,,,,,,,,,,,,,,,,189.600,-0.18892,-35,-53.73
,,,,,,,,,,,,,,,,,,,,,,,,,,,,,,,,,,,,,,,,,,,,189.800,-0.18907,-33,-54.96
,,,,,,,,,,,,,,,,,,,,,,,,,,,,,,,,,,,,,,,,,,,,190.000,-0.18928,-33,-55.69
,,,,,,,,,,,,,,,,,,,,,,,,,,,,,,,,,,,,,,,,,,,,190.200,-0.18947,-34,-56.39
,,,,,,,,,,,,,,,,,,,,,,,,,,,,,,,,,,,,,,,,,,,,190.400,-0.18964,-32,-56.71
,,,,,,,,,,,,,,,,,,,,,,,,,,,,,,,,,,,,,,,,,,,,190.600,-0.18984,-33,-58.96
,,,,,,,,,,,,,,,,,,,,,,,,,,,,,,,,,,,,,,,,,,,,190.800,-0.19004,-34,-58.64
,,,,,,,,,,,,,,,,,,,,,,,,,,,,,,,,,,,,,,,,,,,,191.000,-0.19025,-34,-56.49
,,,,,,,,,,,,,,,,,,,,,,,,,,,,,,,,,,,,,,,,,,,,191.200,-0.19040,-32,-54.11
,,,,,,,,,,,,,,,,,,,,,,,,,,,,,,,,,,,,,,,,,,,,191.400,-0.19060,-33,-54.81
,,,,,,,,,,,,,,,,,,,,,,,,,,,,,,,,,,,,,,,,,,,,191.600,-0.19077,-32,-57.50
,,,,,,,,,,,,,,,,,,,,,,,,,,,,,,,,,,,,,,,,,,,,191.800,-0.19098,-32,-58.29
,,,,,,,,,,,,,,,,,,,,,,,,,,,,,,,,,,,,,,,,,,,,192.000,-0.19118,-33,-58.13
,,,,,,,,,,,,,,,,,,,,,,,,,,,,,,,,,,,,,,,,,,,,192.200,-0.19136,-33,-56.80
,,,,,,,,,,,,,,,,,,,,,,,,,,,,,,,,,,,,,,,,,,,,192.400,-0.19155,-33,-57.27
,,,,,,,,,,,,,,,,,,,,,,,,,,,,,,,,,,,,,,,,,,,,192.600,-0.19174,-33,-55.18
,,,,,,,,,,,,,,,,,,,,,,,,,,,,,,,,,,,,,,,,,,,,192.800,-0.19194,-34,-52.39
,,,,,,,,,,,,,,,,,,,,,,,,,,,,,,,,,,,,,,,,,,,,193.000,-0.19208,-32,-50.77
,,,,,,,,,,,,,,,,,,,,,,,,,,,,,,,,,,,,,,,,,,,,193.200,-0.19227,-32,-51.66
,,,,,,,,,,,,,,,,,,,,,,,,,,,,,,,,,,,,,,,,,,,,193.400,-0.19243,-33,-54.67
,,,,,,,,,,,,,,,,,,,,,,,,,,,,,,,,,,,,,,,,,,,,193.600,-0.19262,-33,-55.43
,,,,,,,,,,,,,,,,,,,,,,,,,,,,,,,,,,,,,,,,,,,,193.800,-0.19282,-35,-56.26
,,,,,,,,,,,,,,,,,,,,,,,,,,,,,,,,,,,,,,,,,,,,194.000,-0.19299,-33,-54.83
,,,,,,,,,,,,,,,,,,,,,,,,,,,,,,,,,,,,,,,,,,,,194.200,-0.19319,-34,-55.15
,,,,,,,,,,,,,,,,,,,,,,,,,,,,,,,,,,,,,,,,,,,,194.400,-0.19335,-33,-55.59
,,,,,,,,,,,,,,,,,,,,,,,,,,,,,,,,,,,,,,,,,,,,194.600,-0.19356,-34,-55.15
,,,,,,,,,,,,,,,,,,,,,,,,,,,,,,,,,,,,,,,,,,,,194.800,-0.19372,-33,-55.40
,,,,,,,,,,,,,,,,,,,,,,,,,,,,,,,,,,,,,,,,,,,,195.000,-0.19391,-34,-54.89
,,,,,,,,,,,,,,,,,,,,,,,,,,,,,,,,,,,,,,,,,,,,195.200,-0.19410,-34,-55.05
,,,,,,,,,,,,,,,,,,,,,,,,,,,,,,,,,,,,,,,,,,,,195.400,-0.19428,-34,-51.50
,,,,,,,,,,,,,,,,,,,,,,,,,,,,,,,,,,,,,,,,,,,,195.600,-0.19446,-34,-48.01
,,,,,,,,,,,,,,,,,,,,,,,,,,,,,,,,,,,,,,,,,,,,195.800,-0.19459,-32,-47.98
,,,,,,,,,,,,,,,,,,,,,,,,,,,,,,,,,,,,,,,,,,,,196.000,-0.19475,-32,-50.36
,,,,,,,,,,,,,,,,,,,,,,,,,,,,,,,,,,,,,,,,,,,,196.200,-0.19494,-33,-53.24
,,,,,,,,,,,,,,,,,,,,,,,,,,,,,,,,,,,,,,,,,,,,196.400,-0.19511,-33,-52.96
,,,,,,,,,,,,,,,,,,,,,,,,,,,,,,,,,,,,,,,,,,,,196.600,-0.19530,-34,-53.18
,,,,,,,,,,,,,,,,,,,,,,,,,,,,,,,,,,,,,,,,,,,,196.800,-0.19546,-33,-55.05
,,,,,,,,,,,,,,,,,,,,,,,,,,,,,,,,,,,,,,,,,,,,197.000,-0.19566,-34,-58.73
,,,,,,,,,,,,,,,,,,,,,,,,,,,,,,,,,,,,,,,,,,,,197.200,-0.19585,-35,-61.52
,,,,,,,,,,,,,,,,,,,,,,,,,,,,,,,,,,,,,,,,,,,,197.400,-0.19608,-35,-59.59
,,,,,,,,,,,,,,,,,,,,,,,,,,,,,,,,,,,,,,,,,,,,197.600,-0.19627,-35,-56.24
,,,,,,,,,,,,,,,,,,,,,,,,,,,,,,,,,,,,,,,,,,,,197.800,-0.19643,-33,-53.22
,,,,,,,,,,,,,,,,,,,,,,,,,,,,,,,,,,,,,,,,,,,,198.000,-0.19662,-33,-53.28
,,,,,,,,,,,,,,,,,,,,,,,,,,,,,,,,,,,,,,,,,,,,198.200,-0.19679,-33,-52.77
,,,,,,,,,,,,,,,,,,,,,,,,,,,,,,,,,,,,,,,,,,,,198.400,-0.19698,-33,-54.33
,,,,,,,,,,,,,,,,,,,,,,,,,,,,,,,,,,,,,,,,,,,,198.600,-0.19713,-32,-58.99
,,,,,,,,,,,,,,,,,,,,,,,,,,,,,,,,,,,,,,,,,,,,198.800,-0.19736,-33,-63.36
,,,,,,,,,,,,,,,,,,,,,,,,,,,,,,,,,,,,,,,,,,,,199.000,-0.19758,-35,-63.08
,,,,,,,,,,,,,,,,,,,,,,,,,,,,,,,,,,,,,,,,,,,,199.200,-0.19780,-35,-59.18
,,,,,,,,,,,,,,,,,,,,,,,,,,,,,,,,,,,,,,,,,,,,199.400,-0.19796,-34,-57.98
,,,,,,,,,,,,,,,,,,,,,,,,,,,,,,,,,,,,,,,,,,,,199.600,-0.19816,-33,-60.01
,,,,,,,,,,,,,,,,,,,,,,,,,,,,,,,,,,,,,,,,,,,,199.800,-0.19837,-33,-61.69
,,,,,,,,,,,,,,,,,,,,,,,,,,,,,,,,,,,,,,,,,,,,200.000,-0.19859,-33,-60.20
,,,,,,,,,,,,,,,,,,,,,,,,,,,,,,,,,,,,,,,,,,,,200.200,-0.19877,-33,-59.54
,,,,,,,,,,,,,,,,,,,,,,,,,,,,,,,,,,,,,,,,,,,,200.400,-0.19897,-32,-58.14
,,,,,,,,,,,,,,,,,,,,,,,,,,,,,,,,,,,,,,,,,,,,200.600,-0.19918,-32,-57.09
,,,,,,,,,,,,,,,,,,,,,,,,,,,,,,,,,,,,,,,,,,,,200.800,-0.19934,-31,-55.50
,,,,,,,,,,,,,,,,,,,,,,,,,,,,,,,,,,,,,,,,,,,,201.000,-0.19954,-31,-57.88
,,,,,,,,,,,,,,,,,,,,,,,,,,,,,,,,,,,,,,,,,,,,201.200,-0.19972,-31,-62.13
,,,,,,,,,,,,,,,,,,,,,,,,,,,,,,,,,,,,,,,,,,,,201.400,-0.19996,-33,-62.61
,,,,,,,,,,,,,,,,,,,,,,,,,,,,,,,,,,,,,,,,,,,,201.600,-0.20016,-32,-58.93
,,,,,,,,,,,,,,,,,,,,,,,,,,,,,,,,,,,,,,,,,,,,201.800,-0.20035,-32,-54.90
,,,,,,,,,,,,,,,,,,,,,,,,,,,,,,,,,,,,,,,,,,,,202.000,-0.20051,-31,-54.68
,,,,,,,,,,,,,,,,,,,,,,,,,,,,,,,,,,,,,,,,,,,,202.200,-0.20071,-31,-53.95
,,,,,,,,,,,,,,,,,,,,,,,,,,,,,,,,,,,,,,,,,,,,202.400,-0.20089,-32,-53.59
,,,,,,,,,,,,,,,,,,,,,,,,,,,,,,,,,,,,,,,,,,,,202.600,-0.20105,-30,-53.31
,,,,,,,,,,,,,,,,,,,,,,,,,,,,,,,,,,,,,,,,,,,,202.800,-0.20125,-32,-54.77
,,,,,,,,,,,,,,,,,,,,,,,,,,,,,,,,,,,,,,,,,,,,203.000,-0.20142,-31,-54.26
,,,,,,,,,,,,,,,,,,,,,,,,,,,,,,,,,,,,,,,,,,,,203.200,-0.20161,-31,-50.80
,,,,,,,,,,,,,,,,,,,,,,,,,,,,,,,,,,,,,,,,,,,,203.400,-0.20177,-31,-50.77
,,,,,,,,,,,,,,,,,,,,,,,,,,,,,,,,,,,,,,,,,,,,203.600,-0.20192,-30,-55.72
,,,,,,,,,,,,,,,,,,,,,,,,,,,,,,,,,,,,,,,,,,,,203.800,-0.20213,-32,-63.42
,,,,,,,,,,,,,,,,,,,,,,,,,,,,,,,,,,,,,,,,,,,,204.000,-0.20236,-33,-64.85
,,,,,,,,,,,,,,,,,,,,,,,,,,,,,,,,,,,,,,,,,,,,204.200,-0.20259,-35,-60.67
,,,,,,,,,,,,,,,,,,,,,,,,,,,,,,,,,,,,,,,,,,,,204.400,-0.20275,-33,-57.92
,,,,,,,,,,,,,,,,,,,,,,,,,,,,,,,,,,,,,,,,,,,,204.600,-0.20295,-33,-60.45
,,,,,,,,,,,,,,,,,,,,,,,,,,,,,,,,,,,,,,,,,,,,204.800,-0.20316,-33,-63.08
,,,,,,,,,,,,,,,,,,,,,,,,,,,,,,,,,,,,,,,,,,,,205.000,-0.20339,-35,-62.70
,,,,,,,,,,,,,,,,,,,,,,,,,,,,,,,,,,,,,,,,,,,,205.200,-0.20357,-33,-61.82
,,,,,,,,,,,,,,,,,,,,,,,,,,,,,,,,,,,,,,,,,,,,205.400,-0.20380,-34,-61.95
,,,,,,,,,,,,,,,,,,,,,,,,,,,,,,,,,,,,,,,,,,,,205.600,-0.20400,-33,-61.53
,,,,,,,,,,,,,,,,,,,,,,,,,,,,,,,,,,,,,,,,,,,,205.800,-0.20421,-33,-60.68
,,,,,,,,,,,,,,,,,,,,,,,,,,,,,,,,,,,,,,,,,,,,206.000,-0.20439,-33,-62.61
,,,,,,,,,,,,,,,,,,,,,,,,,,,,,,,,,,,,,,,,,,,,206.200,-0.20462,-33,-65.56
,,,,,,,,,,,,,,,,,,,,,,,,,,,,,,,,,,,,,,,,,,,,206.400,-0.20484,-34,-64.39
,,,,,,,,,,,,,,,,,,,,,,,,,,,,,,,,,,,,,,,,,,,,206.600,-0.20507,-34,-59.09
,,,,,,,,,,,,,,,,,,,,,,,,,,,,,,,,,,,,,,,,,,,,206.800,-0.20523,-32,-55.29
,,,,,,,,,,,,,,,,,,,,,,,,,,,,,,,,,,,,,,,,,,,,207.000,-0.20542,-31,-53.73
,,,,,,,,,,,,,,,,,,,,,,,,,,,,,,,,,,,,,,,,,,,,207.200,-0.20560,-31,-53.70
,,,,,,,,,,,,,,,,,,,,,,,,,,,,,,,,,,,,,,,,,,,,207.400,-0.20577,-30,-53.98
,,,,,,,,,,,,,,,,,,,,,,,,,,,,,,,,,,,,,,,,,,,,207.600,-0.20595,-30,-56.70
,,,,,,,,,,,,,,,,,,,,,,,,,,,,,,,,,,,,,,,,,,,,207.800,-0.20615,-31,-58.67
,,,,,,,,,,,,,,,,,,,,,,,,,,,,,,,,,,,,,,,,,,,,208.000,-0.20635,-32,-58.99
,,,,,,,,,,,,,,,,,,,,,,,,,,,,,,,,,,,,,,,,,,,,208.200,-0.20653,-31,-57.56
,,,,,,,,,,,,,,,,,,,,,,,,,,,,,,,,,,,,,,,,,,,,208.400,-0.20674,-32,-56.61
,,,,,,,,,,,,,,,,,,,,,,,,,,,,,,,,,,,,,,,,,,,,208.600,-0.20691,-32,-56.64
,,,,,,,,,,,,,,,,,,,,,,,,,,,,,,,,,,,,,,,,,,,,208.800,-0.20711,-32,-55.59
,,,,,,,,,,,,,,,,,,,,,,,,,,,,,,,,,,,,,,,,,,,,209.000,-0.20730,-32,-54.71
,,,,,,,,,,,,,,,,,,,,,,,,,,,,,,,,,,,,,,,,,,,,209.200,-0.20747,-32,-50.84
,,,,,,,,,,,,,,,,,,,,,,,,,,,,,,,,,,,,,,,,,,,,209.400,-0.20765,-32,-47.76
,,,,,,,,,,,,,,,,,,,,,,,,,,,,,,,,,,,,,,,,,,,,209.600,-0.20778,-30,-48.11
,,,,,,,,,,,,,,,,,,,,,,,,,,,,,,,,,,,,,,,,,,,,209.800,-0.20794,-30,-52.26
,,,,,,,,,,,,,,,,,,,,,,,,,,,,,,,,,,,,,,,,,,,,210.000,-0.20813,-31,-57.08
,,,,,,,,,,,,,,,,,,,,,,,,,,,,,,,,,,,,,,,,,,,,210.200,-0.20834,-32,-55.59
,,,,,,,,,,,,,,,,,,,,,,,,,,,,,,,,,,,,,,,,,,,,210.400,-0.20852,-32,-51.53
,,,,,,,,,,,,,,,,,,,,,,,,,,,,,,,,,,,,,,,,,,,,210.600,-0.20866,-31,-46.27
,,,,,,,,,,,,,,,,,,,,,,,,,,,,,,,,,,,,,,,,,,,,210.800,-0.20884,-31,-42.49
,,,,,,,,,,,,,,,,,,,,,,,,,,,,,,,,,,,,,,,,,,,,211.000,-0.20895,-29,-44.26
,,,,,,,,,,,,,,,,,,,,,,,,,,,,,,,,,,,,,,,,,,,,211.200,-0.20909,-29,-48.57
,,,,,,,,,,,,,,,,,,,,,,,,,,,,,,,,,,,,,,,,,,,,211.400,-0.20930,-32,-55.87
,,,,,,,,,,,,,,,,,,,,,,,,,,,,,,,,,,,,,,,,,,,,211.600,-0.20946,-32,-60.60
,,,,,,,,,,,,,,,,,,,,,,,,,,,,,,,,,,,,,,,,,,,,211.800,-0.20970,-34,-62.98
,,,,,,,,,,,,,,,,,,,,,,,,,,,,,,,,,,,,,,,,,,,,212.000,-0.20990,-35,-62.29
,,,,,,,,,,,,,,,,,,,,,,,,,,,,,,,,,,,,,,,,,,,,212.200,-0.21012,-36,-60.48
,,,,,,,,,,,,,,,,,,,,,,,,,,,,,,,,,,,,,,,,,,,,212.400,-0.21029,-34,-62.86
,,,,,,,,,,,,,,,,,,,,,,,,,,,,,,,,,,,,,,,,,,,,212.600,-0.21052,-35,-67.88
,,,,,,,,,,,,,,,,,,,,,,,,,,,,,,,,,,,,,,,,,,,,212.800,-0.21075,-36,-71.69
,,,,,,,,,,,,,,,,,,,,,,,,,,,,,,,,,,,,,,,,,,,,213.000,-0.21101,-37,-71.09
,,,,,,,,,,,,,,,,,,,,,,,,,,,,,,,,,,,,,,,,,,,,213.200,-0.21124,-36,-69.47
,,,,,,,,,,,,,,,,,,,,,,,,,,,,,,,,,,,,,,,,,,,,213.400,-0.21146,-35,-67.86
,,,,,,,,,,,,,,,,,,,,,,,,,,,,,,,,,,,,,,,,,,,,213.600,-0.21169,-35,-68.52
,,,,,,,,,,,,,,,,,,,,,,,,,,,,,,,,,,,,,,,,,,,,213.800,-0.21191,-34,-70.17
,,,,,,,,,,,,,,,,,,,,,,,,,,,,,,,,,,,,,,,,,,,,214.000,-0.21216,-34,-72.30
,,,,,,,,,,,,,,,,,,,,,,,,,,,,,,,,,,,,,,,,,,,,214.200,-0.21240,-34,-71.82
,,,,,,,,,,,,,,,,,,,,,,,,,,,,,,,,,,,,,,,,,,,,214.400,-0.21265,-34,-70.52
,,,,,,,,,,,,,,,,,,,,,,,,,,,,,,,,,,,,,,,,,,,,214.600,-0.21286,-33,-69.98
,,,,,,,,,,,,,,,,,,,,,,,,,,,,,,,,,,,,,,,,,,,,214.800,-0.21311,-33,-70.84
,,,,,,,,,,,,,,,,,,,,,,,,,,,,,,,,,,,,,,,,,,,,215.000,-0.21334,-32,-71.95
,,,,,,,,,,,,,,,,,,,,,,,,,,,,,,,,,,,,,,,,,,,,215.200,-0.21358,-32,-70.36
,,,,,,,,,,,,,,,,,,,,,,,,,,,,,,,,,,,,,,,,,,,,215.400,-0.21382,-32,-69.13
,,,,,,,,,,,,,,,,,,,,,,,,,,,,,,,,,,,,,,,,,,,,215.600,-0.21403,-31,-64.94
,,,,,,,,,,,,,,,,,,,,,,,,,,,,,,,,,,,,,,,,,,,,215.800,-0.21427,-31,-52.50
,,,,,,,,,,,,,,,,,,,,,,,,,,,,,,,,,,,,,,,,,,,,216.000,-0.21443,-29,-33.02
,,,,,,,,,,,,,,,,,,,,,,,,,,,,,,,,,,,,,,,,,,,,216.200,-0.21447,-25,-16.80
,,,,,,,,,,,,,,,,,,,,,,,,,,,,,,,,,,,,,,,,,,,,216.400,-0.21449,-20,-18.35
,,,,,,,,,,,,,,,,,,,,,,,,,,,,,,,,,,,,,,,,,,,,216.600,-0.21454,-18,-34.07
,,,,,,,,,,,,,,,,,,,,,,,,,,,,,,,,,,,,,,,,,,,,216.800,-0.21473,-20,-49.38
,,,,,,,,,,,,,,,,,,,,,,,,,,,,,,,,,,,,,,,,,,,,217.000,-0.21492,-25,-56.67
,,,,,,,,,,,,,,,,,,,,,,,,,,,,,,,,,,,,,,,,,,,,217.200,-0.21510,-27,-56.71
,,,,,,,,,,,,,,,,,,,,,,,,,,,,,,,,,,,,,,,,,,,,217.400,-0.21530,-30,-59.16
,,,,,,,,,,,,,,,,,,,,,,,,,,,,,,,,,,,,,,,,,,,,217.600,-0.21548,-31,-63.57
,,,,,,,,,,,,,,,,,,,,,,,,,,,,,,,,,,,,,,,,,,,,217.800,-0.21573,-34,-57.33
,,,,,,,,,,,,,,,,,,,,,,,,,,,,,,,,,,,,,,,,,,,,218.000,-0.21595,-35,-38.75
,,,,,,,,,,,,,,,,,,,,,,,,,,,,,,,,,,,,,,,,,,,,218.200,-0.21598,-29,-16.68
,,,,,,,,,,,,,,,,,,,,,,,,,,,,,,,,,,,,,,,,,,,,218.400,-0.21600,-25,-4.05
,,,,,,,,,,,,,,,,,,,,,,,,,,,,,,,,,,,,,,,,,,,,218.600,-0.21600,-21,-1.27
,,,,,,,,,,,,,,,,,,,,,,,,,,,,,,,,,,,,,,,,,,,,218.800,-0.21600,-19,-0.03
,,,,,,,,,,,,,,,,,,,,,,,,,,,,,,,,,,,,,,,,,,,,219.000,-0.21600,-16,
